"10 Odos",1
"11 Odos",1
"15 Ianouariou",1
"17 Odos",1
"1 Apriliou",3
"1hs Apriliou",1
"1 Iouniou",1
"1is Apriliou",1
"1 Maiou",1
"1 Odos",1
"1 Oktovriou",2
"1st April",1
"1st Apriliou",5
"21 Odos",1
"22 Odos",1
"24 Odos",1
"25 March",1
"25 Martiou",7
"26 Odos",1
"28 October",1
"28 Odos",1
"28 Oktovriou",3
"28th October",4
"28th Octovriou",1
"29 Odos",1
"30 Odos",1
"31 Odos",1
"32 Odos",1
"33 Odos",1
"35 Odos",1
"36 Odos",1
"37 Odos",1
"38 Odos",1
"39 Odos",1
"3 Odos",1
"3rd August",1
"40 Odos",1
"41 Odos",1
"42 Odos",1
"43 Odos",1
"45 Odos",1
"47 Odos",1
"49 Odos",1
"50 Odos",1
"51 Odos",1
"52 Odos",1
"53 Odos",1
"54 Odos",1
"55 Odos",1
"56 Odos",1
"57 Odos",1
"58 Odos",1
"59 Odos",1
"61 Odos",1
"7 Odos",1
"9 Odos",1
"9th July",1
"9th July Street",1
"9th of July",1
"Achaias",3
"Achaion",3
"Acharnon",2
"Acheleia",1
"Acheloou",1
"Acheon",1
"Achepans",2
"Acheritou",1
"Achiepiskopou Makariou III",2
"Achilea",1
"Achileos",4
"Achilleos",4
"Achnas",1
"Adamantiou Korai",5
"Admitou",1
"Adonidos",3
"Adonis",1
"Adrianoupoleos",1
"Afaneias",1
"Afanias",1
"Afentrikas",1
"Afetrikas",1
"Afiou Spyridonos",1
"Afrikis",1
"Afroditis",4
"Afroditis Gardens",1
"Aftokrateiras Theodoras",1
"Aftokratiras Theodoras",1
"Aftokratoros Ioustinianou",1
"Agamemnonos",3
"Agapinoros",2
"Agapinoros Avenue",1
"Agapiou Aristodimou",1
"Agapis",1
"Agaristis",1
"Agathagelou Christodoulou",1
"Agathonos",1
"Aggelikis Pasxalidou",1
"Aggelon",1
"Aggelou Sikelianou",3
"Agia",1
"Agia Anna",1
"Agia Anna Street",1
"Agia Eirini",1
"Agia Eleousa",1
"Agia Marina",2
"Agia Marina (Skylloura)",1
"Agia Marinouda",1
"Agias",1
"Agias Aikaterinis",3
"Agias Annis",2
"Agias Christinas",1
"Agias Eftychias",1
"Agias Eirinis",2
"Agias Ekaterinis",1
"Agias Elenis",4
"Agias Foteinis",2
"Agias Galatianis",1
"Agias Irinis",1
"Agias Kassianis",1
"Agias Lavras",3
"Agias Marinas",7
"Agias Mavris",1
"Agias Napas",1
"Agias Paraskevis",3
"Agias Pylis",1
"Agias Sofias",4
"Agias Sophias",4
"Agias Theklas",3
"Agias Theklis",2
"Agias Triados",3
"Agias Troiados",1
"Agias Varnavas",1
"Agias Varvaras",2
"Agias Vrionis",1
"Agias Zonis",1
"Agia Varvara",2
"Aginoros",1
"Agioi Iliofotoi",1
"Agioi Trimithias",1
"Agioi Vavatsinias",1
"Agion Anargiron",1
"Agion Anargiron Avenue",1
"Agion Anargyron",2
"Agion Apostolon",1
"Agion Konstantinou & Elenis",1
"Agion Pente",1
"Agion Saranta",3
"Agios Amvrosios",1
"Agios Athanasios",1
"Agios Dimitrianos",1
"Agios Dimitrios",1
"Agios Dometios",1
"Agios Epifanios Oreinis",1
"Agios Epifanios Soleas",1
"Agios Georgios",3
"Agios Georgios Lefkas",1
"Agios Ioannis",2
"Agios Ioannis Malountas",1
"Agios Ioannis (Selemani)",1
"Agios Isidoros",1
"Agios Konstantinos",1
"Agios Mamas",1
"Agios Neofytos Avenue",1
"Agios Nikolaos",1
"Agios Nikolaos Lefkas",1
"Agios Pavlos",1
"Agios Sozomenos",1
"Agios Theodoros",2
"Agios Theodoros Tilliria",1
"Agios Therapon",1
"Agios Thomas",1
"Agios Tychonas",1
"Agios Vasileios",1
"Agiou Afxentiou",1
"Agiou Alexiou",1
"Agiou Ambrosiou",2
"Agiou Andreou",1
"Agiou Andronikou",3
"Agiou Antoniou",3
"Agiou Artemiou",2
"Agiou Athanasiou",2
"Agiou Avgoustinou",1
"Agiou Charalampous",1
"Agiou Chrisostomou",2
"Agiou Christodoulou",1
"Agiou Chrysanthou",1
"Agiou Chrysostomou",1
"Agiou Damianou",1
"Agiou Dimitrianou",1
"Agiou Dimitriou",3
"Agiou Dionysiou",1
"Agiou Dioskourou",1
"Agiou Dometiou",2
"Agiou Efimianoy",1
"Agiou Efraim",2
"Agiou Efthimiou",1
"Agiou Efthymiou",1
"Agiou Eleutheriou",1
"Agiou Epifaniou",4
"Agiou Epiktitou",1
"Agiou Epiphaniou",1
"Agiou Ermolaou",1
"Agiou Fanouriou",1
"Agiou Filonos",1
"Agiou Foka",1
"Agiou Fotiou",2
"Agiou Fragiskou Assizis",1
"Agiou Francis",1
"Agiou Gabriel",1
"Agiou Georgiou",14
"Agiou Georgiou Arperas",1
"Agiou Gerasimou",1
"Agiou Grigoriou",3
"Agiou Iakovou",2
"Agiou Ilariona",1
"Agiou Ilarionos",1
"Agiou Ilias",1
"Agiou Illarionos",1
"Agiou Ioakim",1
"Agiou Ioanni",2
"Agiou Ioanni Prodromou",1
"Agiou Ioannou",1
"Agiou Ioannou Chrisostomou",1
"Agiou Iosif",1
"Agiou Isidorou",1
"Agiou Konona",2
"Agiou Konstantinou",2
"Agiou Kosma",1
"Agiou Lambrianou",1
"Agiou Lavrentiou",1
"Agiou Lazarou",1
"Agiou Mama",1
"Agiou Mamantos",2
"Agiou Meletiou",2
"Agiou Menelaou",2
"Agiou Mesrop",1
"Agiou Nektariou",3
"Agiou Neofitou",4
"Agiou Neofytou",1
"Agiou Nikolaou",10
"Agiou Onisiphorou Avenue",1
"Agiou Panaretou",1
"Agiou Panteleimona",1
"Agiou Panteleimonos",1
"Agiou Pavlou",1
"Agiou Polykarpou",1
"Agiou Prokopiou",2
"Agiou Rafail",1
"Agiou Raphael",1
"Agiou Savva",3
"Agiou Serafeim",1
"Agiou Sergiou",3
"Agiou Silouanou",1
"Agiou Simonos",1
"Agiou Sofroniou",2
"Agiou Spyridonos",5
"Agiou Stefanou",1
"Agiou Stefanou Rd",1
"Agiou Stylianou",1
"Agiou Theodorou",4
"Agiou Theodosiou",1
"Agiou Therapontos",1
"Agiou Therissou",1
"Agiou Thoma",2
"Agiou Tychona",1
"Agiou Vasileiou",1
"Agisandrou",1
"Agisilaou",2
"Aglandjia",1
"Aglangias",1
"Agnooumenon",2
"Agnostou Stratioti",1
"Agoniston",1
"Agrafon",1
"Agridia",1
"Agriniou",3
"Agriniou Street",1
"Agrokipia",1
"Agros",1
"Ahilleos Kourtelli",1
"Ahmet Kenan",1
"Ahmet Muhtar Pasa",1
"Aiakeiou",1
"Aianta",1
"Aiantos",3
"Aidipsou",1
"Aidonon",2
"Aigaiou",1
"Aiginis",4
"Aigiou",2
"Aiglis",1
"Aigyptou",1
"Aiolou",4
"Aiolus",1
"Aipeias",3
"Aischlitou",1
"Aischylou",4
"Aisopou",3
"Aisopou Street",1
"Aisxylou",1
"Aitheros",2
"Aitoloakarnanias",1
"Aitolon",1
"Ajax",1
"Akadimou",1
"Akaki",1
"Akamantidos",1
"Akamantos",2
"Akamantos Avenue",2
"Akamatos Avenue",1
"Akanthous",5
"Akapnou",1
"A. Kariou Street",1
"Ak Deniz",1
"Akoursos",1
"Akoursou",1
"Akropoleos",7
"Akropoleos Ave",1
"Akropolis Pedestrian Path",1
"Akrotiri (village)",1
"Akrounta",1
"Aktis",1
"Alamanas",3
"Alampra",1
"A. Lamprianou",1
"Alassa",1
"Aleas Athinas",1
"Alekou Panagouli",2
"Alekou Valkia",1
"Aleksandrou Ypsilanti",2
"Alektora",1
"Alemdar",1
"Alevga",1
"Alexandras",1
"Alexandreias",1
"Alexandrias",1
"Alexandrou",1
"Alexandrou Ipsilanti",2
"Alexandrou Panagouli",2
"Alexandrou Papadiamanti",3
"Alexandrou Papagou Avenue",1
"Alexandroupoleos",2
"Alexandroupoleos Avenue",1
"Alexandrou Ragkavi",1
"Alexandrou Ypsilanti",1
"Alexandrou Zarra",1
"Alfeiou",1
"Alfredou",1
"Ali Aga",1
"Aliakmonos",2
"Ali Dede",1
"Alikarnasou",1
"Alineris",1
"Alithinou",1
"Alkaiou",3
"Alkamenous",1
"Alkimou",1
"Alkiviadou",1
"Alkminis",1
"Allagis",1
"Almirou",1
"Aloes",2
"Alona",1
"Alonia",1
"A. Louka",1
"Alpeon",1
"Alsoupoleos",1
"Alvanikou Epous",1
"Alvertou",1
"Amaliados",1
"Amaltheias",2
"Amargeti",1
"Amaryllidos",1
"Amathountos",5
"Amathus",1
"Amazoniou",2
"Amazonon",1
"Amdrea Mappoura",1
"Amfilohias",1
"Amfipoleos",1
"Amfissis",1
"Amfitrionos",1
"Amfitritis",1
"Amiantos",1
"Ammadies",1
"Ammochostou",7
"Ammochostou Avenue",1
"Ammohostou Street",1
"Ammoxostou",1
"Amorgou",2
"Ampelias",1
"Ampelikou",1
"Ampelokipon",1
"Amphilochias",1
"Amphitritis",1
"Anadiou",1
"Anafertou",1
"Anafis",3
"Anageia",1
"Anagenniseos",1
"Anakreontos",1
"Analiontas",1
"Anania",1
"Anapafseos",1
"Anapauseos",2
"Anarita Bypass",1
"Anaritas",1
"Anastaseos",1
"Anatolis",1
"Anavargou Avenue",1
"Anavou",1
"Anavyssou",1
"Anaxagorou",3
"Anaximandrou",1
"Andrea Assioti",1
"Andrea Avramidi",1
"Andrea Charalampidi",1
"Andrea Charalampous",1
"Andrea Charalmpidi",2
"Andrea Chatzitheori",1
"Andrea Christodoulou",1
"Andrea Demitriou",1
"Andrea Dimitriou",1
"Andrea Ellina",2
"Andrea Evripidou",1
"Andrea Geroudi",1
"Andrea Iasonos",1
"Andrea Ioannou",1
"Andrea Iordanou",1
"Andrea Kalvou",2
"Andrea Kariou",1
"Andrea Karkavitsa",3
"Andrea Karyaou",1
"Andrea Karyou",1
"Andrea Katzi",1
"Andrea Kesta",1
"Andrea Kyriakou",1
"Andrea Lardou",1
"Andrea Makariou",1
"Andrea Miaouli",3
"Andrea Michaelidi",1
"Andrea Mouzaki",1
"Andrea Neokleous",1
"Andrea Nikolaou",1
"Andrea Nikoli",1
"Andrea Omirou Avenue",1
"Andrea Panagidi",1
"Andrea Panayidi",1
"Andrea Paraskeua",1
"Andrea Paraskeva",1
"Andrea Pipinou",1
"Andrea Souroukli",4
"Andrea Souroukly",1
"Andrea Steliou",1
"Andrea Strouthidi",2
"Andrea Stylianou",3
"Andrea Themistokleous",1
"Andrea Theodosiou",2
"Andrea Tselepou",2
"Andrea Tseleppou",1
"Andrea Vlami",2
"Andrea Voskou",1
"Andrea Xatzitheori",1
"Andrea Zakou",4
"Andrianoupoleos",2
"Androkleous",2
"Androlykou",1
"Andromachis",2
"Androu",1
"Aneksartisias",1
"Aneksartisias Avenue",2
"Anemomilou",1
"Anemonas",1
"Anemonis",3
"Anexartisias",7
"Anexartisias Avenue",1
"Angastinas",1
"Angelou Sikelianou",1
"Angelou Vlachou",1
"Angolemi",1
"Annas Maimari",2
"Annochostou",1
"Anodou",1
"Anogyra",1
"Anoikodomiseos",1
"Anoikseos",1
"Anoixeos",2
"Anoixis",1
"Antaiou",2
"Antheon",4
"Anthimou Gazi",1
"Anthimou Panaretou",1
"Anthipolochagou Georgiou Savva",2
"Anthoupolis",1
"Antifanous",1
"Antigonis",1
"Antigonou",3
"Antina Arhou",1
"Antiochou",2
"Antiopis",1
"Antipa",1
"Anti Papadopoulou",1
"Anti Pernari",2
"Antistaseos",3
"Antisthenous",1
"Antochis",1
"Antonaki Kalli",1
"Antonaki Manoli",1
"Antoni Azina",1
"Antoni Dimosthenous",1
"Antoni Gerasimou",1
"Antoni Klokkari",1
"Antoni Lamprou",1
"Antoni Nikola",1
"Antoni Papadopoulou",1
"Antrea Panagiotou",1
"Antrea Zakou",1
"Apatharikou",1
"Apelli",1
"Apesia",1
"Aphrodite of Golgoi",1
"Aphrodites",1
"Aphrodites Avenue",1
"Aphroditis",2
"Apliki",1
"Apollodorou",1
"Apollona",3
"Apollon Avenue",1
"Apollonos",3
"Apostolou Andrea",8
"Apostolou Filipou",1
"Apostolou Kouri",1
"Apostolou Kourri",2
"Apostolou Louka",5
"Apostolou Markou",1
"Apostolou Matthaiou",1
"Apostolou Paulou",1
"Apostolou Pavlou",3
"Apostolou Pavlou Avenue",1
"Apostolou Petrou",1
"Apostolou Varnava",7
"Appidakiou",1
"Appis",1
"Apsiou",1
"Arachovas",2
"Arakapas",1
"Aram Kalaitzian",1
"Archaggelon",1
"Archaggelou Michael",1
"Archailaou",1
"Archangelou Gavriil",2
"Archangelou Michail",1
"Archiepiskopou Anthemiou",1
"Archiepiskopou Kyprianou",10
"Archiepiskopou Leontiou",1
"Archiepiskopou Leontiou I",2
"Archiepiskopou Makariou",1
"Archiepiskopou Makariou III",15
"Archiepiskopou Makariou III Avenue",1
"Archiepiskopou Mariou III",1
"Archiepiskopou Paisiou",2
"Archimidou",1
"Archimidous",3
"Archipliarhou Andrea Ioannidi",1
"Arch. Makariou III",1
"Arediou",1
"Areos",4
"Aresti Papaonisiforou",1
"Aresti Sergiou",1
"Aresti Sokratous",1
"Arethousis",1
"Aretousas",1
"Argaka",1
"Argaki",1
"Argolidos",3
"Argonafton",1
"Argous",1
"Argyrokastrou",4
"Arhelaou",1
"Arhiepiskopou Kyrillou II",1
"Arhimandriti Makariou Maheriotou",1
"Ari",1
"Ariadnis",2
"Ariadnis Nikolaou",1
"Arionos",3
"Aris",1
"Aristarchou",2
"Aristarchou Dimitriou",1
"Aristeidi Tziamali",1
"Aristeidi Tzimali",1
"Aristeidou",3
"Aristofanous",3
"Aristomenous",1
"Aristoteli Kapsosideri",1
"Aristoteli Valaoriti",4
"Aristotelous",3
"Aristotelous Kyprianou",1
"Aristotelous Savva",1
"Aritis",1
"Arkadias",2
"Arkadias St",1
"Arkadiou",3
"Arktourou",1
"Armenian Church Street",1
"Armenias",2
"Armenochori",1
"Armonias",2
"Arsinoes",1
"Arsinois",6
"Arsos",2
"Arsous",1
"Artas",6
"Artemidos",7
"Artemiou Frantzeskou",1
"Arvelas",1
"Asgata",1
"Askas",1
"Askeias",1
"Asklipiou",2
"Askou",1
"Aspasias",1
"Asprogia",1
"Asprogis",1
"Asprospilliou",1
"Assias",4
"Assou",1
"Asteron",1
"Astromeritis",1
"Astypalaias",1
"Astypaleas",1
"Atalantis",2
"Athanasias",1
"Athanasiou Diakou",6
"Athanasiou Sakelariou",1
"Athenon",1
"Athinadorou",1
"Athinagorou",1
"Athinas",4
"Athinon",5
"Athinon Avenue",1
"Atlantidon",1
"Atlantidos",3
"Atlantos",1
"Atreidon",1
"Attaleias",1
"Attikis",5
"Australias",2
"Autokratoros Theofilou",1
"Auxentiou",1
"Avakas Gorge Road",1
"Avdimon",1
"Avdimou",1
"Ave. Arx. Makariou III",1
"Avenue Georgiou Kleanthous",1
"Avgerinou",2
"Avikenna",1
"Avlichou",1
"Avlidos",2
"Avlona",1
"Avlonas",2
"Avrosynis",1
"Axeritou",1
"Axiotheas",2
"Axiou",1
"Axylou",1
"Ayapinoros",1
"Ayia Irini",1
"Ayia Marina Chrysochous",1
"Ayia Marina Kelokedharon",1
"Ayias Annas",2
"Ayias Faneromenis",1
"Ayias Kyriakis",3
"Ayias Lavras",1
"Ayias Mavris",1
"Ayia Sophia Square",1
"Ayias Paraskevis",1
"Ayias Sophias",1
"Ayias Theklas",1
"Ayias Varvaras",1
"Ayion Afxentiou & Efstathiou",1
"Ayion Apostolon",1
"Ayios Georgios",1
"Ayios Therapon",1
"Ayiou Agapitikou",1
"Ayiou Andronikou",2
"Ayiou Antoniou",1
"Ayiou Georgiou",1
"Ayiou Georgiou Kontou",1
"Ayiou Georgiou Makri",1
"Ayiou Kendea",1
"Ayiou Kendeou",1
"Ayiou Lazarou",1
"Ayiou Mina",1
"Ayiou Nektariou",1
"Ayiou Orous",1
"Ayiou Panteleimonos",1
"Ayiou Savva",1
"Ayiou Sinesiou",1
"Ayiou Spyridona",1
"Ayiou Stefanou",1
"Ayiou Stylianou",1
"Ayiou Thoma",2
"Ayiou Vasiliou",1
"Ayiou Xenofontos",1
"Ayoras",1
"Azzuro",1
"Bach",1
"Barmparoz",1
"Bekir Pasa",1
"Belapais",1
"Bellapais",1
"Belogianni",1
"Betinos",1
"Beykeuy",1
"Biotechniki Periochi",1
"Bogaziou",2
"Bougiouk Tzami",1
"Boumpoulinas",1
"Bratislava",1
"Chaironeias",1
"Chalefkas",2
"Chalkidas",1
"Chalkidikis",3
"Chalkidonos",1
"Chalkidos",2
"Chamit Bei",1
"Chandria",1
"Chanion",3
"Charalambos Fournides",2
"Charalambou Patsidi",1
"Charalampou Kalaitzi",1
"Charalampou Karagianni",1
"Charalampou Mouskou",4
"Charalampou Palma",1
"Charalampou Pettemeiridi",1
"Charalampou Pettemeridi",1
"Charalampou Philippou",1
"Charalampous Kalaitzi",1
"Charilaou Michail",2
"Charilaou Pisthenti",1
"Charilaou Trikoupi",1
"Charilaou Trikouri",1
"Charitos",1
"Chatziforadi",1
"Chatzioikonomou",1
"Chatziorfanou",1
"Chilonos",1
"Chimairas",1
"Chiou",6
"Chlois",1
"Chlorakas",1
"Chloridos",1
"Choirokoitia",1
"Choletria",1
"Choli",1
"Cholidos",1
"Chorofylakis",1
"Choulou",1
"Chrisostomou",1
"Chrisoupoleos",2
"Christaki Ptochopoulou",1
"Christodoulou Erota",1
"Christodoulou Galatopoulou",2
"Christodoulou Laouri",1
"Christodoulou Mazanaki",1
"Christodoulou Mazaraki",1
"Christodoulou Panagi",1
"Christodoulou Papanikopoulou",2
"Christodoulou Polydorou",1
"Christodoulou Sozou",2
"Christofi Eleftheriou",1
"Christofi Vasileiou",1
"Christoforou Savva",1
"Christou Aristodimou",1
"Christou Combou",1
"Christou kai Zinonos Pafiti",1
"Christou Kapsali",1
"Christou Karatza",1
"Christou Karatzia",1
"Christou Kefaloniti",1
"Christou Kkeli",2
"Christou Kkeli Avenue",1
"Christou Kosta",1
"Christou Samara",2
"Christou Vizakou",1
"Chr. Kazazi Street",1
"Chr. Kouppa",1
"Chrysanthemon",3
"Chrysanthou Mylona",1
"Chrysochou",1
"Chrysopolitissis",1
"Chrystallas Christofi",1
"Chrystallas Ioannou",1
"Chrystodoulou Iakovidi",1
"Chytron",2
"Constantias",1
"Constantinou Kalogera",1
"Constantinou Kanari",1
"Constantinou Kanari Street",1
"Constantinou Palaiologou",1
"Coral Bay Avenue",1
"Costa Markidi",1
"Costi Palama",1
"Cristou Argyrou",1
"Dafnidos",1
"Daidalou",5
"Dali",1
"Damonos",1
"Dam Service Road",1
"Dam Servive Road",1
"Danaes Avenue",1
"Danaon",2
"Danti",1
"Darvinou",1
"Dasos Pikni",1
"Davlou",1
"D. Chamatsou",1
"Defkalionos",1
"Deinokratous",1
"Delfon",4
"Delikipos",1
"Delmouzou",1
"Demetri Kallergi",1
"Demetri Liperti",1
"Demetriou Georgiou",1
"Demetriou Tyrimou",1
"Demetris Ipsilantis",1
"Demitraki Dianellou",1
"Democracy Avenue",1
"Deneia",1
"Denousis",1
"Dervenakion",1
"Dervis Yiousouf",1
"Desdaimonas",1
"Despoinas Irakli",1
"Deukalionos",1
"Dhekelia Rd",3
"Dhekelia Road",1
"Dhrousha",1
"Diagorou",4
"Diattonton",1
"Didimotichou",1
"Didymoteixou",1
"Dierona",1
"Digeni Akrita",3
"Digheni Akrita",1
"Dikomou",3
"Dilou",3
"Dimitraki Adamou",1
"Dimitraki Koumantari",1
"Dimitraki Savva",1
"Dimitras",5
"Dimitri Chamatsou",2
"Dimitri Christodoulou",1
"Dimitri Hadjiantoni",1
"Dimitri Hamatsou",2
"Dimitri Konstantinou",1
"Dimitri Limperti",1
"Dimitri Liperti",4
"Dimitriou Dimitriadi",1
"Dimitriou Georgiou",1
"Dimitriou Gounari",1
"Dimitriou Hamatsou",1
"Dimitriou Koutoumanou",1
"Dimitriou Margariti",1
"Dimitriou Mavrogenous",2
"Dimitriou Ypsilanti",1
"Dimitriou Zinieri",2
"Dimitriou Ziniery",1
"Dimitri Xadjidimitriou",1
"Dimitri Ypsilanti",1
"Dimitsanas",1
"Dimma",1
"Dimofontos",1
"Dimokratias",10
"Dimokratias Avenue",1
"Dimokritou",2
"Dimonikou",1
"Dimosthenous",2
"Dimosthenous Georgiou",1
"Dimosthenous Severi",1
"Dimotikis Agoras",2
"Dimotikou Scholeiou",1
"Dimotikou Stadiou",1
"Dimou Alexandrou",1
"Dinarchou",1
"Diofantou",1
"Diogenous",3
"Diomidous",2
"Dionisiou Solomou",1
"Dionysion",1
"Dionysiou Solomou",6
"Dionysiou Solomu",1
"Dionysou",4
"Dios",1
"Dioskouron",1
"Dios Polieos",2
"Diplotremithon",1
"D. N. Dimitriou",1
"Dodekanisou",1
"Dora",1
"Doriaion",1
"Doriforon",1
"Doros",1
"Dositheou",1
"Doureiou Ippou",2
"Dousmani B",1
"Doxas",1
"Dragoumi",2
"Drakou",1
"Dramas",4
"Dr Eyip Nertzemetin",1
"Driadon",2
"Dromolaxias",2
"Drosini",1
"Drymou",1
"Dryos",1
"Dymes",1
"Dyo Potamoi",1
"Eantos",1
"Earos",1
"Edessis",3
"Efesou",5
"Efkleidi",1
"Efklou",1
"Efrosinis Tarsi",2
"Efstathiou Laouri",1
"Efterpis",1
"Efthimiou Kerpente",1
"Efxeinou Pontou",2
"Efxinou Pontou",2
"Egaleon",1
"Egklistras",1
"Egkomis",2
"Egnatias",1
"Einar Gjestard",1
"Einstein",1
"Eirinis",1
"Eirinis kai Filias",1
"Ekalis",3
"Ekatis",2
"Ekavis",2
"Ekklissias Agiou Ioannou",1
"Ektoros",4
"Elaionon",2
"El Alamein",1
"Elassonas",2
"Eledio",1
"Elefsinas",1
"Elefsinos",2
"Elefteriou Venizelou",1
"Eleftherias",8
"Eleftherias Avenue",1
"Eleftherias Street",1
"Eleftheriou Aristodemou Avenue",1
"Eleftheriou Eftychiou",1
"Eleftheriou Venizelou",5
"Elenis Foka",1
"Elenis Kaspari St",1
"Elenis Kouloumou",1
"Eleousis",1
"Eleutherias",1
"Eleutherias Avenue",2
"Eleutheriou Chandrinou",1
"El Greco",2
"Elia",1
"Elias tou Vatani",1
"Ellados",5
"Ellados Ave",1
"Ellina",1
"Ellinotourkikis Filias",1
"Ellis",1
"Ellispontou",3
"Elpidas",1
"Elpidos",4
"Emmanouil Xanthou",1
"Empas Avenue",1
"Empedokleous",1
"Empedokli",1
"Enatis Iouliou",1
"Endymionos",1
"Engomi",1
"Eniou",1
"Enomenon Ethnon",1
"Enotitos",1
"Epafras",1
"Epameinonda Deligiorgi",1
"Epaminonda",1
"Epicho",1
"Epidavrou",2
"Epikourou",1
"Epiktitou",1
"Episkopeio",1
"Episkopi",2
"Eptagoneia",1
"Eptakomis",2
"Eptanisou",2
"Eratosthenous",2
"Eratous",2
"Erectheiou",1
"Erehtheiou",2
"Eressou",1
"Ergates",1
"Erimi",1
"Ermou",4
"Ermou Street",1
"Erofilis",1
"Erotokritou",1
"Erzouroum",1
"Eschilou",1
"Esperidon",4
"Estiadon",1
"Estias",3
"Eteandrou",1
"Ethnegersias",1
"Ethnon",1
"Euagora Pallikaridi",1
"Eukleidou",1
"Euzonon",1
"Evaggelou Iordanou",1
"Evagora Laniti",1
"Evagora Palikaride",2
"Evagora Palikaridi",2
"Evagora Pallikaridi",11
"Evagora Papachristoforou",1
"Evagora Pieridi",1
"Evagorou",3
"Evagorou Ave",1
"Evangelou Chatziioannou",1
"Evangelou Papanoutsou",1
"Evimerias",1
"Evoias",3
"Evretou",1
"Evridikis",2
"Evripidi Charalampous",1
"Evripidou",3
"Evripidou Charalampous",1
"Evropis",3
"Evropis Avenue",2
"Evrota",2
"Evrou",4
"Evrychou",1
"Evrytanias",1
"Evryviadou",1
"Evzonon",2
"Exarchou",1
"Exegerseos",1
"Exometochi",1
"Exo Vrisis",1
"Ezekia Papaioannou",3
"Faidras",1
"Faleia",1
"Falirou",4
"Fanariou",2
"Faneromenis",1
"Faneromenis Ave",1
"Fani Theofanous",1
"Faragi Avaka",1
"Farmakas",1
"Farou",2
"Farsalon",2
"Fasli",1
"Fasoula",2
"Fatih",2
"Favo 7415",1
"Fazil Koutsouk",1
"Feidia Stokkou",2
"Feidiou",1
"Fellahoglu",1
"Fgiannaki Stefanidi",1
"Fikardou",1
"Filellinon",3
"Filias",5
"Filias Eirinis",1
"Filikis Etaireias",1
"Filikis Etairias",1
"Filimona",1
"Filiou Tsigaridi",2
"Filiou Zannetou",1
"Filippou",1
"Filippou Antoniadi",1
"Filippou Kritioti",1
"Filippou Loizou",1
"Filippou Papalouka",1
"Filoktitou",1
"Filokyprou",1
"Filomenis",1
"Filomilas",1
"Filonois",1
"Filopappou",2
"Filotheas",2
"Filotheis",1
"Filyras",1
"Flasou",1
"Flemig",1
"Florinis",2
"Foini",1
"Foinikaria",1
"Foinikas",1
"Foinikias",1
"Fokidos",2
"Fokionos",1
"Foti Kontoglou",1
"Foti Pitta",8
"Fragkopoulou Fragkou",1
"Fragou",1
"Franklinou Rousvelt",1
"Franzeskos In",2
"Franzeskos Out",2
"Franz Schubert",1
"Friedrich Nietzsche",1
"Frixou Panagiotou",2
"Frynis",1
"Fterikoudi",1
"Fthiotidos",1
"Fuzuli",1
"Fyllia",1
"Fyti]",1
"Gabriel Zenobiou",1
"Galata",1
"Galatias Zinonos",1
"Galaxia",1
"Galilaiou",1
"Galileou",1
"Galini",1
"Galinis",2
"Galinou",1
"Galvani",1
"Ganymidous",1
"Garaon",1
"Gargareon",1
"Garivaldi",1
"Garyfalion",1
"Gastras Street",1
"Gavgamilon",1
"Gavour Imam",1
"Gazil Osman",1
"Genagron",2
"Gennadiou Georgiou",1
"Georgia Kyriakidou",1
"Georgias Kai Marias Tirimou",1
"Georgias Kyriakidou",1
"Georgiou",2
"Georgiou Adamou",1
"Georgiou A. Georgiadi",1
"Georgiou Averof",1
"Georgiou Azina",1
"Georgiou Charalampous",2
"Georgiou Chatzidimosthenous",1
"Georgiou Christofidi",1
"Georgiou Christoforou",1
"Georgiou Drosini",2
"Georgiou Drousioti",1
"Georgiou Ellina",1
"Georgiou Fotiou",3
"Georgiou Griva Digeni",4
"Georgiou Ioannidi",1
"Georgiou Irodotou",1
"Georgiou Karaiskaki",7
"Georgiou Kariou",1
"Georgiou Karyou",1
"Georgiou Katsani",1
"Georgiou Konstantinidi",1
"Georgiou Lapithi",1
"Georgiou Menelaou",1
"Georgiou Nearchou",1
"Georgiou Neofytou",1
"Georgiou Nikolaou",1
"Georgiou Oikonomou",1
"Georgiou Papaflesa",1
"Georgiou Papandreou",1
"Georgiou Papaverkiou",3
"Georgiou Pavlidis",1
"Georgiou P. Georgiou",1
"Georgiou Pirou",2
"Georgiou Pitrou",2
"Georgiou Sachtouri",1
"Georgiou Seferi",8
"Georgiou Souri",2
"Georgiou Stylianou",2
"Georgiou Theotoka",1
"Georgiou Tooulou",2
"Georgiou Vizyinou",1
"Georgiou X. Stefanou",1
"Georgiou Zapiti",1
"Gerakies",1
"Geraniou",1
"Geranon",1
"Gerasa",1
"Geri",1
"Germanou Palaion patron",1
"Germasogeia",1
"Gerolakkos",1
"Geropapa",1
"Gerovasa",1
"Gerovrachimou Savva",1
"Giagkou Mixhailidi",1
"Giagkou Souroulla",1
"Giallourou",1
"Gialousas",4
"Gialoussas",1
"Giannaki Aeroporou",1
"Giannaki Kapitani",1
"Giannaki Konstantinou",1
"Giannaki M. Talioti",1
"Giannaki Stefanidi",1
"Gianni Aristodemou",1
"Gianni Irodotou",1
"Gianni Markopoulou",2
"Gianni Psychari",1
"Gianni Ritsou",4
"Giannis Siamma",1
"Giannou Kranidioti",5
"Giarou",1
"Giganton",1
"G. Ioannou",1
"Giorgalli Giorgalli",1
"Giorgou Christodoulidi",2
"Giouri Gagarin",1
"Giouri Gkagkarin",1
"Gipsou",1
"Gladstonos",1
"Glafkou Alithersi",1
"Glifadas",1
"Glinou",1
"Glyfadas",2
"Goethe",1
"Golgon",2
"Gönyeli",1
"Gordiou Desmou",1
"Goudi",1
"Gourri",1
"Grammou",2
"Granikou",2
"Gravias",2
"Grevenon",3
"Grigori Afxentiou",19
"Grigori Afxentiou Avenue",1
"Grigori Auxentiou",2
"Grigoriou Afxentiou",1
"Grigoriou Lambraki",1
"Grigoriou Papaflesa",1
"Grigoriou Papaflessa",1
"Grigoriou Xenopoulou",2
"Grigori Xenopoulou",1
"Griva Digeni",8
"Griva Digeni Avenue",1
"Groumperon",1
"Gyarou",1
"Gypsou",2
"Hadidje",1
"Hadji Ibrahim",1
"Hadli Omer",1
"Hajifilippou",1
"Halkidos",1
"Hariton",1
"Harrigei",1
"Hellados Avenue",1
"Hepahaistos",1
"Hermes",1
"Hrisostomou Smirnis",1
"Hurriyet",1
"Huseyin Niyazi",1
"Iakobou Kaspari",1
"Iakovou Christodoulidi",1
"Iakovou Iakovidi",1
"Iakovou Markou",1
"Iakovou Patatsou",2
"Iakovou Strongylou",1
"Iasonos",6
"Iatrou Fomplant",1
"Ibrahim",1
"Icarus",1
"Ichous",1
"Idaliou",2
"Idras",1
"Idrohoou",1
"Ieremiou",1
"Ierokipion",1
"Ieronymou Peristiani",1
"Ieronymou Varlaam",1
"Ierou Lohou",2
"Ifaistou",1
"Ifestou",3
"Ifigeneias",4
"Igoumenitsas",1
"Igoumenou Leontiou Avenue",1
"Ihsan Ali",1
"Ikarias",1
"Ikarou",4
"Ikoniou",1
"Ileias",1
"Ilektras",5
"Iliados",1
"Ilia Papakyriakou",1
"Ilia Tantalidi",1
"Ilia Tofari",1
"ilia Tziampatzi",1
"Ilia Venezi",2
"Ilision",2
"Ilision Pedion",1
"Ilisou",2
"Ilysion",1
"Imia",1
"Imittou",1
"Imvrou",3
"Industrial Area Athienou",1
"Inomenon Ethnon",1
"Inomenon Polition Amerikis",1
"Ioakastis",1
"Ioanni Agroti",1
"Ioanni Chakket",1
"Ioanni Damaskinou",1
"Ioanni Dynan",1
"Ioanni Gripari",1
"Ioanni Kakridi",1
"Ioanni Kapodistria",2
"Ioanni Kondylaki",1
"Ioanni Makrygianni",3
"Ioanni Marsellou",1
"Ioanni Miltonos",2
"Ioanni Molierou",1
"Ioanninon",2
"Ioanni Pasikrati",1
"Ioanni Polemi",2
"Ioanni Polemiti",1
"Ioanni Prodromou",1
"Ioannou Gladstonos",1
"Iona Nikolaou",2
"Ionias",2
"Ioniou Pelagous",1
"Ioniou Politeias",1
"Ionos Dragoumi",1
"Iordani Katsampi",1
"Iordanou Katsampi",1
"Iouliou Vern",1
"Ioustinianou",3
"Ipeirou",1
"Ipirou",1
"Ippokratous",4
"Ippoktatous",1
"Ippolitis",1
"Ipsipylis",1
"Irakleiou",1
"Irakleitou",1
"Irakleous",4
"Irakli Dimitiou",1
"Irakli Nikolaou",1
"Iras",3
"Iremias",1
"Irenes St",1
"Irinis",3
"Irodotou",3
"Irodotou Christodoulou",1
"Irodou Attikou",2
"Isaak & Solomou",1
"Isaak – Solomou",1
"Isaiou",1
"Isavellas",1
"Isidorou",1
"Isidorou Milisiou",1
"Isik",1
"Isiodou",1
"Ismet Inonu Sokak",1
"Isminis",2
"Isokratous",1
"Issandrou",1
"Issou",1
"Istiklal",1
"Istinjon",1
"Itchian Ali",1
"Ithakis",7
"Ithakis St",1
"Ivis Petridou",1
"Ivykou",1
"Jules Verne Str",1
"Kadmou",2
"Kafizi",1
"Kaisarianis",2
"Kaisi",2
"Kakkafkion",1
"Kakopetria",1
"Kalaitzi",1
"Kalamatas",2
"Kalamon",1
"Kalamou",1
"Kalampakas",2
"Kalavardon",1
"Kalavasos",1
"Kaliana",1
"Kalimnou",1
"Kalinousis Road",1
"Kalitheas",1
"Kallepia",1
"Kallikrati",1
"Kallikratous",1
"Kallirois",1
"Kalli Sakka",2
"Kallitheas",2
"Kalo Chorio",1
"Kalo Chorio Kapouti",1
"Kalo Chorio Oreinis",1
"Kalo Chorio Soleas",1
"Kalograion",1
"Kalopanagiotis",1
"Kalopsida",1
"Kalopsidas",1
"Kalymnou",4
"Kalypsous",2
"Kalyvakia",1
"Kalyvion",2
"Kamaron",1
"Kamil Pasa",1
"Kamil Tocan",1
"Kaminaria",1
"Kaminion",1
"Kampi",1
"Kampia",1
"Kampinariou",1
"Kampos",1
"Kampou",1
"Kampou Mesomerenas Avenue",1
"Kampou tis Maa",1
"Kanakarias",1
"Kanari",1
"Kaniggos",1
"Kanli",1
"Kannavia",1
"Kannaviou",1
"Kantaras",9
"Kantarenas",1
"Kantarkatson",1
"Kantou",1
"Kapedes",1
"Kapilio",1
"Kapnismaton",1
"Kapodistriou",1
"Karaiskaki",2
"Karamoullides",1
"Karaoli kai Dimitriou",1
"Karava",5
"Karchildonos",1
"Karditsas",3
"Kariatidon",1
"Kariou",1
"Karipi",1
"Karolou Darvinou",1
"Karousi",1
"Karpasias",5
"Karpasias Street",1
"Karpathou",2
"Karpenisiou",1
"Karpenisou",1
"Karyatidon",2
"Karyou",1
"Kasou",2
"Kaspion Pylon",1
"Kassandras",4
"Kassiopeias",1
"Kastalia",1
"Kastalias",2
"Kastellorizou",2
"Kastelorizou",4
"Kastorias",3
"Kataliontas",1
"Katerinis",1
"Katinas Paxinou",1
"Kato Akourdhalia",1
"Kato Alonion",1
"Kato Arodes",1
"Kato Deftera",1
"Kato Drys",1
"Kato Fraktis",1
"Kato Kivides",1
"Katokopia",1
"Katokopias",2
"Kato Koutrafas",1
"Kato Lefkara",1
"Kato Moni",1
"Kato Mylos",1
"Kato Pervolion",1
"Kato Platres",1
"Kato Polemidia",1
"Kato Pyrgos",1
"Kato Varosion",2
"Kato Vrysis",1
"Kato Zodeia",1
"Katydata",1
"Kavalas",3
"Kavazoglou kai Misiaouli",1
"Kazivera",1
"Keas",1
"Kedares",1
"Kedrou",1
"Kefalinias",1
"Kefallinias",3
"Kefalonias",1
"Kefalovrisou",1
"Kefalovrysou",1
"Kekropos",2
"Kellaki",1
"Kellia",1
"Kelokedara",1
"Kemal Ataturk",1
"Kenedy",1
"Kentavrou",1
"Kentea",1
"Keratidiou",1
"Kerkyras",9
"Keryneias",8
"Keryneias Street",1
"Kesarias",1
"Kidasi",1
"Kifisias",2
"Kifisou",1
"Kikeronos",2
"Kikladon",1
"Kikliki Leoforos",1
"Kiklopon",1
"Kileler",1
"Kilinia",1
"Kilkis",4
"Kimolou",1
"Kimonos",8
"King’s Holiday Apartments",1
"Kings Paradise",1
"Kinira",3
"Kinousa",1
"Kinyra",5
"Kinyras",1
"Kirditsis",1
"Kiriakou Konstantinou",1
"Kiriakou Matsi",1
"Kirkis",2
"Kisavou",1
"Kissonergas",2
"Kissousa",1
"Kithaironos",1
"Kithiron",1
"Kitiou",5
"Kiti to Mazotos",1
"Kitsou Tzavela",1
"Kitsou Tzavella",1
"Kivelis",1
"Kivisili",1
"Kkeli",1
"Klavdia",1
"Kleanthi Christodoulou",1
"Kleanthi Kalogera",1
"Kleanthi Koumeni",1
"Kleanthi Mesologgiti",1
"Klearchou",1
"Kleious",2
"Kleopa Christodoulou",1
"Kleopatras",1
"Kleovoulou Papakyriakou",1
"Klious",1
"Klirou",1
"Klitemnistras",1
"Kloious",1
"Klonari",1
"Klothous",1
"Klytaimnistras",1
"Knosou",1
"Knossou",2
"Ko",1
"Kochi",1
"Kodrou",1
"Kofinou",1
"Koilani",1
"Kokkina",1
"Kokkinias",2
"Kokkinon",2
"Kokkinotrimithia",1
"Kokkinou Kampou",1
"Kokkinou Private Road",1
"Kolchidos",1
"Koliarou",1
"Kolikas",1
"Kolonakiou",1
"Kolossi",1
"Komas Tou Gialou",1
"Komiton",1
"Komi Verenikis",1
"Komninon",1
"Komotinis",2
"Konitsis",1
"Konstandias",1
"Konstantinou Amantou",1
"Konstantinou Christofidi",1
"Konstantinou Evagorou",1
"Konstantinou Fotiou",1
"Konstantinou Kai Elenis",1
"Konstantinou Kakoulla",1
"Konstantinou Kalogera",1
"Konstantinou Kanari",5
"Konstantinou Kavafi",3
"Konstantinou Palaiologou",3
"Konstantinou Paparrigopoulou",1
"Konstantinou Partheni",1
"Konstantinoupoleos",3
"Konstantinou Valsamaki",1
"Konstantinou Zahariadi",1
"Konteas",5
"Kopaidos",1
"Kopernikou",1
"Korakou",1
"Korallion",1
"Korfi",1
"Korinthou",3
"Koritsas Avenue",1
"Kormakiti",2
"Kornos",1
"Koroivou",1
"Koropiou",2
"Korytsas",1
"Koryvou",1
"Kosma kai Damianou",1
"Kosma Lysioti",1
"Kosta Anaxagora",1
"Kosta Fragkou",1
"Kosta Georgiou",1
"Kosta Kamavallou",1
"Kosta Karnabalou",1
"Kosta Karyotaki",1
"Kostaki Pantelidi",3
"Kostaki Pentalioti",1
"Kosta Krystalli",2
"Kosta Mathaiou",1
"Kosta Monti",1
"Kostantinou Kavafi",1
"Kostantinou Palaiologou",1
"Kostantinoupoleos",1
"Kostas Ouranis",1
"Kosta Staili",1
"Kosta Varnali",1
"Kosti Ellina",1
"Kosti Palama",3
"Kosti Palama Street",1
"Kotisa",1
"Kotsiatis",1
"Kouka",1
"Koultour",1
"Kountouriotou",1
"Koupparipses",1
"Koureiou",1
"Kourion",1
"Kouriou",5
"Kourou",1
"Kourou Monastiri",1
"Kourtaka",1
"Kourtoulous",1
"Koutsollotremythias",1
"Kozanis",3
"Krasari",1
"Kremnou",1
"Krinon",2
"Kritis",10
"Kritou Marottou",1
"Kritou Terra",1
"Kronou",2
"Ksanthis",1
"Ksenofontos",1
"Kseropotamou",1
"K. Toumpa",1
"Kubilay",1
"Kucuk Mehmed",1
"Kurillou",1
"Kykkou",1
"Kykladon",4
"Kyklaminon",3
"Kyklaminou",1
"Kyklopon",1
"Kyknon",1
"Kyperounta",1
"Kyra",1
"Kyriakou",1
"Kyriakou Chadjichristou",1
"Kyriakou Christou",1
"Kyriakou Doukanari",2
"Kyriakou Kakki",1
"Kyriakou Karnera",4
"Kyriakou Kolokasi",1
"Kyriakou Kolokkasi",1
"Kyriakou Kommatou",1
"Kyriakou Kyprianou",1
"Kyriakou Matsi",13
"Kyriakou Mavrou",1
"Kyriakou Patsi",1
"Kyriakou Savva",1
"Kyriakou Tringylou",1
"Kyriakou Tziapra",1
"Kyrikaou Katsampi",1
"Kythiron",2
"Kythnou",1
"Kythraias",1
"Kythrea",1
"Kythreas",3
"Kytraias",1
"Kyvelis",2
"Ladonos",1
"Laerti",2
"Lafayiet",1
"Lageia",1
"Lagkada",1
"Lagoudera",1
"Lainas Avenue",1
"Lakatamia",1
"Lakonias",3
"Lala Moustafa Pashia",1
"Lamias",4
"Lampadias",1
"Lampousas",1
"Lampousis",2
"Lampraki",1
"Lamprou Katsoni",2
"Lamprou Oikonomidi",1
"Lamprou Siepi",1
"Lamprou Tzavella",1
"Laneia",1
"Laodikias",1
"Laoniou",1
"Lapithiou",1
"Lapithou",5
"Laras",1
"Larisas",1
"Larisis",2
"Larissis",2
"Larnaca",1
"Larnakos",2
"Lasithiou",2
"Laskarinas Mpoumpoulinas",1
"Latsia",1
"Lavriou",1
"Lavyrinthou",1
"Laxion Avenue",1
"Lazanias",1
"Lazarou Petrou",1
"Leandrou",1
"Lefka",1
"Lefkados",4
"Lefkaron",1
"Lefkas",2
"Lefkonoikou",2
"Lefkonos",1
"Lemesou",1
"Lemithou",1
"Leoforos Grigori Afxentiou",1
"Leoforos Tersefanou",2
"Leonardo da Vinci",1
"Leonarissou",2
"Leonida Kioupi",1
"Leonida Street",1
"Leonida Theofilou",1
"Leonidou",3
"Leontiou",2
"Leontiou A",1
"Leontiou Mahaira",1
"Leontos Nemeas",1
"Leontos Sofou",1
"Leopoldou Gklasner",1
"Lerou",1
"Lesbou",1
"Lesvou",1
"Levadias",1
"Levantas",1
"L. F. Mammous Street",1
"Liami",1
"Lidas",1
"Lidras",2
"Likourgou",1
"Limassol",1
"Limnatis",1
"Limnou",5
"Linou",1
"Liogermatos",1
"Liosion",1
"Liperti",2
"Lisiou",1
"Lisis",2
"Lisou Santama",1
"List",1
"Lithinis",1
"Lithis",1
"Livadia",1
"Livadias",1
"Livadiotis Complex",1
"L. Matsouka",1
"Lochagou Kapota",1
"Lofou",1
"Loizou Andreou",1
"Loizou Askani",1
"Loizou Filippou",1
"Loizou Konstantinou",1
"Loizou Nikolaou",1
"Lordou Vyrona",1
"Lordou Vyronos",5
"Lorentzou Mavili",1
"Louka Konstantinidi",1
"Louka Mitsi",1
"Louki Akrita",5
"Loukias Papageorgiou",2
"Louki Pieridi",1
"Louroujina",1
"Loutros",1
"Louvaras",1
"Louzinianon",1
"Lower Scenic Nature Dr",2
"Lozanis",1
"Luther King",1
"Lydras",1
"Lykavitou",4
"Lykourgou",2
"Lykoyrgou Street",1
"Lymnion Rd",1
"Lympia",1
"Lysikratous",1
"Lysis",6
"Lysistratis",1
"Lythrodontas",1
"Machaira",1
"Machera",1
"Magnisias",3
"Makariou",1
"Makariou III",1
"Makedonias",8
"Makedonias Street",1
"Makenzi",1
"Makrasykas",1
"Makrigianni",1
"Makriou III Avenue",1
"Makrygianni",3
"MakryOmirougianni",1
"Malia",1
"Malounta",1
"Mammari",1
"Mandres",1
"Mandres Ammochostou",1
"Mandria",1
"Manis",4
"Manoli Androlikou",2
"Manoli Andronikou",2
"Manoli Kalomiri",1
"Manou Chatzidaki",1
"Manou Katraki",1
"Manou Loizou",1
"Mansoura",1
"Mantalia",1
"Manto Mavrogenous Street",1
"Mantos Mavrogenous",1
"Mantron",1
"Manu Katraki",1
"Marathasas",1
"Marathonos",7
"Marathonos Avenue",1
"Margaritas",1
"Margaritas Liazidou",1
"Margi",1
"Margo",1
"Mari",1
"Marias Iordanidou",1
"Marias Loizidou",1
"Marias Sigklitikis",2
"Marias Sygklitikis",1
"Mariou",3
"Mariou Siari",1
"Mariris Leprou",1
"Markantoni",1
"Markou Botsari",1
"Markou Drakou",9
"Markou Mpotsari",4
"Maroni",1
"Martiou 25",1
"Masari",1
"Matathonos",1
"Mathiatis",1
"Mathikoloni",1
"Mavrokordatou",2
"Mavrospilion",1
"Mavrovouniou",1
"Mazotos – Alaminos Road",2
"Medousis",2
"Megalou Aleksandrou",1
"Megalou Alexandrou",11
"Megalou Konstantinou",1
"Megaron",3
"Mehmed Emin Pasa",1
"Mehmed Pasa",1
"Mehmet Ali",1
"Mehmet Niyiazi",1
"Melanarkas",1
"Melanos",1
"Melanou",1
"Melathrou Evgirias",1
"Melinas Merkouri",3
"Melinas Merkouri Street",1
"Melini",1
"Meli Nikolaidi",1
"Melissouvonos Avenue",1
"Melouseia",1
"Menelaou",3
"Menelaou Kakoyanni",1
"Menelaou Lountemi",1
"Meneou",1
"Meniko",1
"Menogeia",1
"Menzil",1
"Meropis",1
"Mesa Geitonia",1
"Mesaorias",6
"Mesaorias Street",1
"Mesogeiou",1
"Mesogis Avenue",2
"Mesologgiou",1
"Mesologiou",4
"Mesologkiou",1
"Mesolongiou",2
"Messinias",2
"Meteoron",1
"Metsovou",2
"Mia Milia",1
"Michael Aggellou",1
"Michael Karaoli",3
"Michael Koutsofta",1
"Michael Kyprianou",1
"Michael Mathaiou",1
"Michael Nicolaou",1
"Michael Papastylianou",1
"Michael Savva Avenue",1
"Michaerl Costa",1
"Michail Giorgala",1
"Michail Kaili",2
"Michail Karaoli",4
"Michail kasiallou",1
"Michail Kasialou St",1
"Michail Kousoulidi",1
"Michail Koutsofta",2
"Michail Paridi",2
"Michail Sifilorou",1
"Michail Zeniou",1
"Michalaki Christodoulou",2
"Michalaki Karaoli",4
"Michalaki Kyprianou",1
"Michalaki Michail",1
"Michalaki Nestora",1
"Michalaki Nikolaidi",1
"Michalaki Nikolaou",1
"Michalaki Paride Str",1
"Michalaki Paridi",6
"Michalaki Vrahimi",1
"Michali Kouppari",2
"Michali Koutsofta",1
"Michali Liasi",1
"Michali Paridi Street",1
"Michalis Adamidis",1
"Michalis Zeniou",1
"Michali Tappi",1
"Michali Zannetou",1
"Mikinon",1
"Miki Theodoraki",1
"Mikras Asias",1
"Mikrou Dromou",1
"Milias",4
"Militou",1
"Millias",1
"Milou",2
"Miltiadi Keli",1
"Miltiadi Stylianou",1
"Miltiadi Stylianou Avenue",1
"Miltiadou",1
"Miltiadous",1
"Minoos",2
"Minotavrou",1
"Mirtou",1
"Misiaouli kai Kavazoglou",1
"Missiaouli & Kavazoglou",2
"Mithat Pasa",1
"Mitilinis",1
"Mitropoleos",1
"Mitropoliti Kyprianou Oikonomidi",1
"Mitropolitou Iakovou Antzoulatou",1
"Mitsero",1
"Mitzi",1
"mixali%20georgiou",1
"Modestou Panteli",6
"Moiron",1
"Monagri",1
"Monagroulli",1
"Monemvasias",1
"Moni",1
"Moniatis",1
"Monimon Ipaxiomatikon Avenue",1
"Monis Kykkou",1
"Monosandalou",1
"Mora",1
"Morfou",5
"Morpheos",1
"Morphou",3
"Mosfileri",1
"Mosfilion",1
"Mosphilion",1
"Mouson",3
"Mousoulitas",1
"Moutoullas",1
"Mouttagiaka",1
"Mouttalion",1
"Mozart",1
"Mpettoven",1
"Mpizaniou",1
"Mpotsari",2
"Mpoumpoulinas",4
"Mpoumpoulinas Laskarinas",1
"Mpoumpoulinas Street",1
"Mpozkourt",1
"Muhittin Mustafa Sk",1
"Myatou",1
"Mykinon",2
"Mykonou",2
"Mylikouri",1
"Myltidiadi Stylianou",1
"Myrmidonon",1
"Myrtou",1
"Mystra",1
"Mytilinis",2
"Nafpaktou",1
"Nafpliou",4
"Nafsikas",1
"Naiadon",2
"Namik Kemal",1
"Naousis",1
"Napoleontos Nikiforou",1
"Narkissou",3
"Nasser",1
"Navarinou",3
"Naxou",3
"Nazaret",1
"Neapoleos",4
"Neapoleos Avenue",1
"Nearchou",1
"Nearchou Kliridi",1
"Neas Politias",1
"Neas Salaminos",1
"Neas Synoikias",1
"Nefelis",1
"Neilou",1
"Nektariou Monachou St",1
"Nemeseos",1
"Neo Chorio",2
"Neofytou Agrofylaka",1
"Neofytou Charalampous",1
"Neofytou Charilaou",1
"Neofytou Chatzilampri",1
"Neofytou Georgiou",1
"Neofytou Nikolaidi",1
"Neofytou Rodinou",1
"Neokleous Kyriazi",1
"Neokli Charalampous",2
"Nery Road",1
"Nicodemou Milona",1
"Nicola Tsadioti",1
"Nicosia",1
"Nicou Dimitriou",1
"Nicou Nicolaide Street",1
"Nigritis",1
"Nikaias",1
"Nikandrou",2
"Nikandrou Konioti",1
"Nikeas",1
"Nikiforou Foka",2
"Nikiforou Lytra",1
"Nikiforou Theotoki",1
"Nikiforou Vretakkou",1
"Nikis",5
"Nikis Parodos",1
"Nikis Street",1
"Nikita Choniatou",1
"Nikita Chrysostomou",1
"Nikitara",4
"Nikitari",1
"Nikitas",1
"Nikodemou Mylona",1
"Nikodimou Mylona",1
"Nikodimou Mylonas Street",1
"Nikokleia",1
"Nikokleous",1
"Nikokreontos",1
"Nikola Chatzipanni",1
"Nikola Georgiou",1
"Nikolaou Azina",1
"Nikolaou Ellina",1
"Nikolaou Evzona",1
"Nikolaou Katalanou",2
"Nikolaou Laniti",1
"Nikolaou Mantzarou",1
"Nikolaou Nikolaidi Avenue",1
"Nikolaou Papageorgiou",1
"Nikolaou Politou",1
"Nikolaou Rossou",1
"Nikolaou Saripolou",1
"Nikolaou Skoufa",4
"Nikolaou Themistokleous",1
"Nikolaou Thiseos",1
"Nikola Pallikara",1
"Nikola Pentara",1
"Nikoli Yiagkou",1
"Nikolou Laskari",1
"Nikou and Despoinas Pattichi",1
"Nikou Antoniadi",2
"Nikou Belogianni",1
"Nikou Christodoulou",1
"Nikou Evagora",1
"Nikou Evagorou",1
"Nikou Florentzou",1
"Nikou Gatsou",1
"Nikou Georgiou",1
"Nikou Katzi",1
"Nikou Kavantzaki",1
"Nikou Kazantzaki",5
"Nikou Kazantzaki Parodos",1
"Nikou Mounti",1
"Nikou Nikolaidi",2
"Nikou Nikolaou",1
"Nikou Solomou",1
"Nikou Theofanous",1
"Nikou Tymviou",1
"Nikou Vasiliadi",1
"Nikou Xylouri",1
"Niovis",1
"Niridon",1
"Nisou",1
"Nisyrou",1
"Nmorfou",1
"Normandy Road",1
"Ntelakroua",2
"Ntervis Kavazoglou",1
"Ntevrim",1
"Ntinou Paulou",1
"Oanteli Salousti",1
"Odisea Androutsou",1
"Odisseos",1
"Odou",1
"Odyssea Androutsou",8
"Odyssea Eliti",1
"Odyssea Elyti",2
"Odysseias",1
"Odysseos",1
"Oidipodos",3
"Oikos",1
"Okeanias",1
"Okeanidon",1
"Okkular",1
"Oktovriou",1
"Old Airport Road",1
"Old Andrea Vlami",1
"Old B7",4
"Old E701",1
"Old E704",2
"Old E711",1
"Old Sotiraki Markidi Avenue",1
"Olgas Ksinaridou",1
"Olimpou",1
"Olympiados",1
"Olympias",4
"Olympos Road",1
"Olympou",2
"Olympou St",1
"Olympus",1
"Omirou",6
"Omirou Street",1
"Omodos",1
"Omonoias",2
"Onasagorou St",1
"Onisillou",1
"Onisilou",3
"Onoufriou Kleridi",1
"Onoufriou Kliridi",1
"Ora",1
"Oreas Elenis",1
"Oresti",1
"Orestiados",4
"Orestou",1
"Orfea",1
"Orfeos",2
"Oron",2
"Oropou",1
"Orounta",1
"Ortaköy",1
"Orthodoxias",1
"Osiou Iona",1
"Osman Efendi",1
"Othellou",1
"Othelou",2
"Othonos",1
"Ouskiountar",1
"Pachna",1
"Pachyammos",1
"Pafiana",2
"Pafias Afroditis",1
"Pafou",1
"Pafsaniou",1
"Pagonas",1
"Pagratiou",1
"Paianias",2
"Paideias",1
"Palaias Agoras",1
"Palaichori Morphou",1
"Palaichori Oreinis",1
"Palaikythro",1
"Palaikythrou",1
"Palaiokastrou",1
"Palaiologou",1
"Palaiomylos",1
"Palaion Patron Germanou",2
"Palaipafou",2
"Palaipafou Avenue",1
"Palaipaphou",1
"Palatiou",1
"Paliometocho",1
"Pallados",2
"Palodeia",1
"Pampou Charalampous",1
"Panagi",1
"Panagias",1
"Panagias Astadiotissis",1
"Panagias Eleousis",1
"Panagias Pantanassas",1
"Panagias Theoskepastis",1
"Panagias Zalatziotissas",1
"Panagi Evaggelou",1
"Panagiotas Chatziarou",1
"Panagioti Kanellopoulou",1
"Panagioti Kapsi",1
"Panagioti Kaspi",2
"Panagioti Skai",1
"Panagioti Sofroniou",1
"Panagioti Tomazou",3
"Panagioti Toumazou",1
"Panagi Papamarkou",1
"Panagopoulou",1
"Panayioti Koumeni",1
"Pandoras",3
"Panidos",2
"Panikkou Pastidi",2
"Panikou Chatzipanagi",2
"Panikou Tomazou",1
"Pannou Kranidioti",1
"Pano Akourdaleia",1
"Pano Archimandrita",1
"Pano Arodes",1
"Pano Deftera",1
"Pano Kivides",1
"Pano Koutrafas",1
"Pano Lefkara",1
"Pano Paragkes",1
"Pano Polemidia",1
"Pano Pyrgos",1
"Panos",2
"Pano Zodeia",1
"Panteleimonos",1
"Panteli Katelari",2
"Panteli Kontou",1
"Panteli Michanikou",1
"Panteli Salousti",1
"Papacharitonos Street",1
"Papadiamanti",1
"Papaflesa",2
"Papaflessa",2
"Papageorgiou",1
"Papageorgiou Christidi",1
"Papageorgiou Papagianni",1
"Papagianni",1
"Papagrigoriou",1
"Papailia Savva",1
"Papakyriakou Stavrou",1
"Papanikoli",1
"Papantoniou",1
"Paparigopoulou",1
"Papathanasiou",1
"Paphou Xrisanthou",1
"Paradeisou",1
"Paradisou",1
"Paramali",1
"Paramenionos",1
"Paramytha",1
"Paraskevis Ioannou",1
"Paraskevous Antoniou",1
"Paraskou",1
"Parastites",1
"Parekklisia",1
"Pari",1
"Paridos",1
"Parnasou",1
"Parnassou",1
"Parnithos",2
"Parodos Agiou Athanasiou",1
"Parodos Andrea Steliou",1
"Parodos Antonaki Manoli",1
"Parodos Mosfilion",1
"Parodos Panayioti Papakokkinou",1
"Parodos Peristeronopigis",1
"Parodos Pigiale Psa",1
"Parodos Rizokarpasou",1
"Parodos Stadiou",1
"Parodos Thessalonikis",1
"Parou",3
"Par. Stylianou Apostolidi",1
"Parthenonos",3
"Paschali Paschalidi",1
"Pasiadou",1
"Pasifais",1
"Paster",1
"Paticheio – Salt Lake junction",1
"Patision",2
"Patmou",1
"Patriarchou Grigoriou",1
"Patrikiou",2
"Patrikou Loumoumpa",1
"Patris Loumoumpa",1
"Patroklou",3
"Patroklou Kokkinou",2
"Patron",2
"Patsalos Beach Club Road",1
"Paul Darras",1
"Paulou Krinaiou",1
"Paulou Michaila",1
"Pausaniou",1
"Pavlidou",1
"Pavlos Liasides Street",1
"Pavlou Kountourioti",1
"Pavlou Kountouriotou",1
"Pavlou Krinaiou",1
"Pavlou Liasidi",4
"Pavlou Mela",4
"Pavlou Mela Street",1
"Pavlou Michael",1
"Pavlou Michalia",1
"Pavlou Nirvana",2
"Pavlou Valdaseridi",1
"Pavlou Valsamaki",1
"P. Charalampous Street",1
"Pedoulas",1
"Pefkios Georgiades",1
"Pefkiou Georgiadi",2
"Pegasou",1
"Peiraios",2
"Peisistratou",1
"Pelapais",1
"Pelapaisiou",1
"Pelathousa",1
"Pelendri",1
"Pellapaisiou",1
"Pellas",1
"Pelopida",1
"Peloponnisou",2
"Pentadaktilou",2
"Pentadaktylou",7
"Pentageia",1
"Pentageias",2
"Pentakomo",1
"Pentalia",1
"Pentaschoinou",1
"Pentelis",5
"Pente Litharion",1
"Pera",1
"Pera Chorio",1
"Peramatos",1
"Pera Pedi",1
"Pera Vrysis",1
"Pergamos",1
"Perikleous",2
"Perikli Dimitriou",1
"Peristerion",1
"Peristeriou",2
"Peristerona",2
"Peristeronari",1
"Peristeronas",1
"Peristeronopigi",1
"Perivolion",1
"Persea",1
"Persefonis",5
"Pervolion",1
"Pesonton & Agnooumenon Katadromon",1
"Peta",1
"Petra",2
"Petraki Giallourou",5
"Petraki Kyprianou",7
"Petraki Kyrianou",1
"Petraki Yiallourou",1
"Petra tou Digeni",1
"Petridion Avenue",1
"Petri Stefani",1
"Petrofani",1
"Petrompei Mavromichali",1
"Petrou Charalampous",1
"Petrou Iliadi",1
"Petrou Kyprianou",3
"Petrou Loizou",1
"Petsokatalytous",1
"Pheidia Stokkou",1
"Philadelfias",1
"Philippou II",1
"Philousa Kelokedharon",1
"Philousa Khrysokhous",1
"Piale Pasa",1
"Piatorpaki",1
"Pierias",1
"Piga Feraiou",1
"Piga Fereou",1
"Pigenia",1
"Pikni Forest",1
"Piliou",3
"Pindarou",3
"Pindou",5
"Pineiou",1
"Pinelopis",3
"Pinelopis Delta",2
"Pipinou",1
"Pireos",1
"Pirgou",1
"Pissouri",1
"Pisteos",1
"Pithagorou",1
"Pittakou",1
"P. Kyprianou Street",1
"Plakas",1
"Plantion",1
"Plapouta",1
"Plataion",2
"Platanistasa",1
"Platanisteia",1
"Plateia Agiou Chysostomou",1
"Plateia Agiou Ioannou",1
"Plateia Andromedas",1
"Plateia Iniochou",1
"Plateia Karavella",1
"Plateia Mitropoleos",1
"Plateia Perseos",1
"Plateia Pigasou",1
"Platonos",4
"Platres",1
"Platzion",1
"Ploutarchou",2
"Ploutonos",3
"Pnytagorou",1
"Polifimou",1
"Politiko",1
"Polygyrou",1
"Polykratous",1
"Polystypos",1
"Polytechneiou",1
"Pomos Beach Road",1
"Pompiias",1
"Pontou",2
"Poseidona",1
"Poseidonos",1
"Poseidonos Avenue",2
"Potamou",1
"Potamou Iaxartou",1
"Potamou Ifasidos",1
"Potamou Indou",1
"Potamou Oxou",1
"Poti",1
"Poulias",1
"Pouliou",1
"Pouskin",1
"Pouzi",1
"Prasteiou",1
"Prastio",1
"Prastio (Avdimou)",1
"Prastio (Kellaki)",1
"Prastio Morfou",1
"Praxitelous",2
"Prevezis",4
"Priamou",4
"Priggipissis Zehra",1
"Prodromos",1
"Prodromou",2
"Profiti Ilia",1
"Profiti Ioana",1
"Proknis",1
"Promahonos",1
"Promitheos",2
"Propyleon",1
"Protis Maiou",1
"Protomagias",1
"Prousis",1
"Provelengiou",1
"Psallidion",1
"Psaron",5
"Psematismenos",1
"Psillouon",1
"Psiloreiti",1
"Psimolofou",1
"Ptolemaidos",2
"Ptolemaion",1
"Ptolemaiou",1
"P. Vrahimi",1
"Pygmalionos",1
"Pylou",1
"Pyramou",1
"Pyrga",1
"Pyrgos",1
"Pyrgotelou",1
"Pyrgou",1
"Pyrogi",1
"Pythagorou",3
"Pythias",1
"Queens Paradise",1
"Rafael Santi",2
"Rafail",1
"Rasierou",1
"Reas",2
"Rembrandt",1
"Remnou",1
"Renou Prentza",1
"Rethymnou",4
"Riga Feraiou",3
"Riga Fereou",2
"Rigainis",5
"Rigenas",1
"Rimini",1
"Rizokarpasou",4
"Rodhostheni Alexandrou",1
"Rododathis",1
"Rodon",1
"Rodopis",3
"Rodosthenous Alexandrou",1
"Rodou",6
"Romaniti",1
"Roubens",1
"Roumelis",2
"Roupel",1
"Route B7",4
"Roxanis",1
"Safak",1
"Sakkaria",1
"Salakou",1
"Salaminas",1
"Salaminos",8
"Salt Lake Hiking Trail",1
"Salvator Ntali",1
"Samon",1
"Samothrakis",1
"Samou",3
"Sampson kai Dalidas",1
"Sanida",1
"Santorinis",3
"Sapfous",2
"Sarakkou",1
"Saranta Kolonon",1
"Saranti",1
"Saronikou",2
"Savva",2
"Savva Mavromatti",2
"Savva Rotsidi",3
"Savva Tsikka",1
"Savva Zinonos",1
"Sea caves Avenue",1
"Sechit Aintin Velentin",1
"Seferi",1
"Sehit Ozal Ali",1
"Seirinon",1
"Seiriou",1
"Selim",1
"Selinis",1
"Selladi tou Appi",1
"Semelis",1
"Semistrelias",1
"Serifou",1
"Serron",5
"Sfiggos",1
"Sfingos",1
"Shakespeare",1
"Sia",1
"Sidirokastrou",2
"Sikinion",1
"Silikou",1
"Simadiakou",1
"Simou Menandrou",1
"Simou Menardou",1
"Sinaoros",1
"Sinasi Sk",1
"Sintika Hanoum",1
"Sinyras",1
"Siouman",1
"Skalin",1
"Skaloupion",1
"Skapourtas",1
"Skiathou",1
"Skopelou",1
"Skouriotissa",1
"Skoutari",1
"Skylloura",1
"Skyrou",2
"Smyrnis",5
"Socratous",1
"Sofokleous",2
"Sofroniou Christodoulou",1
"Softades",1
"Sokratous",5
"Sokratous Euaggelou",1
"Soktatous",1
"Solomou",1
"Solomou Solomou",2
"Solon",2
"Solonos",5
"Solonos Michailidi",3
"Solonos Street",1
"Sopatrou Pafou",1
"Sopen",1
"Sophias Vempo",1
"Sophokli Demetriou",2
"Sotira",1
"Sotiraki Markidi Avenue",1
"Sotiri Papakyriakopoulou",1
"Sotiri Papalazarou",3
"Sotiros",2
"Soudas",1
"Souliou",2
"Soumpert",1
"Souniou",3
"Souni–Zanatzia",1
"Spartis",7
"Spatharikou",1
"Spaton",1
"Spetson",4
"Spilia",1
"Spitali",1
"Sporados",1
"Spyridonos Trikoupi",2
"Spyrou Kyprianou",10
"Spyrou Kyprianou Avenue",2
"Spyrou Kyprianou Cycling Path",1
"Stadiou",10
"Stalingrad",1
"Stasandrou",1
"Statos–Agios Fotios",1
"Staurou Andrea",1
"Staurovouniou",1
"Stavrodromiou",1
"Stavrokonnou",1
"Stavrou",1
"Stavrou Didaskalou",1
"Stavrou Michail",1
"Stavrou Mousoulou",1
"Stavrovouniou",2
"Stefanou Dimitriou",1
"Stefanou Zaloumi",1
"Steliou Kyriakidi",2
"Steliou Mavromati",3
"Steliou Mavrommati",1
"Steliou Savvidi",1
"Steliou Sieppi",1
"Steliou Tritaiou",1
"St Epiphaniou",1
"Sternas",1
"St Evgenias",1
"St Fokas",1
"St George Xorinou",1
"Stimfalidon",1
"Stratigou Timagia",1
"Strati Myrivili",3
"Stravonos",1
"Strovolos",1
"Stylianou Apostolidi",1
"Stylianou Chourmouziou",2
"Stylianou Demenega Avenue",1
"Stylianou Lena",4
"Stylianou Leonida",1
"Styllon Ammochostou",1
"Sykopetra",1
"Symis",2
"Sympantos",1
"Synadelfoseos",1
"Synergasias",1
"Synergatismou",1
"Syrakouson",1
"Syrianochori",1
"Syrou",2
"Tafon ton Basileon",1
"Taigetou",1
"Taki Christofi",1
"Taki Michael",1
"Taki Sofokleous",2
"Taki Vasileiou",1
"Taksiarhon Avenue",1
"Tala Rivera",1
"Talat Pasa",1
"Tanzimat",1
"Tasou Isaak",3
"Tasou Isaak Avenue",1
"Tasou Isaak St",1
"Tasou Konstantinou",1
"Tasou Markou",1
"Tassos Papadopoulou",1
"Tassou Papadopoulou Avenue",1
"Tavgetou",1
"Tchaikovsky",1
"Technon",1
"Tefkrou",3
"Tefkrou Anthia",4
"Tefktrou Anthia",1
"Telamonos",1
"Telemachou Christodoulou",1
"Telepeniou",1
"Temasou",1
"Tempon",2
"Temvria",1
"Tenedou",2
"Terpsichoris",2
"Terpsihoris",1
"Terpsitheas",1
"Terra Ompras",1
"Terra Santas St",1
"Tevfik Fikret",1
"Thalassines Alkionides",1
"Thaleias",4
"Thaleias Markidou",1
"Thali",1
"Thali Milisiou",1
"Thasou",2
"Thassou",1
"Theklas",1
"Themidos",2
"Themistokleous",1
"Themistokli Theoharidi",1
"Theodorou Kolokotroni",5
"Theodorou Laskari",1
"Theodorou Petrou",1
"Theodorou Tooulia",1
"Theodorou Zenonos",1
"Theodosi Chatzitheodosiou",1
"Theodosi pieridi",1
"Theodosi Pieridi",2
"Theofilou Angeli",1
"Theokritou",1
"Theotokopoulou",2
"Theotokou",1
"Thermaikou",1
"Thermopilon",2
"Thermopylon",4
"Thesprotias",1
"Thessalias",2
"Thessalonikis",7
"Thetidos",2
"Thiras",2
"Thiseiou",2
"Thiseos",5
"Thiveon",1
"Thivon",3
"Thoukididou",2
"Thoukydidou",1
"Thrakis",3
"Thrasyvoulou Ropa",1
"Throniou tis Panagias",1
"Thyateiron",1
"Thymvrou",1
"Tilemachou",2
"Tillirias",1
"Tilou",1
"Timiou Prodromou",1
"Timochari",2
"Timvou",2
"Tinos",1
"Tinou",3
"Titanon",2
"T. Mougiari Street",1
"Tochni",1
"Tolstoy",1
"Tombs of the Kings Avenue",1
"Torgout Reis",1
"Touran",1
"Touzhane",1
"Toxara",1
"Toxotou",1
"Trachonas",1
"Trachoni",2
"Treis Elies",1
"Tremetousia",1
"Tremitheris",1
"Tremithos",1
"Tremythou",1
"Trikallon",1
"Trikalon",2
"Trikomou",4
"Trimfias",1
"Trimiklini",1
"Trimitharko",1
"Trimithias",1
"Trimithou",1
"Trion Ierarchon",3
"Tripimenis",1
"Tripoleos",3
"Triptolemou",1
"Tritonos",1
"Troias",3
"Troodos (community)",1
"Troulloi",1
"Tsakistra",1
"Tsappalestra",1
"Tseri",1
"Tserkezoi",1
"Ttanti Street",1
"Turk Mektembe",1
"Tylou",1
"Tymbou",1
"Tyrnavou",2
"Tzenis Larezi",1
"Tzioni",1
"Tzon Keneti",1
"Tzon Kennedy",1
"Tzoumagias",1
"Umm Haram",1
"University Avenue",1
"Vaikalis",1
"Vakhou",1
"Vaktrianis",1
"Valestra",1
"Van Dyke",1
"Vanellina",1
"Variseia",1
"Varkizas",2
"Varnali",1
"Varnavas Pistolas",1
"Varosion",1
"Varosion Rd",1
"Vasa Kellakiou",1
"Vasa Koilaniou",1
"Vasiki Krokou",1
"Vasileias",1
"Vasileiou Avgerinou",1
"Vasileiou Voulgaroktonou",1
"Vasileos",1
"Vasileos Constantinou",1
"Vasileos Constantinou XIII",1
"Vasileos Evagorou",1
"Vasileos Filippou",3
"Vasileos Georgiou",1
"Vasileos Georgiou II",1
"Vasileos Konstantinou",1
"Vasileos Othonos",1
"Vasileos Pavlou",1
"Vasileos Pavlou Square",1
"Vasili",1
"Vasilikou",2
"Vasili Logothetidi",1
"Vasili Michaelide",1
"Vasili Michaelide Street",1
"Vasili Michailidi",6
"Vasiliou Voulgaroktonou",1
"Vasilissis Olgas",1
"Vasilissis Verenikis",1
"Vasili Tsitsani",1
"Vasou Koni",1
"Vasou Panagi",1
"Vassilisis Amalias",1
"Vathylakou",1
"Vatilis",3
"Vatoudion",1
"Vattenas",1
"Vatylis",2
"Vavatsinia",1
"Vavila",1
"Vavla",1
"Vega",1
"Velestinou",1
"Velissariou",1
"Vellerefonti",1
"Venetikou Pyrgou",1
"Verenikis",1
"Vergi",1
"Verginas",5
"Veroias",1
"Viantos",1
"Victoros Ioannidi",1
"Victor Ougko",1
"Vikla",1
"Viktoros Ougko",2
"Violettas",1
"Vithleem",2
"Vitsadas",1
"Vitsados",1
"Vladimirou Irakleous",2
"Vladimirou Kaukaridi",1
"Voiotias",2
"Vokolidos",1
"Volga",2
"Volou",3
"Vomon",1
"Voni",1
"Vorra",1
"Vosporou",2
"Voufavento",1
"Voufaventou",1
"Voukefalias",1
"Voulas",1
"Voulgaroktonou",1
"Vouliagmenis",1
"Vouni",1
"Vrasidou",1
"Vretsia Nature Trail",1
"Vroisha",1
"Vrysis",1
"Vyronos",1
"Vyzakia",1
"Vyzantiou",3
"Water Canal Service Road",1
"White River Avenue",1
"William Weir",1
"Xanthis",2
"Xanthou Lysioti",3
"Xaralampou Sofianou",1
"Xenofontos",1
"Xyliatos",1
"Xylomantrou",1
"Xylopotambou - Dasaki Achnas Road",1
"Yakovou Palatsou",1
"Yannaki Stefanidi",1
"Ydras",4
"Yianni Kontou",1
"Yianni Lefki",1
"Yiavouz",1
"Ymitou",1
"Ymittou",2
"Ypolochagou Dimitri Ioannou",1
"Ypsonas",1
"Zacharia Papantoniou",1
"Zacharia Spyrou",1
"Zacharia Tsagkari",1
"Zaimi",1
"Zakka",1
"Zakou",1
"Zakynthou",5
"Zalatzion",1
"Zalongou",3
"Zannetou Koullourou",1
"Zappeiou",2
"Zaromenis",1
"Zefyrou",1
"Zenith",1
"Zenonos",1
"Zeus",1
"Ziga Pasa",1
"Zigia Gokalp",1
"Zinas Kanther",1
"Zinonos",2
"Zinonos Kitieos",4
"Zodeias",1
"Zodias",1
"Zoodochou Pigis",1