"Aale Bichelerwee",1
"Aale Wee",2
"Aal Stroos",1
"Aal Strooss",1
"A Biedemchen",1
"Accès Station d'épuration",1
"Aeppelhiehl",1
"A Geessewénkel",1
"A Gloden",1
"A Kachen",1
"A Laaschtert",1
"A Laichent",1
"Albaach",1
"Ale Bamerdaller Wee",1
"A Leischemer",1
"Alewee",1
"Ale Wee",2
"Allée de la Jeunesse Sacrifiée 1940-1945",1
"Allée de la Poudrerie",1
"Allée de l'Unioun",1
"Allée des Charmes",1
"Allée des Châtaigniers",1
"Allée des Poiriers",2
"Allée des Présidents",1
"Allée des Sorbiers",1
"Allée Drosbach",1
"Allée du Carmel",1
"Allée Dwight David Eisenhower",1
"Allée John W. Leonard",1
"Allée Léopold Goebel",1
"Allée Marconi",1
"Allée Pierre de Mansfeld",1
"Allée Saint-Christophe",1
"Allée Saint-Hubert",1
"Allée Scheffer",1
"Alscherstrooss",1
"Al Schmedt",1
"Alschter Strooss",1
"Altschmiedestraße",1
"Al Wangerten",1
"Am Aastert",1
"Am Appelwee",1
"Am Armschlag",1
"A Mäs",1
"Am Bann",1
"Am Becheler",1
"Am Biirk",1
"Am Bockelsfeld",1
"Am Bongert",6
"Am Bounert",1
"Am Boureck",1
"Am Bousebierige",1
"Am Breetfeld",1
"Am Breil",1
"Am Brill",5
"Am Broch",1
"Am Buedem",1
"Am Bungert",2
"Am Buren",1
"Am Dall",1
"Am Dellewee",1
"Am Deschensgaart",1
"Am Dohl",1
"Am Donner",1
"Am Dreisch",1
"Am Dudel",1
"Am Dueref",1
"Am Duerf",4
"Am Eck",7
"Am Eessel",1
"Am Elick",1
"Am Flouer",2
"Am For",1
"Am Fraeschepull",1
"Am Fussebuer",1
"Am Gaart",1
"Am Gängelchen",1
"Am Gassefeld",1
"Am Greckert",1
"Am Grëndchen",2
"Am Grendel",1
"Am Grënnchen",1
"Am Gronn",1
"Am Groussfeld",1
"Am Haff",4
"Am Happgaart",1
"Am Hauwepaerchen",1
"Am Hemmesch",1
"Am Heschel",1
"Am Hoirbock",1
"Am Hueschterterbësch",1
"Am Ieselswee",1
"Am ieweschten Duerf",1
"Am Kaesch",1
"Am Kausert",1
"Am Kepbrill",1
"Am Kiirchepad",1
"Am Klousterfeld",1
"Am Kreppent",1
"Am Kundel",1
"Am Lächelchen",1
"Am Lahr",1
"Am Lésigny's Parc",1
"Am Letschert",1
"Am Neigord",1
"Am Nidderland",1
"Am Paesch",1
"Am Peesch",1
"Am Pesch",4
"Am Pleiter",1
"Am Pudel",1
"Am Réimergaart",1
"Am Rousefeld",1
"Am Rousegärtchen",1
"Am Saif",1
"Am Schack",1
"Am Schank",1
"Am Schëtzepesch",1
"Am Schlass",1
"Am Schoumansbongert",1
"Am Schrëndel",1
"Am Schwaerzeschgaart",1
"Am Seitert",1
"Am Sprangert",1
"Am Steffesgaart",1
"Am Stellpad",1
"Am Tremel",1
"Am Uerbësch",1
"Am Wangert",2
"Am Weidewee",1
"Am Weier",2
"Am Weierchen",1
"Am Weischbaendchen",1
"An Arzemt",1
"Ancienne Côte d'Eich",1
"Ancienne Ligne Bettembourg - Aspelt",1
"An Cleessen",1
"An de Bongerten",1
"An Decker",1
"An de Gaalgen",1
"An de Gaart",1
"An de Lamiden",1
"An de Längten",1
"An de Leessen",1
"An der Aaluecht",1
"An der Ae",1
"An der Baach",4
"An Der baach",1
"An der Bamschoul",1
"An der Brem'chen",1
"An der Driicht",1
"An der Eech",1
"An der Flass",1
"An der Foxenhiel",1
"An der Fraesbich",1
"An der Gaass",3
"An der Gaessel",1
"An der Gässel",1
"An der Gewaan",3
"An der Gewan",1
"An Der Gewännchen",1
"An der Griecht",1
"An der Grouf",1
"An der Gruecht",2
"An der Heenericht",1
"An der Heeschbesch",1
"An der Hiehl",1
"An der Hiel",2
"An der Huel",1
"An der Hueschtert",1
"An der Kaul",1
"An der Kehl",1
"An der Kéier",1
"An der Këpp",1
"An der Kettenbach",1
"An der Klaus",2
"An der Klenge Gaarden",1
"An der Laach",4
"An der Lakoll",1
"An der Langwies",1
"An der Léi",1
"An der Leng",1
"An der Merzel",1
"An der Olek",1
"An der Pënzelbaach",1
"An der Peschen",1
"An der Sank",1
"An der Schammeswiss",1
"An der Schleuse",1
"An der Schmelz",1
"An der Soibelkaul",1
"An der Uecht",5
"An der Wiewerbach",1
"An der Wisen",1
"An der Wollefskaul",2
"An de Steekaulen",1
"An de Strachen",2
"An de Stucken",1
"An de Wieschen",1
"An de Wisen",2
"An Duelem",1
"An Hiesel",1
"An Hinnefen",1
"An Huemes",1
"Antesgaass",1
"AP Beaufort",1
"AP Grundhof",1
"Appelwee",1
"A Rasbich",1
"Arelerstrooss",2
"Arelerwee",1
"A Romescht",1
"A Schmitzbongert",1
"A Schungeschten",1
"A Speiss",1
"Atertlinn",1
"Auf der Fröhn",1
"Avenue 2000",1
"Avenue Amélie",1
"Avenue Berchem",1
"Avenue Charles de Gaulle",1
"Avenue Charlotte",1
"Avenue de la Faïencerie",1
"Avenue de la Fonte",1
"Avenue de la Libération",1
"Avenue de la Liberté",2
"Avenue de la Paix",1
"Avenue de la Résistance",1
"Avenue de Luxembourg",1
"Avenue de Mersch",1
"Avenue des Archiducs",1
"Avenue des Bains",1
"Avenue des Hauts-Fourneaux",1
"Avenue des Sidérurgistes",1
"Avenue des Terres-Rouges",1
"Avenue des Villes Jumelees",1
"Avenue d'Oberkorn",1
"Avenue du Blues",1
"Avenue du Bois",2
"Avenue du Dix Septembre",1
"Avenue du Docteur Klein",1
"Avenue du Rock'n'Roll",1
"Avenue du Swing",1
"Avenue Elise Deroche",1
"Avenue Émile Reuter",1
"Avenue Francois Clement",1
"Avenue Franz Clement",1
"Avenue Freres Wiesenbach",1
"Avenue Gaston Diderich",1
"Avenue Gordon Smith",1
"Avenue Grand Duchesse Charlotte",1
"Avenue Grand-Duc Jean",2
"Avenue Grande-Duchesse Charlotte",1
"Avenue Guillaume",1
"Avenue Jean-Pierre Pescatore",1
"Avenue J-F Kennedy",1
"Avenue John F. Kennedy",1
"Avenue Joseph Sax",1
"Avenue Lamort-Velter",1
"Avenue Lou Hemmer",1
"Avenue Lucien Salentiny",1
"Avenue Marie-Adélaïde",1
"Avenue Marie-Thérèse",1
"Avenue Monterey",1
"Avenue Nic. Kreins",1
"Avenue Pasteur",1
"Avenue Pat Barron",1
"Avenue Victor Hugo",1
"A Wiendelen",1
"A Wokelt",1
"Azengen",1
"B 16",1
"Baachergaass",1
"Baachhiel",1
"Baakescht",1
"Bamertal",1
"Bastnicherstrooss",1
"Bastnicher Strooss",1
"Becher Millen",1
"Beetebuergerstrooss",1
"Beforterstrooss",1
"Behmspäsch",1
"Bei der Aarnescht",1
"Bei der Ganer",1
"Bei der Härewiss",1
"Bei der Kapell",2
"Bei der Kiirch",2
"Bei der Lann",1
"Bei der Tirelbaach",1
"Bei de Schouster",1
"Bei Kitchen",1
"Beim Antonskraiz",1
"Beim Baseng",1
"Beim Basseng",1
"Beim Béinchen",1
"Beim Bësch",1
"Beim Biirchen",1
"Beim Burren",1
"Beim Cube",1
"Beim Kräizchen",1
"Beim Maartboesch",1
"Beim Schlass",2
"Beim Schmilberbuer",1
"Beim Steebroch",1
"Beim Tumulus",1
"Beim Waassertuerm",1
"Beim Wäschbur",1
"Beim Weier",1
"Beim Weiher",1
"Beim Wëldbësch",1
"Beiwerwiss",1
"Belle-Vue",1
"Bënzelsgaass",1
"Benzelt",1
"Benzelterstrooss",1
"Bergstraße",2
"Beschgässel",1
"Bëschgewan",1
"Beschmontsbongert",1
"Bëschwee",1
"Besléckerweg",1
"Bettlerstrooss",1
"Bëttlerstrooss",1
"Bichelerwee",1
"Bickeltchen",1
"Biedergaass",1
"Biekerecherwee",1
"Bigelbacherstrooss",1
"Biirkelterstrooss",1
"Biirkewee",1
"Biisserwee",1
"Binnewee",2
"Birenallee",1
"Bisserweg",1
"Blaigaass",1
"Bleesgaass",1
"Bockeberg",1
"Bockenhiel",1
"Bockwee",1
"Boeschwee",1
"Bongerterwee",1
"Bongertswee",1
"Borgeck",1
"Boulevard Charles de Gaulle",1
"Boulevard Charles Simonis",1
"Boulevard d'Avranches",1
"Boulevard de la Foire",1
"Boulevard de la Fraternité",1
"Boulevard de l'Alzette",1
"Boulevard de la Pétrusse",1
"Boulevard de la Recherche",1
"Boulevard des Lumieres",1
"Boulevard de Verdun",1
"Boulevard Docteur Charles Marx",1
"Boulevard Docteur Ernest Feltgen",1
"Boulevard du Brill",1
"Boulevard du Jazz",1
"Boulevard Emmanuel Servais",1
"Boulevard Franklin D. Roosevelt",1
"Boulevard General George S. Patton",1
"Boulevard Grande-Duchesse Charlotte",3
"Boulevard Grande-Duchesse Joséphine-Charlotte",1
"Boulevard Gustave Jacquemart",1
"Boulevard Hubert Clément",1
"Boulevard Jean Ulveling",1
"Boulevard J. F. Kennedy",1
"Boulevard John Fitzgerald Kennedy",1
"Boulevard John J. Pershing",1
"Boulevard Joseph II",1
"Boulevard Jules Salentiny",1
"Boulevard Kaltreis",1
"Boulevard Konrad Adenauer",1
"Boulevard Marcel Cahen",1
"Boulevard Napoléon 1er",1
"Boulevard Paul Eyschen",1
"Boulevard Pierre Dupong",2
"Boulevard Pierre Frieden",1
"Boulevard Pierre Krier",1
"Boulevard Pierre Werner",1
"Boulevard Prince Charles",1
"Boulevard Prince Félix",1
"Boulevard Prince Henri",2
"Boulevard Robert Baden-Powell",1
"Boulevard Robert Schuman",2
"Boulevard Royal",1
"Boulevard Victor Thorn",1
"Boulevard Winston Churchill",1
"Bourewee",1
"Bourgheed",1
"Bousserwee",1
"Boxepull",1
"Breedewee",1
"Breicherwee",1
"Breikelter",1
"Bréimechterpad",1
"Breitenweg",1
"Brell",1
"Brem Wee",1
"Brichen Gaessel",1
"Bridelsknupp",1
"Brillwee",1
"Brühlweg",1
"Buchefeld",1
"Buchewee",1
"Buchholzerwee",1
"Buewee",1
"Bungalow Parc Molitor",1
"Bunte Wee",1
"Buregaass",1
"Burewee",2
"Burgaass",1
"Burgronn",1
"Burrebeerig",1
"Burregaass",1
"Burrewee",1
"Butzeberg",1
"Buurschterwee",1
"Camping Beau Site",1
"Camping op der Sauer",1
"Camping Walensbongert",1
"Caserne de l'Armée Herrenberg",1
"Ceinture Beau-Site",1
"Ceinture des Rosiers",1
"Ceinture um Schlass",1
"Chaussée Blanche",1
"Chaussée Saint Martin",1
"Circuit de la Foire Internationale",1
"Cité Äischdall",1
"Cité Albert Raths",1
"Cité Aline Mayrisch",1
"Cité Aloyse Meyer",1
"Cité Altburg",1
"Cité Am Bruch",1
"Cité am Päerchen",1
"Cité Am Wénkel",1
"Cité au Bois",1
"Cite Beaulieu",1
"Cité Beichel",1
"Cité Bei der Kapell",1
"Cité Belair",1
"Cité Bellevue",1
"Cité Belle-Vue",1
"Cité Berens",1
"Cité Bernard Simminger",1
"Cité Bettewiss",1
"Cité Birkbour",1
"Cité Bommelscheuer",1
"Cité Bourfeld",1
"Cite Bourschterbach",1
"Cite Breechen",1
"Cité Breitfeld",1
"Cité CFL",1
"Cité Charles de Gaulle",1
"Cité de l'Espérance",1
"Cité de l'Usine",1
"Cité Demy Steichen",1
"Cité des Romains",1
"Cité Docteur Nicolas Schaeftgen",1
"Cité Dominique Baum",1
"Cité Émile Mayrisch",1
"Cité Emile Tibessart",1
"Cité Emilie Schmitz",1
"Cité Europe",1
"Cité Franz Leesberg",1
"Cité Grand-Duc Jean",1
"Cité hannert dem Schlass",1
"Cité Henri Dunant",1
"Cité Henri Grey",1
"Cité Hierzesprong",1
"Cité Huserknapp",1
"Cité Jacques Steichen",1
"Cité J.F.L. Alexandre de Colnet",1
"Cité John F. Kennedy",1
"Cité Joseph Brebsom",1
"Cité Kauligwies",1
"Cité Kiem",1
"Cité Klaberfels",1
"Cité Manzendall",1
"Cité Militaire",1
"Cité Millewee",1
"Cité Molter",1
"Cité Morisacker",1
"Cité Nock",1
"Cité op Eechelter",1
"Cité op Gewaennchen",1
"Cité Op Hudelen",1
"Cité Op Soltgen",1
"Cité Oricherhoehl",1
"Cité Ovenacker",1
"Cité Pescher",1
"Cité Peteschfeld",1
"Cité Pierre Braun",1
"Cité Pierre Krier",1
"Cité Pierre Strauss",1
"Cité Princesse Amelie",1
"Cité Rackenberg",1
"Cité Raedelsbesch",1
"Cité Raoul Follereau",1
"Cité Riedgen",1
"Cité Roger Schmitz",1
"Cité Rosenberg",1
"Cité Sainte-Blaise",1
"Cité Saint Jean",1
"Cité Schleed",1
"Cité Schmiedenacht",1
"Cité Sidney Thomas",1
"Cité Souvignier",1
"Cité um Benn",1
"Cité Verte",1
"Cite Warkdall",1
"Cité Wärtzgärtchen",1
"Cité Weichert",1
"Cité Wuesheck",1
"Coin du Lohr",1
"Collette's Pasch",1
"Complexe scolaire",1
"Corniche",1
"Côte d'Eich",1
"Cour du Couvent",1
"Cour du Théâtre des Capucins",1
"Crauthemerstrooss",1
"Daehlerbaach",1
"Daennestrooss",1
"Dännebësch",1
"Daundorf",1
"D'Baach aus",1
"Deichstraße",1
"Dellegaass",1
"Dentzescheck",1
"Dernier Sol",1
"Desserte Schuman",1
"Devant le Marché",1
"D'Gennerwiss",1
"Dicksstrooss",1
"Dieswee",1
"Dikrecherstroos",1
"Dikrecherstrooss",3
"Dittegaass",1
"D'Millen",1
"Doelchen",1
"Doemptchesgrond",1
"Domaine Brameschhaff",1
"Domaine des Bleuets",1
"Domaine des Ormilles",1
"Domaine du Beauregard",1
"Domaine Kierchepad",1
"Domaine op Hals",1
"Domaine Schaefert",1
"Domaine Schmiseleck",1
"Dommewee",1
"Donatusgaessel",1
"Donkelserwee",1
"Dorfstraße",1
"Dosberstrooss",1
"Dr. Ernest Feltgen",1
"Driicht",1
"Duarefstrooss",2
"Duarrefstrooss",1
"Duerefwee",1
"Duerfstrooss",9
"Dumontshaff",1
"Echternacher Straße",1
"Edinger Straße",1
"Eechelsbaach",1
"Eicherfeld",1
"Eiseboonswee",1
"Ellerwee",1
"Elterstrachen",1
"Emeringerhaf",1
"Emille Didderich",1
"Engelsgaass",1
"Enner den Thermen",1
"Ennerem Bësch",1
"Ennerem Duerf",1
"Ennert de Gaarden",1
"Ënnert de Kaulen",1
"Enneschtdueref",1
"Ënnescht Duerf",1
"Ënneschten Wëe",1
"Enneschte Wee",1
"Enneschtgaass",2
"Esplanade",2
"Faerhwee",1
"Fäeschent",1
"Fassburgergronn",1
"Faubourg",1
"Faubuer",1
"Feldstrooss",1
"Feldwee",1
"Fëlschdrëfferstrooss",1
"Fensterhaff",1
"Feschberstrooss",1
"Feschergaass",1
"Fielserstrooss",1
"File d'attende Recyclingcenter",1
"Fleeschgaass",1
"Floetz",1
"Flouerwee",1
"Foetzerkopp",1
"Folkendengerstrooss",1
"Follmillen",1
"Fond Saint-Martin",1
"Fonds-de-Gras",1
"Fraeschegaass",1
"Fraeschepeilchen",1
"Fraigaart",1
"Fréisengerstrooss",1
"Friedhofstraße",1
"Friidhaff",1
"Fronstraße",1
"Frummeschgaass",1
"Fuertwee",1
"Furwee",1
"Gaardewee",1
"Gaessel",2
"Gässel",1
"Gebaakenen Hof",1
"Geessewee",1
"George S. Patton",1
"Gerelwee",1
"Gewänn",1
"Gewännchen",1
"Gewerbegebiet",1
"Giedesch Gaessel",1
"Giele Botter",1
"Gilsduerferstrooss",1
"Ginzegaass",1
"Grande Rue",2
"Grand Rue",1
"Grand-Rue",17
"Grandserstrooss",1
"Gréivelsbarrière",1
"Grenge Wee",1
"Grenzwee",1
"Gringegron",1
"Groendchen",1
"Gromscheed",1
"Grondwee",1
"Grottestrooss",1
"Grousbousserstrooss",1
"Groussgaass",3
"Grousswiss",1
"Gudde Kascht",1
"Haaler Buurchmauer",1
"Haaptstroos",1
"Haaptstrooss",8
"Haardter Wee",1
"Haerewee",1
"Haerewiss",1
"Haffstrooss",1
"Halsbach",1
"Hamesfeld",1
"Hamesgaass",1
"Hamm",1
"Hammeknupp",1
"Hammhafferstrooss",1
"Hanefeld",1
"Hanner Bra",1
"Hannert de Kleppbeem",1
"Hannert dem Duerf",1
"Hannert der Kierch",1
"Hannet der Schoul",1
"Hanzenbiel",1
"Härepesch",1
"Hauptstrooss",1
"Haut-Martelange",1
"Heedscheierwee",1
"Heeschbregerwee",1
"Heienhaff",1
"Héigaart",1
"Helperwee",1
"Hemmeberreg",1
"Hemsteler Wee",1
"Henneschtgaass",1
"Hënneschtgaass",1
"Hëpperdanger Strooss",1
"Herdermillen",1
"Hesseneck",1
"Hëtterberg",1
"Hevelwee",1
"Hiehl",1
"Hiel",1
"Hielt",1
"Hierber Millen",1
"Hierheck",1
"Hingerchen",1
"Hinnick",1
"Hobsteltgen",1
"Hoenerwee",1
"Hoënerwee",1
"Hoimesbusch",1
"Hoisensprenger",1
"Hondsbreck",1
"Hoolewee",1
"Hooveleker Buurchmauer",1
"Hossegaass",1
"Houbësch",1
"Houserstrooss",1
"Hualewee",1
"Hualgässchen",1
"Hualwee",1
"Huelewee",3
"Huele Wee",1
"Huelgaass",2
"Huesepad",1
"Huewelerstrooss",1
"Huuschtwee",1
"Ierweschten Wëe",1
"Ierzewee",1
"Iewerlengerstrooss",1
"Iewescht Gaass",2
"Iewescht Strooss",1
"Iirwescht Duerf",1
"Im Batz",1
"Im Bongert",1
"Im Boujel",1
"Im Grund",1
"Im Heidenfeld",1
"Im Hierchem",1
"Im Medenpoull",1
"Impasse 1",1
"Impasse 2",1
"Impasse Alferweiher",1
"Impasse Aloyse Kayser",1
"Impasse des Bénédictins",1
"Impasse des Bouchers",1
"Impasse Drosbach",1
"Impasse du Château",1
"Impasse du Dé",1
"Impasse Grand-Rue",1
"Impasse Jaeger",1
"Impasse Kalchesbaach",1
"Impasse Michel Kieffer",1
"Impasse Prince Henri",1
"Impasse Quatre Saisons",1
"Impasse Saint-Antoine",1
"Impasse Saint Dominique",1
"Impasse Salentiny",1
"Impasse Witry",1
"Im Reder",1
"Im Reisloch",1
"In Bedigen",1
"Iwwert dem Geierpad",1
"Iwwert der Gaass",1
"Iwwer Weichbisch",1
"Jaanshaff",1
"Jaaseck",1
"Jangelisbunn",1
"Janglinbunn",1
"J.-B. Zewen-Strooss",1
"Jean Baptiste Wolff",1
"Jeannegaessel",1
"Jean-Pierre Hentzen Strooss",1
"Jeckelsgaass",1
"Jos Suenner",1
"Juddegaass",1
"Kaalberstrooss",1
"Kächereck",1
"Kaesfurterstrooss",1
"Kalkewee",1
"Kallekwee",1
"Kapellewee",1
"Kaulepad",1
"Kautebacherwee",1
"Kerwech",1
"Kettengaass",1
"Keupewee",1
"Kiem",1
"Kiemenerstrooss",1
"Kiemerchen",1
"Kierchepad",1
"Kierchestrooss",2
"Kierchewee",1
"Kierchwee",1
"Kierfechstrooss",1
"Kierfechtstrooss",1
"Kierfechtswee",1
"Kierlingerstrooss",1
"Kiirchepad",1
"Kiircheplaz",1
"Kiirchewee",2
"Kiirchgaass",1
"Kiirfechtsstrooss",1
"Kiirfechtstrooss",1
"Kiirfechtswee",1
"Kiischtestrooss",1
"Kiischtewee",1
"Killebësch",1
"Killwee",1
"Kinnekswee",2
"Kinnewee",1
"Kirchstraße",1
"Kirchwais",1
"Kitschenerwee",1
"Klaensberreg",1
"Klatzewee",1
"Klaus",1
"Kleck",1
"Klees Bongert",1
"Kleesgrëndchen",1
"Kléimillewee",1
"Klosgaass",1
"Knäppchen",1
"Kneppchen",1
"Knobé",1
"Knupp",1
"Kocherey",1
"Kohlenberg",2
"Konsdreferstrooss",2
"Konstemer Strooss",1
"Konzerwee",1
"Koppelwee",1
"Kosakestee",1
"Kraeizenhicht",1
"Kräitchen",1
"Kraizbucherstrooss",1
"Krautemergaass",1
"Kremesch Oicht",1
"Kreplinger",1
"Kreuzberg",1
"Kriibsebaach",1
"Kroentgeshof",1
"Krokelshaff-Strooss",1
"Kuelegruecht",1
"Kuesselt",1
"Laangwiss",1
"Laanscht d'Autobunn",1
"Laeichewee",1
"La Gaichel",1
"Läichewee",1
"Langefeld",1
"Langertengaass",1
"Lannewee",2
"Lassrengen",1
"Latterbach",1
"Lauthegaas",1
"Leemerwee",1
"Leewelerwee",1
"Leftgermillen",1
"Leitrengerhaff",1
"Lellgerwëe",1
"Le Relais",1
"Lëtzebuergerstrooss",1
"Libératiounsstrooss",1
"Lomicht",1
"Loumillewee",1
"Luissgaass",1
"Maandelbaach",1
"Maimühle",1
"Maorenacker",1
"Marbuergerstrooss",1
"Marché-aux-Poissons",1
"Märkerlzerstrooss",1
"Marnicherwee",1
"Marscherwald",1
"Massewee",2
"Mecherwee",1
"Medernacherstrooss",1
"Mëllerbaach",1
"Merkholtz",1
"Metzer Straße",1
"Metzleschwee",1
"Michel Rodange",1
"Mielstrachen",1
"Millebaach",1
"Millegässel",1
"Millenhaf",1
"Millewee",8
"Millischpäsch",1
"Momperwee",1
"Mönchkelterhous",1
"Montagne de l'École",1
"Montée de Bridel",1
"Montée de Clausen",2
"Montée de Dommeldange",1
"Montée de la Bergerie",1
"Montée de la Chapelle",2
"Montée de la Klaus",1
"Montée de la Pétrusse",1
"Montée de la Seitert",1
"Montée de l'école",1
"Montée de l'Église",1
"Montée de Mélick",1
"Montée de Nommern",1
"Montée de Pfaffenthal",1
"Montée de Saeul",1
"Montée des Tilleuls",1
"Montée des Vignes",2
"Montée de Trooskneppchen",1
"Montée d'Oetrange",1
"Montée du Château",5
"Montée du Cimetière",1
"Montée du Grund",1
"Montée du Haut-Wangert",1
"Montée du Herrenberg",1
"Montée du Knapp",1
"Montée du Wangert",1
"Montée Pilate",2
"Montée Saint-Crépin",1
"Montée Saint Hubert",1
"Montée Saint-Hubert",2
"Montée Saint Nicolas",1
"Montée Saint Urbain",1
"Montée Thommes",1
"Moselstraße",1
"Moseluferpromenade",1
"Mounereferstrooss",1
"Mühlenweg",3
"Mullebutzestrooss",1
"Munnereferstrooss",2
"Munnerëferwee",1
"Munzerstrooss",1
"Nacherstrooss",1
"Nacherwee",1
"Naerdenerstroos",1
"Naertersstrooss",1
"Naumbergerwee",1
"Nauwiss",1
"Neidierfchen",1
"Neidiirfchen",1
"Neiewee",1
"Neie Wee",8
"Neigaarden",1
"Neigaass",1
"Neimillen",1
"Neit Wunnen",1
"Neiwiss",1
"Nei Wiss",1
"Nicolus Brucher",1
"Nic Pletschettestrooss",1
"Nidderfeld",1
"Obermoselstraße",1
"Oberst Daessent",1
"Oeko-Zenter",1
"Om aale Käppchen",1
"Om Bombasch",1
"Om Bongert",1
"Om Flouer",1
"Om Gren",1
"Om Hiewel",1
"Om Klaeppchen",1
"Om Knupp",1
"Om Maes",2
"Om Stackburren",1
"Om Widdem",1
"Onnergaard",1
"Op Baach",1
"Op Baessend",1
"Op d'Burrigplatz",1
"Op d'Deiwelskopp",1
"Op de 5 Buchen",1
"Op de Biarrig",1
"Op de Fielzen",1
"Op de Gaarden",1
"Op de Gehren",1
"Op de Maessen",1
"Op dem Ewent",1
"Op dem Juck",1
"Op den Aessen",3
"Op den Iessen",1
"Op der Aeppeltaart",1
"Op der Baach",2
"Op der Bach",1
"Op der Barriaer",1
"Op der Bombasch",1
"Op der Breck",2
"Op der Bunn",3
"Op der Drenk",1
"Op der Dresch",1
"Op der Faer",1
"Op der Foorzel",1
"Op der Geessebreck",1
"Op der Gëll",2
"Op der Gewan",1
"Op der Graet",1
"Op der Gruefkaul",1
"Op der Haangels",1
"Op der Hatzgriecht",1
"Op der Head",1
"Op der Heckt",1
"Op der Hed",1
"Op der Heed",4
"Op Der Heicht",1
"Op der Héicht",2
"Op der Ho",1
"Op der Hobuch",1
"Op der Hoehl",1
"Op der Houscht",1
"Op der Huuscht",1
"Op der Insel",1
"Op der Jaich",1
"Op der Klopp",1
"Op der Knupp",4
"Op der Kopp",2
"Op der Lann",2
"Op der Léi",1
"Op der Léier",1
"Op der Leng",1
"Op der Letsch",1
"Op der Lohrwies",1
"Op der Lou",1
"Op der Louerei",1
"Op der Louh",1
"Op der Maes",1
"Op der Meierchen",1
"Op der Nock",1
"Op der Nuddelsfabrik",1
"Op der Sank",1
"Op der Schanz",1
"Op der Schlaed",1
"Op Der Schleck",1
"Op der Schleed",2
"Op der Schmedd",1
"Op der Stee",1
"Op der Steh",1
"Op der Sterz",1
"Op der Strooss",1
"Op der Telleschbaach",1
"Op der Thomm",1
"Op der Tom",1
"Op der Tomm",5
"Op der Tommel",1
"Op der Tonn",2
"Op der Wiss",1
"Op de Schëppen",1
"Op de Wolleken",1
"Op Dirbett",1
"Op d'Schléid",1
"Op d'Schmëtt",1
"Op Eech",1
"Op Fankenacker",1
"Op Feileschter",1
"Op Féilëschterkëppchen",2
"Op Felsduerf",1
"Op Fulsberg",1
"Op Giewert",1
"Op Grimmelbach",1
"Op Grisel",1
"Op Heedscheierchen",1
"Op Héisbrich",1
"Op Hopericht",1
"Op Horbett",1
"Op Huestert",1
"Op Iermescht",1
"Op Kisecker",1
"Op Kraizfelder",1
"Op Laangert",1
"Op Lenkeschlei",1
"Op Maeleck",1
"Op Mailaender",1
"Op Mehlbich",1
"Op Mooschelt",1
"Op Paasseleck",1
"Op Pelgert",1
"Op Präikert",1
"Op Raechels",1
"Op Redt",1
"Op Troo",1
"Op Waasserkierten",1
"Op Weidfeld",1
"Orchideelehrpfad Deiwelskopp",1
"Ouschtergaass",1
"Paerdswee",1
"Pafenheck",1
"Paleneck",1
"Pallenerwee",1
"Pallerwee",1
"Parcours Josy Mersch",1
"Parvis de la Basilique",1
"Parvis de l'Abbaye",1
"Parvis de la Cathédrale",1
"Passage Charles Bettendorf",1
"Passage des Bateliers",1
"Passage des Demoiselles",1
"Pässerchen",1
"Péiter vun Uespelt-Strooss",1
"Petit Contournement",1
"Petite Rue",2
"Petite Rue du Moulin",1
"Piste cyclable de l'Attert",2
"Piste cyclable des Trois Cantons",1
"Piste cyclable du Faubourg Minier",1
"Piste cyclable François Faber",1
"Plateau Altmünster",1
"Plateau du Saint-Esprit",1
"Poschheck",1
"Possegaessel",1
"Poulferwee",1
"Promenade de la Sûre",1
"Prunelles",1
"Puits Rouge",1
"Quai de la Moselle",1
"Quartier Brill",1
"Quartier de l'Église",1
"Quatre-Vents",1
"Rabatt",1
"Rangwee",2
"Raspert",2
"Ravin des Chôlets",1
"Redeschheck",1
"Redoutewee",1
"Réeimercherwee",1
"Regioun",1
"Reidenerwee",1
"Reimerwee",1
"Réimerwee",4
"Résidence Mumina",1
"Ringstraße",1
"Rinnheck",1
"Rives de Clausen",1
"Rixegoard",1
"Robert Schuman-Strooss",1
"Rodenhof",1
"Roman Road",1
"Römerwee",1
"Rond-Point André Siebenbour",1
"Rond-Point Charles de Gaulle",1
"Rond-Point Christoph Willibald Gluck",1
"Rond-Point Merl",1
"Rond-Point Raemerich",1
"Rond-Point Robert Schaffner",1
"Rond-Point Serra",1
"Rond-Point Um Däich",1
"Rostweg",1
"Roudemacherwee",1
"Roudewee",1
"Route d'Arlon",9
"Route de Bascharage",2
"Route de Bastogne",3
"Route de Beaufort",1
"Route de Belvaux",2
"Route de Berdorf",1
"Route de Bettembourg",1
"Route de Boevange",1
"Route de Boudersberg",1
"Route de Burange",1
"Route de Burmerange",1
"Route d'Echternach",3
"Route de Colmar",1
"Route de Colmar-Berg",1
"Route de Diekirch",8
"Route de Dillingen",1
"Route de Filsdorf",1
"Route de Finsterthal",1
"Route de Fischbach",2
"Route de Gilsdorf",1
"Route de Grundhof",1
"Route de Hellange",1
"Route de Holtz",1
"Route de Holzem",1
"Route de Hunsdorf",1
"Route de Kautenbach",1
"Route de Kayl",1
"Route de Kehlen",1
"Route de Koerich",1
"Route de Larochette",1
"Route de Leudelange",1
"Route de l'Europe",1
"Route d'Ellange",1
"Route de Longwy",5
"Route de Luxembourg",14
"Route de Marnach",1
"Route de Mersch",2
"Route de Mondorf",5
"Route de Noertrange",1
"Route de Noertzange",2
"Route de Peppange",1
"Route de Pétange",1
"Route de Pettange",1
"Route d'Eppeldorf",1
"Route de Reckange",1
"Route de Redange",1
"Route de Reisdorf",1
"Route de Remich",5
"Route de Roost",1
"Route d'Erpeldange",1
"Route d'Esch",4
"Route de Schifflange",1
"Route de Schouweiler",1
"Route de Thionville",2
"Route de Trèves",1
"Route d'Ettelbruck",2
"Route de Vichten",1
"Route de Volmerange",1
"Route de Wasserbillig",1
"Route de Zoufftgen",1
"Route d'Olm",1
"Route d'Osweiler",1
"Route du 9 Septembre 1944",1
"Route du Vin",3
"Route Principale",1
"Routstrach",1
"Rue Abbé Edouard Garnich",1
"Rue Abbé Georges Kayser",1
"Rue Abbé Henri Müller",1
"Rue Abbé Joseph Flies",1
"Rue Abbé Jos Keup",1
"Rue Abbé Jules Lemire",1
"Rue Abbé Lemire",2
"Rue Abbé Nicolas Weyrich",1
"Rue Abraham Lincoln",1
"Rue Adam Roberti",1
"Rue A. Diederich",1
"Rue Adolphe",3
"Rue Adolphe Fischer",1
"Rue Adolphe Omlor",1
"Rue Adolphe Reding",1
"Rue Adolphe Weis",1
"Rue Ady Claude",1
"Rue Aeppelboesch",1
"Rue Aessen",1
"Rue A. Klein",1
"Rue Albert Borschette",1
"Rue Albert Calmes",1
"Rue Albert Cremmer",1
"Rue Albert Einstein",1
"Rue Albert Goedert",1
"Rue Albert Philippe",1
"Rue Albert Schweitzer",1
"Rue Albert Simon",1
"Rue Albert Steffen",1
"Rue Albert Unden",1
"Rue Albert Ungeheuer",1
"Rue Albert Wehrer",1
"Rue Albert Wingert",1
"Rue Alcide de Gasperi",1
"Rue Aldringen",1
"Rue Alexandre",1
"Rue Alexandre Fleming",1
"Rue Alexandre Flemming",1
"Rue Alexandre Schintgen",1
"Rue Alex Federspil",1
"Rue Alexis Heck",1
"Rue Alf",1
"Rue Alfenweiher",1
"Rue Alfred de Musset",1
"Rue Alfred Kowalsky",1
"Rue Aline de Saint-Hubert",1
"Rue Aline Grün",1
"Rue Aline Mayrisch de Saint-Hubert",1
"Rue Aloyse Kayser",6
"Rue Aloyse Ludovissy",1
"Rue Aloyse Meier",1
"Rue Aloyse Meyer",1
"Rue Aloyse Sandt",1
"Rue Aloyse Weber",1
"Rue Alphonse Benoit",1
"Rue Alphonse Diederich",1
"Rue Alphonse Munchen",2
"Rue Alphonse Peusch",1
"Rue Alphonse Rupprecht",1
"Rue Alphonse Weicker",1
"Rue Alsbach",1
"Rue Altrescht",1
"Rue Amelle",1
"Rue Am Kallek",1
"Rue Am Pesch",1
"Rue Am Pratel",1
"Rue Am Wangert",1
"Rue Anatole France",1
"Rue An den Achten",1
"Rue an der Hiel't",1
"Rue Andethana",1
"Rue André Chevalier",1
"Rue André Duchscher",2
"Rue André Gide",1
"Rue André Hentgès",1
"Rue André Vésale",1
"Rue Aneschbach",1
"Rue Angeldall",1
"Rue Anne Beffort",1
"Rue Anne Frank",1
"Rue Anny Blau",1
"Rue Antoine de Saint-Exupéry",1
"Rue Antoine Diederich",1
"Rue Antoine-François van der Meulen",1
"Rue Antoine Godart",1
"Rue Antoine Jans",1
"Rue Antoine Lavoisier",1
"Rue Antoine Meyer",1
"Rue Antoine Nangeroni",1
"Rue Antoine Zinnen",3
"Rue Aristide Briand",1
"Rue Arsène Mersch",1
"Rue Arthur Herchen",1
"Rue Arthur Knaff",1
"Rue Arthur Thinnes",1
"Rue Arthur Useldinger",1
"Rue Asca Rampini",1
"Rue A. Stackels",1
"Rue Astrid",1
"Rue Atert",1
"Rue A.T. Schmitz",1
"Rue Auguste Charles",1
"Rue Auguste Collart",1
"Rue Auguste Dutreux",1
"Rue Auguste Laval",1
"Rue Auguste Letellier",1
"Rue Auguste Liesch",4
"Rue Auguste Lumière",2
"Rue Auguste Neyen",1
"Rue Auguste Scholer",1
"Rue Auguste Trémont",1
"Rue Ausone",1
"Rue Balcon",1
"Rue Baltzing",1
"Rue Bannent",1
"Rue Barbourg",1
"Rue Baron de Tornaco",1
"Rue Bartholmy",1
"Rue Basse",6
"Rue Batty Weber",8
"Rue Baudouin",1
"Rue Béatrix de Bourbon",1
"Rue Beaulieu",1
"Rue Beaumont",1
"Rue Bechel",3
"Rue Beck",1
"Rue Belair",7
"Rue Bel Air",2
"Rue Bel-Air",1
"Rue Bëll",1
"Rue Bellevue",3
"Rue Belle Vue",3
"Rue Belle-Vue",13
"Rue Bender",1
"Rue Benjamin Franklin",1
"Rue Berkels",1
"Rue Bernard Haal",1
"Rue Beronis Villa",1
"Rue Biermecht",1
"Rue Bischoff",1
"Rue Boeltgen",1
"Rue Boettelchen",1
"Rue Boitenberg",1
"Rue Boltgen",1
"Rue Bommert",1
"Rue Bongert",1
"Rue Bour",1
"Rue Bourg",1
"Rue Bouvard",1
"Rue Braetelt",1
"Rue Breilekes",1
"Rue Brementrausch",1
"Rue Brillbaach",1
"Rue Brooch",1
"Rue Bruch",1
"Rue Brucherberg",1
"Rue Buerdenerhals",1
"Rue Burgberg",1
"Rue Buurgkapp",1
"Rue Camille Biver",1
"Rue Camille Mersch",1
"Rue Camille Polfer",1
"Rue Camille Wampach",1
"Rue Carlo Hemmer",1
"Rue Caroline Baldauff-Rothermel",1
"Rue Caspar Mathias Spoo",5
"Rue Caspar-Mathias Spoo",1
"Rue Catherine Krieps-Welbes",1
"Rue Centrale",3
"Rue Cents",1
"Rue Charlemagne",1
"Rue Charles Arendt",1
"Rue Charles Bernhoeft",1
"Rue Charles Calmette",1
"Rue Charles de Gaulle",2
"Rue Charles de Tornaco",1
"Rue Charles Frédéric Mersch",1
"Rue Charles Gounod",1
"Rue Charles IV",1
"Rue Charles Jacquinot",1
"Rue Charles Lambert",1
"Rue Charles-Léon Hammes",1
"Rue Charles Martel",1
"Rue Charles Quint",1
"Rue Charles Rausch",1
"Rue Charles Schambourg",1
"Rue Charles Schwall",1
"Rue Charles VI",1
"Rue Charlotte",1
"Rue Charlotte Engels",1
"Rue Charly Gaul",2
"Rue Chimay",1
"Rue Chingiz T. Aitmatov",1
"Rue Christophe Colomb",1
"Rue Christophe Plantin",1
"Rue Christoph Willibald Gluck",1
"Rue Clair-Chêne",1
"Rue Clairefontaine",1
"Rue Clees",1
"Rue Collart",1
"Rue Comte de Bertier",1
"Rue Comte Joseph de Ferraris",1
"Rue Comte Sigefroi",1
"Rue Conrad 1er",1
"Rue Cunegonde",1
"Rue Curie",1
"Rue Cyprien Merjai",1
"Rue D'Ahlen",1
"Rue Dahlscheidt",1
"Rue d'Allamont",1
"Rue d'Alsace",1
"Rue d'Altrier",1
"Rue d'Alzingen",1
"Rue d'Amsterdam",1
"Rue d'Ansembourg",2
"Rue Dante",1
"Rue d'Anvers",1
"Rue d'Arlon",4
"Rue d'Assel",1
"Rue d'Athènes",1
"Rue d'Athus",1
"Rue d'Audun",1
"Rue Dauvelt",1
"Rue d'Avalon",1
"Rue de Bascharage",2
"Rue de Bastogne",1
"Rue de Beckerich",1
"Rue de Beggen",1
"Rue de Bellain",1
"Rue de Belval",1
"Rue de Belvaux",2
"Rue de Berdorf",1
"Rue de Bergem",1
"Rue de Beringen",1
"Rue de Berlin",1
"Rue de Bettange",1
"Rue de Bettembourg",3
"Rue de Bitbourg",1
"Rue de Bitburg",1
"Rue de Biwisch",1
"Rue de Blaschette",1
"Rue de Boevange",1
"Rue de Bonnevoie",2
"Rue de Bourgogne",1
"Rue de Boursdorf",1
"Rue de Bous",1
"Rue de Brabant",2
"Rue de Bragance",1
"Rue de Brameschhof",1
"Rue de Bridel",2
"Rue de Brouch",2
"Rue de Bruxelles",1
"Rue de Buerden",1
"Rue de Burmerange",1
"Rue de Buschdorf",1
"Rue de Canach",3
"Rue de Capellen",1
"Rue de Cessange",3
"Rue de Champs",1
"Rue de Chauffailles",1
"Rue de Chevaliers",1
"Rue de Chicago",1
"Rue de Christnach",1
"Rue d'Echternach",3
"Rue de Clairefontaine",1
"Rue de Clausen",1
"Rue de Clemency",1
"Rue de Clervaux",1
"Rue de Colbette",1
"Rue de Colmar-Berg",1
"Rue de Consdorf",1
"Rue de Contern",2
"Rue de Copenhague",1
"Rue de Crauthem",1
"Rue de Crécy",1
"Rue de Cure",1
"Rue de Dahlem",2
"Rue de Dalheim",2
"Rue de Dellen",1
"Rue de Dickweiler",1
"Rue de Diekirch",6
"Rue de Differdange",2
"Rue de Dippach",2
"Rue de Dommeldange",1
"Rue de Dondelange",1
"Rue de Dormans",1
"Rue de Drinklange",1
"Rue de Dublin",1
"Rue de Dudelange",1
"Rue de Feulen",1
"Rue de Fingig",2
"Rue de Fischbach",1
"Rue de Fiuminata",1
"Rue de Folschette",1
"Rue de France",1
"Rue de Fromburg",1
"Rue de Garnich",1
"Rue de Gasperich",2
"Rue de Gibraltar",1
"Rue de Girsterklaus",1
"Rue de Goeblange",2
"Rue de Goetzange",1
"Rue de Goetzingen",1
"Rue de Gondelange",1
"Rue de Grallingen",1
"Rue de Grass",3
"Rue de Greisch",1
"Rue de Grenzingen",1
"Rue de Grevels",1
"Rue de Grundhof",2
"Rue de Hagen",1
"Rue de Halanzy",1
"Rue de Haller",1
"Rue de Hamm",1
"Rue de Hassel",1
"Rue de Hautcharage",1
"Rue de Hayange",1
"Rue de Hédange",1
"Rue de Heiderscheid",1
"Rue de Hellange",1
"Rue de Helmdange",1
"Rue de Helpert",1
"Rue de Hesperange",2
"Rue de Hivange",2
"Rue d'Ehlerange",2
"Rue d'Ehnen",1
"Rue de Hobscheid",2
"Rue de Hollenfels",1
"Rue de Hollerich",1
"Rue de Holtz",1
"Rue de Holzem",1
"Rue de Hoscheid",1
"Rue de Hostert",1
"Rue de Hunsdorf",1
"Rue de Hussigny",2
"Rue de Huy",1
"Rue d'Eich",1
"Rue de Industrie",1
"Rue d'Eischen",1
"Rue D. Eisenhower",1
"Rue de Kahler",2
"Rue de Kayl",1
"Rue de Kehlen",1
"Rue de Keispelt",2
"Rue de Kiem",1
"Rue de Kirchberg",1
"Rue de Kleinbettingen",1
"Rue de Kockelscheuer",2
"Rue de Koerich",3
"Rue de Kopstal",2
"Rue de Kroentgeshof",1
"Rue de la Barrière",1
"Rue de l'Abattoir",2
"Rue de l'Abbaye",1
"Rue de la Bergerie",1
"Rue de la Boucherie",1
"Rue de la Brasserie",2
"Rue de la Briquetterie",1
"Rue de la Bruyère",1
"Rue de la Carrière",1
"Rue de la Chapelle",17
"Rue de la Chaux",1
"Rue de la Chiers",4
"Rue de l'Acht",1
"Rue de l'Acier",3
"Rue de l'Aciérie",1
"Rue de la Cimenterie",1
"Rue de la Cité",1
"Rue de la Clef",1
"Rue de la Colline",4
"Rue de la Congrégation",1
"Rue de la Continentale",1
"Rue de la Corniche",2
"Rue de la Croix",7
"Rue de la Crosnière",1
"Rue de l'Aérodrome",1
"Rue de la Fail",1
"Rue de la Faucille",1
"Rue de la Fenderie",1
"Rue de la Ferme",3
"Rue de la Fonderie",2
"Rue de la Fontaine",13
"Rue de la Forêt",15
"Rue de la Forge",2
"Rue de la Frontière",3
"Rue de la Gaichel",1
"Rue de la Gendarmerie",2
"Rue de la Grève",2
"Rue de la Grève Nationale",1
"Rue de la Grotte",1
"Rue de la Halte",1
"Rue de la Jeunesse sacrifiée",1
"Rue de la Laiterie",3
"Rue de la Lavande",1
"Rue de la Libération",10
"Rue de la Liberté",2
"Rue de Lallange",2
"Rue de la Loge",1
"Rue de la Lorraine",1
"Rue de l'Alzette",8
"Rue de la Mairie",2
"Rue de la Malterie",1
"Rue de la Métallurgie",1
"Rue de la Minière",1
"Rue de la Monnaie",1
"Rue de la Montagne",23
"Rue de la Montée",6
"Rue de la Moselle",1
"Rue de l'Ancien Athénée",1
"Rue de Landiras",1
"Rue de la Normandie",1
"Rue de la Paix",6
"Rue de la Pétrusse",1
"Rue de la Piscine",3
"Rue de la Poudrerie",1
"Rue de la Promenade",1
"Rue de la Providence",1
"Rue de l'Ardoisière",1
"Rue de la Reconnaissance Nationale",1
"Rue de la Redoute",1
"Rue de la Reine",1
"Rue de la Résidance",1
"Rue de la Résistance",7
"Rue de la Riviere",1
"Rue de l'Armistice",1
"Rue de la Roche",1
"Rue de Laroche",1
"Rue de Larochette",1
"Rue de la Rotonde",1
"Rue de la Sapinière",2
"Rue de Lasauvage",2
"Rue de la Scierie",1
"Rue de la Sidérurgie",1
"Rue de la Solidarité",1
"Rue de la Source",4
"Rue de la Sûre",3
"Rue de la Synagogue",1
"Rue de la Syre",1
"Rue de la Tannerie",2
"Rue de la Toison d'Or",1
"Rue de la Tour",2
"Rue de la Tour Jacob",1
"Rue de l'Attert",2
"Rue de l'Auberge",1
"Rue de la Vallée",9
"Rue de l'Avenir",4
"Rue de la Victoire",1
"Rue de Lavoir",1
"Rue de la Wark",2
"Rue de l'eau",3
"Rue de l'Eau",6
"Rue de Lebork",1
"Rue de l'école",2
"Rue de l'École",22
"Rue de l'école agricole",1
"Rue de l'Egalité",1
"Rue de l'église",1
"Rue de l'Église",34
"Rue de l'Électricité",1
"Rue de l'Étang",3
"Rue de l'Étoile",1
"Rue de Leudelange",2
"Rue de l'Europe",1
"Rue de l'Hippodrome",1
"Rue de l'Horizon",1
"Rue de l'Hospice",1
"Rue de l'Hôtel de Ville",2
"Rue de Lidice",1
"Rue de Liège",1
"Rue de Lille",1
"Rue de Limana",1
"Rue de Limpach",4
"Rue de l'indépendance",2
"Rue de l'Indépendance",3
"Rue de l'Industrie",9
"Rue de Linger",1
"Rue de Lisbonne",1
"Rue de Livange",2
"Rue d'Ell",1
"Rue Dell",1
"Rue Dellhéicht",1
"Rue de Lodeve",1
"Rue de Londres",1
"Rue de Longuyon",1
"Rue de Longwy",1
"Rue de l'Ordre de la Couronne de Chêne",1
"Rue de l'Orée",1
"Rue de l'Orée du Bois",1
"Rue de l'Orphelinat",1
"Rue de l'Ouest",1
"Rue de l'Usine",3
"Rue de Luxembourg",15
"Rue d'Elvange",1
"Rue de Macher",1
"Rue de Mâcon",1
"Rue de Madrid",1
"Rue de Malines",1
"Rue de Mamer",3
"Rue de Manom",1
"Rue de Marcinelle",1
"Rue de Maribor",1
"Rue de Marville",1
"Rue de Meispelt",1
"Rue de Mensdorf",1
"Rue d'Emerange",1
"Rue de Merl",1
"Rue de Mersch",4
"Rue de Merscheid",2
"Rue de Messancy",1
"Rue de Michelbouch",1
"Rue de Michelshof",1
"Rue de Moedling",1
"Rue de Mondercange",2
"Rue de Mondorf",3
"Rue de Monthey",1
"Rue de Montpellier",1
"Rue de Moutfort",3
"Rue de Mühlenbach",1
"Rue de Müllerthal",1
"Rue de Munsbach",1
"Rue Demy Schlechter",1
"Rue de Nagem",1
"Rue de Namur",1
"Rue de Nassau",1
"Rue Dënebësch",1
"Rue de Neudorf",4
"Rue de Neuerburg",1
"Rue de Neuhaeusgen",1
"Rue Den Haag",1
"Rue de Niedercorn",1
"Rue de Niederkorn",2
"Rue Denis Netgen",1
"Rue de Noedlange",1
"Rue de Noertzange",3
"Rue de Nospelt",2
"Rue de Paris",1
"Rue de Peppange",1
"Rue de Perlé",1
"Rue d'Épernay",1
"Rue de Pettingen",1
"Rue de Pleitrange",1
"Rue de Prague",1
"Rue de Prettingen",1
"Rue de Pulvermühl",1
"Rue de Puteaux",1
"Rue de Putscheid",1
"Rue de Raemerich",1
"Rue de Reckange",2
"Rue de Reckenthal",1
"Rue de Redange",1
"Rue de Reichlange",1
"Rue de Reims",2
"Rue de Reisdorf",2
"Rue de Remich",3
"Rue de Rindschleiden",1
"Rue d'Ermsdorf",1
"Rue d'Ernster",1
"Rue de Roanne",1
"Rue de Rodange",2
"Rue de Rodenbourg",1
"Rue de Rodenhof",1
"Rue de Roedgen",1
"Rue de Roeser",2
"Rue de Rolling",1
"Rue de Rollingergrund",1
"Rue de Rome",1
"Rue de Roodt",2
"Ruederstrooss",1
"Rue de Ruisseau",1
"Rue de Rumelange",2
"Rue des Acacias",4
"Rue de Saeul",1
"Rue de Saint-Gilles",1
"Rue de Saint-Vith",1
"Rue des Alliés",3
"Rue de Salm",1
"Rue des Alouettes",1
"Rue de Sandweiler",1
"Rue de Sanem",2
"Rue des Anémones",1
"Rue des Arbustes",1
"Rue des Ardennes",2
"Rue des Argentins",1
"Rue des Arquebusiers",1
"Rue des Artisans",6
"Rue des Ateliers",2
"Rue des Aubépines",4
"Rue des Aulnes",2
"Rue de Saulnes",1
"Rue des Azalées",1
"Rue des Bains",1
"Rue des Bâteliers",1
"Rue des Bénédictins",2
"Rue des Bleuets",4
"Rue des Bobineurs",1
"Rue des Bois",2
"Rue des Bons-Malades",1
"Rue des Bottes",1
"Rue des Bouchers",1
"Rue des Bouleaux",2
"Rue des Bruyères",2
"Rue des Carrefours",2
"Rue des Carrières",4
"Rue des Casemates",1
"Rue des Caves",1
"Rue des Celtes",2
"Rue des Cerisiers",2
"Rue d'Esch",5
"Rue des Champs",35
"Rue des Champs B16",1
"Rue de Schandel",1
"Rue des Chapelles",1
"Rue des Charbons",1
"Rue des Charetiers",1
"Rue des Chariots",1
"Rue des Chaudronniers",1
"Rue des Chaux",1
"Rue des Chênes",2
"Rue de Schengen",1
"Rue de Schifflange",3
"Rue de Schio",1
"Rue de Schmitshausen",1
"Rue de Schoenberg",1
"Rue de Schoenfels",2
"Rue de Schouweiler",1
"Rue de Schwarzenhof",1
"Rue des Cigales",1
"Rue des Colchiques",1
"Rue des Commerçants",1
"Rue des Coquelicots",4
"Rue des Dahlias",3
"Rue des Dominicains",1
"Rue des Écoles",4
"Rue des Écoliers",1
"Rue des Églantiers",4
"Rue de Sélange",1
"Rue de Senningen",2
"Rue de Septfontaines",1
"Rue des Érables",1
"Rue des États-Unis",2
"Rue des Fleurs",10
"Rue des Fondeurs",2
"Rue des Forains",1
"Rue des Forêts",1
"Rue des Forgerons",1
"Rue des Forges",3
"Rue des Fours",1
"Rue des Foyers",1
"Rue des Fraises",1
"Rue des Franciscaines",1
"Rue des Franciscains",1
"Rue des Gaulois",3
"Rue des Genêts",3
"Rue des Gênets",1
"Rue des Girondins",1
"Rue des Grottes",1
"Rue des Halles",1
"Rue des Hauts-Fourneaux",1
"Rue des Hêtres",1
"Rue de Siegelsbach",1
"Rue de Simmerschmelz",1
"Rue Désiré Zahlen",1
"Rue des Iris",1
"Rue des Jardiniers",1
"Rue des Jardins",24
"Rue des Juifs",1
"Rue des Labours",1
"Rue des Lamineurs",1
"Rue des Lavandes",1
"Rue des Légionnaires",2
"Rue des Ligures",2
"Rue des Lilas",5
"Rue des Maquisards",1
"Rue des Maraîchers",1
"Rue des Marguerites",1
"Rue des Martyrs",6
"Rue des Maximins",1
"Rue des Merciers",1
"Rue des Mérovingiens",1
"Rue des Mines",4
"Rue des Mineurs",2
"Rue des Minières",1
"Rue des Modeleurs",1
"Rue des Mouleurs",1
"Rue des Moulins",2
"Rue des Muguets",4
"Rue des Nations Unies",1
"Rue des Noyers",2
"Rue des Oeillets",1
"Rue de Soleuvre",2
"Rue de Sources",1
"Rue des Pêcheurs",2
"Rue des Peupliers",2
"Rue des Pierres",1
"Rue des Pins",1
"Rue des Poiriers",1
"Rue des Pommiers",6
"Rue des Poseurs",1
"Rue des Poteries",1
"Rue des Prés",29
"Rue des Primeurs",1
"Rue des Primevères",4
"Rue de Sprinkange",1
"Rue des Promenades",3
"Rue des Prunelles",3
"Rue des Prunelliers",1
"Rue des Pruniers",2
"Rue des Quatre Vents",1
"Rue des Ramparts",1
"Rue des Redoutes",1
"Rue des Remparts",4
"Rue des Réservoirs",1
"Rue des Residences",1
"Rue des Rochers",1
"Rue des Romains",20
"Rue des Roses",5
"Rue des Rosiers",3
"Rue des Sacrifiés",2
"Rue des Saules",2
"Rue des Scarifies 1940-1945",1
"Rue des Scillas",1
"Rue des Sept-Arpents",1
"Rue des Sept-Fontaines",1
"Rue des Soeurs Franciscaines",1
"Rue des Sorbiers",1
"Rue des Sources",6
"Rue de Stadtbredimus",1
"Rue de Stalingrad",1
"Rue des Tanneurs",3
"Rue de Stavelot",2
"Rue de Steinfort",2
"Rue de Steinsel",3
"Rue de Sterpenich",1
"Rue des Thermes",1
"Rue des Tilleuls",3
"Rue des Tisserands",2
"Rue des Tondeaurs",1
"Rue des Tonneliers",1
"Rue des Traceurs",1
"Rue de Strasbourg",1
"Rue de Strassen",3
"Rue des Trévires",3
"Rue des Trois Cantons",3
"Rue des Trois Glands",1
"Rue des Tulipes",1
"Rue des Usines",1
"Rue des Vergers",8
"Rue des Vieilles Parts",1
"Rue des Vieilles Tanneries",1
"Rue des Vignes",4
"Rue des Violettes",5
"Rue de Syren",3
"Rue d'Étalle",1
"Rue de Tetange",1
"Rue d'Ethe",1
"Rue de Trèves",2
"Rue de Trintange",1
"Rue d'Ettelbruck",1
"Rue de Tuntange",2
"Rue d'Europe",1
"Rue de Velletri",1
"Rue d'Everlange",1
"Rue de Vianden",1
"Rue de Vichten",2
"Rue de Volmerange",1
"Rue de Wahlhausen",1
"Rue de Waldbredimus",1
"Rue de Waltzing",1
"Rue de Warken",1
"Rue de Waterloo",1
"Rue de Weiler",1
"Rue de Weiler-la-Tour",1
"Rue de Welscheid",1
"Rue de Wiltz",3
"Rue de Wilwerdange",1
"Rue de Windhof",1
"Rue de Winseler",1
"Rue de Wintrange",1
"Rue Dicks",14
"Rue Dicks-Lentz",3
"Rue Dielchen",1
"Rue Dierwiss",1
"Rue Ditert",1
"Rue Ditzenheck",1
"Rue d'Itzig",2
"Rue d'Ivoix",1
"Rue Docteur Albert Calmette",1
"Rue Docteur Albert Mambourg",1
"Rue Docteur Albert Schweitzer",1
"Rue Docteur Auguste Schumacher",1
"Rue Docteur Conzemius",1
"Rue Docteur Émile Pauly",1
"Rue Docteur Ernest Feltgen",1
"Rue Docteur François Baclesse",1
"Rue Docteur Herr",1
"Rue Docteur Jean-Pierre Ecker",1
"Rue Docteur Jean-Pierre Glaesener",1
"Rue Docteur Joseph Peffer",1
"Rue Docteur Klein",1
"Rue Docteur Marie-Paule Molitor-Peffer",1
"Rue Docteur Michel Welter",2
"Rue Docteur Nicolas Clasen",1
"Rue Docteur Orphee Bernard",1
"Rue Docteur Philippe Bastian",1
"Rue Docteur Robert Koch",1
"Rue Docteur Schweitzer",1
"Rue Docteur Théodore Urbain",1
"Rue Docteur Welter",3
"Rue Docteur Willy Thinnes",1
"Rue d'Oetrange",4
"Rue d'Offenbach",1
"Rue d'Olm",1
"Rue Dominique",1
"Rue Dominique Lang",2
"Rue Dondelinger",1
"Rue d'Oradour",2
"Rue D'Oradour-sur-Glâne",1
"Rue d'Orange",1
"Rue d'Orchimont",1
"Rue d'Ospern",1
"Rue d'Ostende",1
"Rue Driicht",1
"Rue Drosbach",1
"Rue du 1er Mai",1
"Rue du 31 août 1942",1
"Rue du 31 Août 1942",1
"Rue du Barrage",1
"Rue du Bassin",1
"Rue du Baumbusch",1
"Rue du Belvédère",1
"Rue du Berger",2
"Rue du Bois",17
"Rue du Bois des Bonnes Soeurs",1
"Rue du Brill",5
"Rue du Camping",3
"Rue du Canal",4
"Rue du Castel",2
"Rue du Centenaire",2
"Rue du Centre",2
"Rue du Centre Medical",1
"Rue du Charly",2
"Rue du Charron",1
"Rue du Château",13
"Rue du Château d'Eau",3
"Rue du Château Fort",1
"Rue du Choeur",1
"Rue Duchscher",3
"Rue du Cimetière",25
"Rue du Cinquantenaire",1
"Rue du Clopp",1
"Rue du Coin",4
"Rue du Commerce",10
"Rue du Couvent",3
"Rue du Cure",1
"Rue du Curé",3
"Rue du Deich",1
"Rue d'Udingen",1
"Rue du Dix Octobre",1
"Rue du Dix Septembre",1
"Rue Dudley-Yves",1
"Rue du Docteur August Schumacher",1
"Rue du Docteur Flesch",1
"Rue du Docteur Joseph Peffer",1
"Rue du Docteur Julien Berger",1
"Rue du Duché",1
"Rue du Faubourg",5
"Rue du Fort Bourbon",1
"Rue du Fort Dumoulin",1
"Rue du Fort Élisabeth",1
"Rue du Fort Neipperg",1
"Rue du Fort Niedergrünewald",1
"Rue du Fort Olisy",1
"Rue du Fort Rheinsheim",1
"Rue du Fort Thüngen",1
"Rue du Fort Wallis",1
"Rue du Fort Wedell",1
"rue du Fossé",1
"Rue du Fossé",5
"Rue du Funiculaire",1
"Rue du Gaz",1
"Rue du Genêt",3
"Rue du Golf",2
"Rue du Grünewald",2
"Rue du Gymnase",1
"Rue du Hallerbach",1
"Rue du Haut Ruisseau",1
"Rue du Herrenberg",1
"Rue du Jardin",1
"Rue du Kiem",8
"Rue du Kirchberg",1
"Rue du Klopp",1
"Rue du Knapp",2
"Rue du Kockelberg",1
"Rue du Laboratoire",1
"Rue du Laminoir",1
"Rue du Lavoir",7
"Rue du Lycee",1
"Rue du Lycée",1
"Rue du Marché",3
"Rue du Marché-aux-Herbes",1
"Rue du Marchenwald",1
"Rue du Merschgrund",1
"Rue du Millénaire",1
"Rue du Mont Saint Jean",1
"Rue du Moulin",28
"Rue du Moulin à Vent",1
"Rue du Muguet",1
"Rue du Mur",2
"Rue du Neuf Mai 1944",1
"Rue du Neuf Septembre",1
"Rue du Neuf Septembre 1867",1
"Rue du Neuort",1
"Rue du Nord",8
"Rue du Onze Septembre",1
"Rue du Pain",2
"Rue du Palais",1
"Rue du Parc",11
"Rue du Partengrund",1
"Rue du Pensionnat",1
"Rue du Père Jacques Brocquart",1
"Rue du Père Raphaël",1
"Rue du Pinson",1
"Rue du Plébiscite",2
"Rue du Potager",1
"Rue du Président John Fitzgerald Kennedy",1
"Rue du Puits",4
"Rue du Puits Romain",1
"Rue du Rail",1
"Rue Durenthal",1
"Rue du Réservoir",1
"Rue du Rham",2
"Rue du Rost",1
"Rue du Ruisseau",3
"Rue du Sanatorium",1
"Rue du Schlammesté",1
"Rue du Schlewenhoff",1
"Rue du Sellier",1
"Rue du Soleil",3
"Rue du Stade",6
"Rue du Stade 2000",1
"Rue du Stade Henri Jungers",1
"Rue du Stade Jos Nosbaum",1
"Rue du Tilleul",2
"Rue du Titelberg",1
"Rue du Traité de Londres",1
"Rue du Tramway",1
"Rue du Travail",2
"Rue du Verger",4
"Rue du Viaduc",1
"Rue du Vieux Marche",1
"Rue du Vieux Marché",1
"Rue du Vieux Moulin",1
"Rue du Village",11
"Rue du Walebroch",1
"Rue du X septembre",1
"Rue du X Septembre",3
"Rue Edison",2
"Rue Edmond Dune",1
"Rue Edmond-Jean Klein",1
"Rue Edmond Reuter",1
"Rue Edmond Zinnen",1
"Rue Edouard Brézol",1
"Rue Édouard Grenier",1
"Rue Edouard Oster",1
"Rue Edouard Wolff",1
"Rue Eduard Thill",1
"Rue Edward Steichen",4
"Rue Eecherschmelz",1
"Rue Ehs",1
"Rue Eich",1
"Rue Eisknippchen",1
"Rue Elsa Jacobs",1
"Rue Emanuel Servais",1
"Rue Emile Barthel",1
"Rue Émile Bian",1
"Rue Emile Bofferding",1
"Rue Émile Duployé",1
"Rue Émile Eischen",1
"Rue Emile Klensch",1
"Rue Emile Kohn",1
"Rue Émile Kowalsky",1
"Rue Émile Lavandier",1
"Rue Emile Ludwig",1
"Rue Emile Mark",2
"Rue Emile Marx",1
"Rue Emile Mayrisch",2
"Rue Émile Mayrisch",3
"Rue Émile Metz",2
"Rue Émile Verhaeren",1
"Rue Emil Max",1
"Rue Emmanuel Goethals",1
"Rue Emmanuel Servais",1
"Rue Englebert Neveu",1
"Rue Enner Owend",1
"Rue Enz",1
"Rue Érasme",1
"Rue E. Reitz",1
"Rue Ermesinde",3
"Rue Ernest Beres",1
"Rue Ernest Koch",1
"Rue Espen",1
"Rue Eucosider",1
"Rue Eugene Conrad",1
"Rue Eugène Heynen",1
"Rue Eugène Huberty",1
"Rue Eugène Mouschand",1
"Rue Eugène Mousset",1
"Rue Eugene Nickels",1
"Rue Eugène Reichling",1
"Rue Eugène Ruppert",1
"Rue Eugène Schaus",1
"Rue Eugène Welter",1
"Rue Eugène Wolff",1
"Rue Evrard Ketten",1
"Rue Eweschbour",1
"Rue Fanny Leclerc",1
"Rue Fanny Schumacher",1
"Rue Fautelfiels",1
"Rue F. Cigrand",1
"Rue F-D Roosevelt",1
"Rue F.D. Roosevelt",1
"Rue Félix de Blochausen",1
"Rue Félix Jemming",1
"Rue Félix Worré",1
"Rue Fellens",1
"Rue Ferdinand Kuhn",1
"Rue Fernand d'Huart",1
"Rue Fernand Mertens",2
"Rue Fernand Schwachtgen",1
"Rue Ferrer",1
"Rue Flammang",2
"Rue Foascht",1
"Rue Fockeschlass",1
"Rue Fontaine d'Olière",1
"Rue Foullert",1
"Rue François Baclesse",1
"Rue François-Christian Gerden",1
"Rue François Faber",1
"Rue François Hogenberg",1
"Rue François-Julien Vannerus",1
"Rue François Sébastien Tinant",1
"Rue Frantz Clement",1
"Rue Frantz Seimetz",1
"Rue Franz Biver",1
"Rue Franz Erpelding",1
"Rue Franz Liszt",1
"Rue Frebsou",1
"Rue Fred A. Gilson",1
"Rue Friedrich Wilhelm Engelhardt",1
"Rue Fritz Bintner",1
"Rue Fronzel",1
"Rue Gabriel de Marie",1
"Rue Gabriel Lippmann",2
"Rue Gabriel Maugas",1
"Rue Gaessel",2
"Rue Gaffelt",1
"Rue Galileo Galilei",1
"Rue Gaston Barbanson",2
"Rue Gaston Thorn",2
"Rue Geetz",1
"Rue General George S. Patton",2
"Rue Général George S. Patton",1
"Rue General Major Lunsford E. Oliver",1
"Rue General Omar N. Bradley",1
"Rue General Paton",1
"Rue General Patton",1
"Rue Général Patton",1
"Rue Genistre",1
"Rue George C. Marshall",1
"Rue Georges Clemenceau",1
"Rue Georges Hamen",1
"Rue Georges Haupt",1
"Rue Gessel",1
"Rue Gibraltar",1
"Rue Giesenbour",1
"Rue Gioacchino Rossini",1
"Rue Giselbert",1
"Rue Giuseppe Verdi",1
"Rue Glesener",1
"Rue Godchaux",1
"Rue Goell",1
"Rue Goesfeld",1
"Rue Goethe",3
"Rue Graham Bell",1
"Rue Grand Duc Adolphe",1
"Rue Grand-Duc Jean",1
"Rue Grande Duchesse Charlotte",1
"Rue Grande-Duchesse Charlotte",4
"Rue Grande-Duchesse Josephine-Charlotte",1
"Rue Gregoire Schouppe",1
"Rue Greveneck",1
"Rue Gruefwiss",1
"Rue Guido Oppenheim",1
"Rue Guillaume",3
"Rue Guillaume Bertrand",1
"Rue Guillaume Capus",2
"Rue Guillaume de Machault",1
"Rue Guillaume J. Kroll",1
"Rue Guillaume Schmit",1
"Rue Guillaume Schneider",1
"Rue Guillaume Serrig",1
"Rue Guillaume Stolz",1
"Rue Gustave de Mairie",1
"Rue Gustave Kahnt",1
"Rue Gustave Lemaire",1
"Rue Gustave Metzler",1
"Rue Haard",1
"Rue Hames",1
"Rue Hannelaanst",1
"Rue Hans Adam",1
"Rue Hanzendall",1
"Rue Haute",3
"Rue Héierchen",1
"Rue Heinen",1
"Rue Heinrich Aigner",1
"Rue Heinrich Heine",1
"Rue Heisburgerhof",1
"Rue Helen Buchholtz",1
"Rue Helenter",1
"Rue Hennerescht",1
"Rue Henri Bessemer",2
"Rue Henri Dunant",3
"Rue Henri Frommes",1
"Rue Henri Hemes",1
"Rue Henri Heymanns",1
"Rue Henri Kirpach",1
"Rue Henri Koch",1
"Rue Henri Lamormesnil",1
"Rue Henri Luck",1
"Rue Henri M. Schnadt",1
"Rue Henri Pensis",1
"Rue Henri Thill",1
"Rue Henri Tudor",5
"Rue Henri Vannerus",1
"Rue Henri VII",1
"Rue Henry Bessemer",2
"Rue Henry Dunant",2
"Rue Herbert Schaefer",1
"Rue Herni Entringer",1
"Rue Herrenfeld",1
"Rue Hetzelt",1
"Rue Hicht",1
"Rue Hiehl",3
"Rue Hiel",7
"Rue Hiereknapp",1
"Rue Hierzigsberg",1
"Rue Hildegard von Bingen",1
"Rue Hireknapp",1
"Rue Hôh",1
"Rue Hohl",1
"Rue Hoovelek",1
"Rue Hubert Clement",2
"Rue Hubert Schlechter",1
"Rue Hublon",1
"Rue Hugo Gernsback",1
"Rue Hurkes",1
"Rue Hury",1
"Rue Hutberg",1
"Rue Iecker",1
"Rue Ignace de la Fontaine",1
"Rue Ignace Semmelweiss",1
"Rue Im Geir",1
"Rue Im Wois",1
"Rue in Bouler",1
"Rue Irbicht",1
"Rue Irmine",1
"Rue Jacques Battin",1
"Rue Jacques Chauvin",1
"Rue Jacques de Deventer",1
"Rue Jacques Lamort",1
"Rue Jacques Reiffenberg",1
"Rue Jacques Stas",1
"Rue Jacques Sturm",1
"Rue James-Hillard Polk",1
"Rue J-A Zinnen",1
"Rue J-B Neuens",1
"Rue J.D Hofferlin",1
"Rue J. Dolibois",1
"Rue Jean",1
"Rue Jean Anen",1
"Rue Jean Antoine Zinnen",1
"Rue Jean-Antoine Zinnen",1
"Rue Jean-Baptiste Esch",1
"Rue Jean-Baptiste Fresez",1
"Rue Jean-Baptiste Gellé",1
"Rue Jean-Baptiste Gillardin",1
"Rue Jean Baptiste Kremer",1
"Rue Jean-Baptiste Merkels",1
"Rue Jean-Baptiste Nothomb",1
"Rue Jean Baptiste Scharlé",1
"Rue Jean-Baptiste Stiff",1
"Rue Jean-Baptiste Weicker",1
"Rue Jean Berchem",1
"Rue Jean Bertels",1
"Rue Jean Braun",1
"Rue Jean Chalop",1
"Rue Jean Claus",1
"Rue Jean Eiffes",1
"Rue Jean Engel",1
"Rue Jean Engling",1
"Rue Jean Erpelding",2
"Rue Jean Fischbach",1
"Rue Jean-François Boch",1
"Rue Jean-François d'Huart",1
"Rue Jean-François Gangler",1
"Rue Jean Friedrich",1
"Rue Jean Gallion",1
"Rue Jean-Gaspard de Cicignon",1
"Rue Jean-Georges Willmar",1
"Rue Jean Guillaume Kremer",1
"Rue Jean Jacoby",1
"Rue Jean Jaminet",1
"Rue Jean Jaurès",3
"Rue Jean Laux",1
"Rue Jean l'Aveugle",3
"Rue Jean Lemmer",1
"Rue Jean Linden",1
"Rue Jean Majerus",1
"Rue Jean Melsen",1
"Rue Jean Mercatoris",1
"Rue Jean Mersch",1
"Rue Jean Mersch-Wittenauer",1
"Rue Jean Monnet",1
"Rue Jean Myllus",1
"Rue Jean Nicolas Schumacher",1
"Rue Jeannot Kremer",1
"Rue Jean Origer",3
"Rue Jean Peschong",1
"Rue Jean-Pierre Bausch",2
"Rue Jean-Pierre Beckius",1
"Rue Jean-Pierre Beicht",1
"Rue Jean-Pierre Biermann",1
"Rue Jean-Pierre Brasseur",1
"Rue Jean-Pierre Brimmeyr",1
"Rue Jean-Pierre David Heldenstein",1
"Rue Jean-Pierre Erpelding",1
"Rue Jean-Pierre Feyder",1
"Rue Jean-Pierre Gaspard",1
"Rue Jean-Pierre Glaesener",1
"Rue Jean Pierre Glesener",1
"Rue Jean-Pierre Hippert",1
"Rue Jean-Pierre Hoffmann",1
"Rue Jean-Pierre Huberty",1
"Rue Jean-Pierre Kemmer",2
"Rue Jean-Pierre Kemp",1
"Rue Jean-Pierre Kirchen",1
"Rue Jean-Pierre Kirsch",1
"Rue Jean-Pierre Koenig",1
"Rue Jean-Pierre Koltz",1
"Rue Jean-Pierre Kommes",1
"Rue Jean-Pierre Koppes",1
"Rue Jean-Pierre Lamboray",1
"Rue Jean-Pierre Lanter",1
"Rue Jean-Pierre Michels",1
"Rue Jean-Pierre Molitor",1
"Rue Jean-Pierre Origer",1
"Rue Jean-Pierre Pier",1
"Rue Jean-Pierre Probst",1
"Rue Jean-Pierre Sauvage",1
"Rue Jean-Pierre Schuster",1
"Rue Jean-Pierre Thill",2
"Rue Jean-Pierre Thiry",1
"Rue Jean-Pierre Thoma",1
"Rue Jean Piret",1
"Rue Jean Renaudin",1
"Rue Jean Schaack",2
"Rue Jean Schaus",1
"Rue Jean Schoetter",1
"Rue Jean Schortgen",1
"Rue Jean Simon",1
"Rue Jean Soupert",1
"Rue Jean Steichen",1
"Rue Jean Tach",1
"Rue Jean Tautges",1
"Rue Jean-Theodore Lorent",1
"Rue Jean Thill",1
"Rue Jean Urbany",1
"Rue Jean Waxweiler",1
"Rue Jean Wilhelm",1
"Rue Jean Wolter",4
"Rue J.F. Frisoni",1
"Rue J-F Kennedy",1
"Rue J. F. Kennedy",1
"Rue Jirken",1
"Rue Joffroy",1
"Rue Johannes Gutenberg",1
"Rue Johannes Kepler",1
"Rue John Fitzgerald Kennedy",1
"Rue John F. Kennedy",2
"Rue John Gruen",1
"Rue John L. Mac Adam",1
"Rue Josef Mille",1
"Rue Joseph-Alexandre Müller",1
"Rue Joseph Biwer",1
"Rue Joseph Felten",1
"Rue Joseph Hackin",2
"Rue Joseph Hansen",1
"Rue Joseph Heintz",1
"Rue Joseph Hess",1
"Rue Josephine Jacquemart-Janns",1
"Rue Joséphine Welu-Scherer",1
"Rue Joseph Junck",1
"Rue Joseph Kieffer",1
"Rue Joseph Kutter",1
"Rue Joseph Lentz",1
"Rue Joseph Leydenbach",1
"Rue Joseph Massarette",1
"Rue Joseph Merten",1
"Rue Joseph Muller",1
"Rue Joseph Philippart",1
"Rue Joseph Robert Lenné",1
"Rue Joseph Ruckert",1
"Rue Joseph Simon",1
"Rue Joseph Theis",1
"Rue Joseph Tockert",1
"Rue Joseph Weber",1
"Rue Jos Kayser",1
"Rue Jos Keup",1
"Rue Jos Lommel",1
"Rue Jos Moscardo",1
"Rue Jos Paquet",1
"Rue Jos Sünnen",1
"Rue Josy Barthel",1
"Rue Josy Conrad",1
"Rue Josy Goerres",1
"Rue Josy Haendel",1
"Rue Josy Meyers",2
"Rue Josy Printz",1
"Rue Josy Welter",1
"Rue J. P. Decker",1
"Rue J.P. Kayser",1
"Rue Jules Bravy",1
"Rue Jules Diederich",1
"Rue Jules Fischer",1
"Rue Jules Hemmer",1
"Rue Jules Wilhelm",2
"Rue Julien Gaspar",1
"Rue Julien Vesque",1
"Rue Jungebusch",1
"Rue J. Wester",1
"Rue Kahlenbeerch",1
"Rue Kalchesbruck",1
"Rue Kalekerbach",1
"Rue Kaltacht",1
"Rue Karl Marx",2
"Rue Kelvert",1
"Rue Kiemel",1
"Rue Kierchepad",1
"Rue Killen",1
"Rue Kinnikshaff",1
"Rue Kirpach",1
"Rue Klangberg",1
"Rue Kleischter",1
"Rue Kleng Buurg",1
"Rue Knepel",1
"Rue Kneppchen",1
"Rue Knupp",1
"Rue Kohnerloch",1
"Rue Kondel",1
"Rue Kopecht",1
"Rue Kosselt",1
"Rue Kreuzert",1
"Rue Kroll",1
"Rue Krunn",1
"Rue Kuelscheier",1
"Rue Kulturschapp",1
"Rue Kummel",1
"Rue Laach",2
"Rue Laangert",1
"Rue Laboule",1
"Rue Lamartine",1
"Rue Langefeld",1
"Rue Langenfeld",1
"Rue Langheck",1
"Rue Lankert",1
"Rue Lannebaach",1
"Rue Large",2
"Rue Lauenburg",1
"Rue Laura Bassi",1
"Rue Laurent",1
"Rue Laurent Menager",2
"Rue Leck",1
"Rue Ledure",1
"Rue Lehberg",1
"Rue Lentz",3
"Rue Léonard Schroeder",1
"Rue Léon Hengen",1
"Rue Léon Jouhaux",1
"Rue Léon Kauffman",3
"Rue Léon Kinsch",1
"Rue Léon Lamort",1
"Rue Léon Laval",1
"Rue Léon Metz",1
"Rue Léon Metzler",1
"Rue Léon Moulin",1
"Rue Léon Thurm",1
"Rue Léon Thyes",1
"Rue Léon Weirich",1
"Rue Léon Weyrisch",1
"Rue Leopold Durand",1
"Rue Leopold Richard",1
"Rue Léopold Sédar Senghor",1
"Rue Leseberg",1
"Rue Lessel",1
"Rue Ley",1
"Rue Liesch",1
"Rue Linster",1
"Ruelle du Château",1
"Ruelle Souer Flavia",1
"Rue Loetschef",1
"Rue Lohr",1
"Rue Longue",1
"Rue Lou Hemmer",1
"Rue Louis Braille",1
"Rue Louis de Froment",1
"Rue Louis Deny",1
"Rue Louise Michel",1
"Rue Louis Pasteur",3
"Rue Louis Petit",1
"Rue Louis Rech",1
"Rue Louis XIV",1
"Rue Lou Koster",1
"Rue Loushaff",1
"Rue Louvigny",1
"Rue Luc",1
"Rue Luc Housse",1
"Rue Lucien Wercollier",2
"Rue Lucius",1
"Rue Ludwig van Beethoven",1
"Rue Lydie Schmit",1
"Rue Madame Mayrisch de Saint-Hubert",1
"Rue Maeshiel",1
"Rue Maien",1
"Rue Malakoff",1
"Rue Mambra",1
"Rue Maragole",1
"Rue Marcel Fischbach",1
"Rue Marcel Greischer",1
"Rue Marcel Knauf",1
"Rue Marcel Noppeney",2
"Rue Marcel Reuland",3
"Rue Marcel Schmitt",1
"Rue Marguerite de Brabant",1
"Rue Marguerite de Busbach",1
"Rue Marguerite Mongenast-Servais",1
"Rue Marguerite-Seraphine Beving",1
"Rue Marguerite Thomas-Clement",1
"Rue Marguerite Thomas-Clément",2
"Rue Maria Teresa",1
"Rue Marie-Adelaïde",2
"Rue Marie-Adélaïde",1
"Rue Marie-Astrid",1
"Rue Marie Curie",3
"Rue Marie de Zorn",1
"Rue Marie et Pierre Curie",1
"Rue Marie-Josée Deny",1
"Rue Marie-Louise Tidick-Ulveling",1
"Rue Marie Muller-Tesch",1
"Rue Marie-Thérèse",1
"Rue Marie-Thérèse Glaesener-Hartmann",1
"Rue Martin Greisch",1
"Rue Massen",1
"Rue Mathendahl",1
"Rue Mathias Birthon",1
"Rue Mathias Cungs",1
"Rue Mathias Goergen",1
"Rue Mathias Hardt",1
"Rue Mathias Hertert",1
"Rue Mathias Kirsch",1
"Rue Mathias Koener",3
"Rue Mathias Perrang",1
"Rue Mathias Saur",1
"Rue Mathias Tresch",1
"Rue Mathias Weistroffer",1
"Rue Mathieu Lambert Schrobilgen",1
"Rue Matthias Adam",1
"Rue Maurice Barrès",1
"Rue Mauserueck",1
"Rue Maximilian Cajetan de Bertrand",1
"Rue Maximilien",1
"Rue Méckenheck",1
"Rue Melchior Bourg-Gemen",1
"Rue Melick",1
"Rue Melicksheck",1
"Rue Menager",1
"Rue Mercier",2
"Rue Mère Franziska",1
"Rue Merelbaach",1
"Rue Mère Teresa",1
"Rue Mère Thérésa",1
"Rue Metzkimmert",1
"Rue Metzler",1
"Rue Michael Mees",1
"Rue Michel",1
"Rue Michel Deutsch",1
"Rue Michel Engels",1
"Rue Michel Flammang",1
"Rue Michel Gehrend",1
"Rue Michel Gindt",1
"Rue Michel Hack",1
"Rue Michel Horman",1
"Rue Michel Hülsemann",1
"Rue Michel Junkel",1
"Rue Michel Klein",1
"Rue Michel Lentz",8
"Rue Michel Meylender",1
"Rue Michel Muller",1
"Rue Michel Noël",1
"Rue Michel Rasquin",4
"Rue Michel Rodange",16
"Rue Michel Stoffel",1
"Rue Michel Thilges",1
"Rue Michel Weber",1
"Rue Michel Welter",2
"Rue Michel Weyer",1
"Rue Mihály Munkácsy",1
"Rue Millebich",1
"Rue Mil Neuf Cents",1
"Rue Mohrfels",1
"Rue Moltert",1
"Rue Monseigneur Jean Bernard",1
"Rue Montagne",1
"Rue Mont Saint Jean",1
"Rue M. Rodange",1
"Rue Munchen-Tesch",1
"Rue Mungenast",1
"Rue Munster",1
"Rue Munsterbusch",1
"Rue Nachtbann",1
"Rue Napoléon",1
"Rue Napoléon 1er",1
"Rue Neihaischen",1
"Rue Neil Armstrong",1
"Rue Neiwiss",2
"Rue Nelson Mandela",1
"Rue Nennig",1
"Rue Neuve",19
"Rue Neuwies",1
"Rue Nic Arend",1
"Rue Nic Biever",1
"Rue Nic Bodry",1
"Rue Nic Conrady",1
"Rue Nic Dupret",1
"Rue Nic Emeringer",1
"Rue Nico Klopp",2
"Rue Nicolas Adames",1
"Rue Nicolas Biever",4
"Rue Nicolas Bové",1
"Rue Nicolas Braunshausen",1
"Rue Nicolas Brosius",1
"Rue Nicolas Calmes",1
"Rue Nicolas-Ernest Barblé",2
"Rue Nicolas Goedert",1
"Rue Nicolas Gonner",1
"Rue Nicolas Gredt",1
"Rue Nicolas Hein",1
"Rue Nicolas Jaqué",1
"Rue Nicolas Kremer",1
"Rue Nicolas Liez",1
"Rue Nicolas Luxen",1
"Rue Nicolas Majerus",1
"Rue Nicolas Mameranus",1
"Rue Nicolas Mannes",1
"Rue Nicolas Margue",2
"Rue Nicolas Martha",1
"Rue Nicolas Mersch",1
"Rue Nicolas Meyers",1
"Rue Nicolas Petit",1
"Rue Nicolas Pletschette",1
"Rue Nicolas Ries",2
"Rue Nicolas Rollinger",1
"Rue Nicolas Rosenfeld",1
"Rue Nicolas Roth",1
"Rue Nicolas Schmitz",1
"Rue Nicolas Simmer",1
"Rue Nicolas Sinner",1
"Rue Nicolas Steffen-Pierret",1
"Rue Nicolas Theis",1
"Rue Nicolas van Werveke",1
"Rue Nicolas Victor Colbert",1
"Rue Nicolas Wathlet",1
"Rue Nicolas Welter",2
"Rue Nicolas Wester",1
"Rue Nicolaus Copernicus",1
"Rue Nic Pauly",1
"Rue Nic Thill",1
"Rue Nic. Wirtgen",1
"Rue Nina et Julien Lefèvre",1
"Rue Nolstein",1
"Rue Norbert Le Gallais",1
"Rue Norbert Metz",1
"Rue Nothomb",1
"Rue Notre-Dame",1
"Rue Notre-Dame de Fatima",1
"Rue op der Haard",1
"Rue Oscar Romero",1
"Rue Oschterbour",1
"Rue Oster",1
"Rue Osterbour",1
"Rue Ousterholz",1
"Rue Pafebruch",1
"Rue Pasteur",2
"Rue Paul Albrecht",1
"Rue Paul Binsfeld",1
"Rue Paul Dentzer",1
"Rue Paul Elvinger",1
"Rue Paul Eyschen",2
"Rue Paul Goedert",1
"Rue Paul Henkes",1
"Rue Paul Medinger",2
"Rue Paul Noesen",2
"Rue Paul Palgen",1
"Rue Paul Rischard",1
"Rue Paul Séjourné",1
"Rue Paul Sontag",1
"Rue Paul Wigreux",1
"Rue Paul Wilwertz",1
"Rue Pépin le Bref",1
"Rue Père Bettendorff",1
"Rue Père Conrad",1
"Rue Père Dominique Pire",1
"Rue Pëssendall",1
"Rue Peternelchen",1
"Rue P. Eyschen",1
"Rue Pfaffenthal",1
"Rue Philippe II",1
"Rue Philippe Manternach",1
"Rue Pierre Anen",1
"Rue Pierre Blanc",1
"Rue Pierre Brandenbourger",1
"Rue Pierre Braun",1
"Rue Pierre Capesius",1
"Rue Pierre Claude",1
"Rue Pierre Clement",1
"Rue Pierre Conrardy",1
"Rue Pierre d'Aspelt",1
"Rue Pierre de Coubertin",1
"Rue Pierre Dupong",6
"Rue Pierre-Éloi Schoué",1
"Rue Pierre Federspiel",1
"Rue Pierre Flammang",2
"Rue Pierre Frieden",3
"Rue Pierre Gansen",1
"Rue Pierre Gregoire",1
"Rue Pierre Hamer",1
"Rue Pierre Hennes",1
"Rue Pierre Hentges",2
"Rue Pierre-Joseph Redouté",1
"Rue Pierre Kersch",1
"Rue Pierre Kohner",1
"Rue Pierre Krack",1
"Rue Pierre Krier",6
"Rue Pierre Krier-Becker",1
"Rue Pierre Maisonnet",1
"Rue Pierre Martin",1
"Rue Pierre Meintz",1
"Rue Pierre Neiertz",2
"Rue Pierre Olinger",1
"Rue Pierre Schiltz",1
"Rue Pierre Schütz",1
"Rue Pierre Schwartz",1
"Rue Pierre Stein",1
"Rue Pierre Theis",1
"Rue Pierre Thinnes",1
"Rue Pierre Werner",1
"Rue Pierre Weydert",1
"Rue Pierre Wiser",1
"Rue Pierre Witry",1
"Rue Pilate",1
"Rue Pir Schockmel",1
"Rue Plaetis",1
"Rue Plank",1
"Rue Pletzer",1
"Rue Poeppelbach",1
"Rue Pourplescht",1
"Rue Poutty Stein",1
"Rue Pratel",1
"Rue Prescht",1
"Rue Prince Charles",1
"Rue Prince Henri",7
"Rue Prince Jean",3
"Rue Princesse Maria Térésa",1
"Rue Principale",21
"Rue Prinzenberg",2
"Rue Prommenschenkel",1
"Rue Pütz",1
"Rue Quatre-Vents",1
"Rue Randlingen",1
"Rue Raoul Follereau",4
"Rue Rattem",1
"Rue Raymond Petit",1
"Rue Raymond Poincaré",1
"Rue Reiteschkopp",1
"Rue Rene de Geysen",1
"Rue Renert",4
"Rue René Thull",1
"Rue René Weimerskirch",1
"Rue Rev. Père Jacques Thiel",1
"Rue Rezefelder",1
"Rue Richard Coudenhove-Kalergi",1
"Rue Richard Wagner",1
"Rue Rilspert",1
"Rue Robert Bruch",1
"Rue Robert Goebbels",1
"Rue Robert Krieps",2
"Rue Robert Schuman",8
"Rue Robert Stumper",1
"Rue Rodemack",1
"Rue Roger Barthel",1
"Rue Roger Frisch",1
"Rue Roger Krier",1
"Rue Roger Wercollier",1
"Rue Romaine",1
"Rue Ronnwies",1
"Rue Roosevelt",1
"Rue Rosemarie Kieffer",1
"Rue Rosper",1
"Rue Rosswinkel",1
"Rue Roudebësch",2
"Rue Rudi Herber",1
"Rue Ry Boissaux",1
"Rue Ry Boisseaux",1
"Rue Saint-Antoine",3
"Rue Saint-Benoit",1
"Rue Saint Cunibert",1
"Rue Saint-Donat",1
"Rue Sainte-Amalberge",1
"Rue Sainte Anne",1
"Rue Sainte Barbe",1
"Rue Sainte-Barbe",2
"Rue Sainte-Claire",1
"Rue Sainte Croix",1
"Rue Sainte Irmine",1
"Rue Sainte-Irmine",1
"Rue Sainte-Thérèse-d'Ávila",1
"Rue Saint Etienne",1
"Rue Sainte-Zithe",1
"Rue Saint-Gengoul",1
"Rue Saint-Henri",1
"Rue Saint-Hubert",2
"Rue Saint-Jean",1
"Rue Saint Joseph",1
"Rue Saint-Joseph",3
"Rue Saint-Martin",1
"Rue Saint-Mathieu",1
"Rue Saint-Michel",1
"Rue Saint Nicolas",4
"Rue Saint-Nicolas",2
"Rue Saint-Paul",1
"Rue Saint-Pierre",1
"Rue Saint-Quirin",1
"Rue Saint-Roch",1
"Rue Saint Sebastien",1
"Rue Saint-Sebastien",1
"Rue Saint-Ulric",1
"Rue Saint-Vincent",1
"Rue Saint-Williboard",1
"Rue Saint-Willibrord",1
"Rue Salvador Allende",2
"Rue Sangen",1
"Rue Sauerwiss",1
"Rue Schaarfeneck",1
"Rue Schafsstrachen",1
"Rue Schamicht",1
"Rue Schauwenburg",1
"Rue Scheen Acht",1
"Rue Scheerbach",1
"Rue Scheid",1
"Rue Scheierhaff",1
"Rue Schetzel",2
"Rue Scheuerberg",1
"Rue Schiller",2
"Rue Schlick",1
"Rue Schloff",1
"Rue Schmit",1
"Rue Schmitz",1
"Rue Schortgen",2
"Rue Schwiedelbrouch",1
"Rue Seitert",1
"Rue Sevenig",1
"Rue Sidney Gilchrist Thomas",1
"Rue Sidney Thomas",3
"Rue Sigefroi",4
"Rue Siggy vu Lëtzebuerg",1
"Rue Sigismond",1
"Rue Simon Bolivar",1
"Rue Sosthène Weis",2
"Rue Spierzelt",1
"Rue Stade John F. Kennedy",1
"Rue Staedgen",1
"Rue Staint-Donat",1
"Rue Steinberg",1
"Rue Stinzinger",1
"Rue St. Laurent",1
"Rue Tajel",1
"Rue Tattenberg",1
"Rue T. Byrne",1
"Rue Terre Noire",1
"Rue Teschwasser",1
"Rue Théodore Bassing",1
"Rue Théodore de Wacquant",2
"Rue Théodore Eberhard",1
"Rue Théodore Gillen",1
"Rue Theodore Mergen",1
"Rue Theodore Pescatore",1
"Rue Théodore Speyer",1
"Rue Théodore Thiel",1
"Rue Théophile Aubart",1
"Rue Théophile Funck-Brentano",1
"Rue Théophile Reuter",1
"Rue Thomas Byrne",1
"Rue Thomas Edison",1
"Rue Thoull",1
"Rue Titelberg",1
"Rue Tony Bourg",1
"Rue Tony & Charles Hansen",1
"Rue Tony Dutreux",1
"Rue Tony Neuman",1
"Rue Tony Rollman",1
"Rue Tony Schmit",1
"Rue Tresch",1
"Rue Tschiderer",1
"Rue Tubis",1
"Rue Tyres",1
"Rue um Boeschel",1
"Rue Um Haff",1
"Rue Um Kallek",1
"Rue Valentin Simon",1
"Rue Vauban",1
"Rue Verte",2
"Rue Victor Beck",1
"Rue Victor Ferrant",1
"Rue Victor Feyder",1
"Rue Victor Hugo",4
"Rue Victor Muller-Fromes",1
"Rue Victor Neuens",1
"Rue Victor Tesch",1
"Rue Vieille",1
"Rue Vielle",1
"Rue Vullesang",1
"Rue Waassertrap",1
"Rue Walram",1
"Rue Walter Colling",1
"Rue Waltzing",1
"Rue Weirig",1
"Rue Weissenbrill",1
"Rue Wenceslas 1er",1
"Rue Wenkel",1
"Rue Wenschel",1
"Rue Wenzel",1
"Rue Wercollier",1
"Rue William Turner",1
"Rue Willibrord Steinmetz",1
"Rue Willmar",1
"Rue Willy Goergen",1
"Rue Wilson",1
"Rue Wiltheim",3
"Rue Winston Churchill",1
"Rue Winterthur",1
"Rue Woiwer",1
"Rue Wolfgang Amadeus Mozart",1
"Rue Wollefshiel",1
"Rue Wolwener Klaus",1
"Rue Wötzköllchen",1
"Rue Wurth-Paquet",2
"Rue Xavier Brasseur",2
"Rue Xavier de Feller",1
"Rue Yolande",2
"Rue Zechel",1
"Rue Zénon Bernard",2
"Rullewee",1
"Saangewee",1
"Salzhof",1
"Sandtegaass",1
"Sauergaass",1
"Schampechbaach",1
"Scheedelerstooss",1
"Scheedwee",1
"Scheierfeld",1
"Schéiferwée",1
"Schellecksgaass",1
"Schenck",1
"Schiennerwee",1
"Schierenerstrooss",1
"Schiessberg",1
"Schießentümpel",1
"Schlappgaass",1
"Schlassgewan",1
"Schlassstrooss",1
"Schlasswee",4
"Schléf",1
"Schleisschen",1
"Schléiwegaass",1
"Schléiwengaass",1
"Schlossmühle",1
"Schmaddegaass",1
"Schmaddgaessel",1
"Schmattegaass",1
"Schmatzacht",1
"Schmëtt",1
"Schmitzeck",1
"Schmitzgaessel",1
"Schnutzegaass",1
"Schoeppelgaass",1
"Schoulbireg",1
"Schoulstroos",1
"Schoulstrooss",3
"Schoulwee",1
"Schulerwé",1
"Schullerwee",1
"Schulstraße",1
"Schulstrooss",1
"Schumanswee",1
"Schwaarze Wee",1
"Schweechdaulerstroos",1
"Seckerbaach",1
"Seilenerkopp",1
"Sentier de Bricherhof",1
"Sentier de Kayl",1
"Sentier de la Résistance et de la Jeunesse Sacrifiée 1940 - 1945",1
"Sentier de la Scierie",1
"Sentier de la Wiltz",1
"Sentier de l'écureil",1
"Sentier de l'Église",1
"Sentier de l'Espérance",1
"Sentier des Mineurs",1
"Sentier des Sept Châteaux",1
"Sentier de Wiltz",1
"Sentier Grouf",1
"Sentier Victor Hugo",1
"Sierckerwee",1
"Siesgaass",1
"Simengseck",1
"Soibelwee",1
"Sonnestrooss",2
"Sortie",1
"Spackeltergaass",1
"Spatzfeld",1
"Speltzegaass",1
"Square Aloyse Meyer",1
"Square de l'Indépendance",1
"Square de New York",1
"Square Docteur Charles-Édouard Rischard",1
"Square Édouard André",1
"Square Émile Mayrisch",1
"Square Général Patton",1
"Square Hyman Josefson",1
"Square Nicolas Kandel",1
"Square Tower-Hamlets",1
"Station d'Epuration",1
"Station D'Epuration",1
"Steegaass",1
"Steewee",1
"Steinstraße",1
"Stenkel",1
"Stoltzberwee",1
"Strachen",1
"Suebelwee",3
"Tawioun",1
"Terrasses de la Ville",1
"Thiergaart",1
"Thommesgässel",1
"Tickerwee",1
"Tiefenbaach",1
"Tommgruecht",1
"Tonnheck",1
"Tontelerwee",1
"Tossenberg",1
"Trengen Knapp",1
"Uesperwee",1
"Uet",1
"Uferstraße",1
"Um Aak",1
"Um Acker",1
"Um Aecker",1
"Um Ale Waasser",1
"Um Bangels",1
"Um Bechel",1
"Um Béchel",1
"Um Beerg",1
"Um Béil",1
"Um Beischent",1
"Um Bëschelchen",1
"Um Biereg",1
"Um Bongert",1
"Um Bour",1
"Um Bredewues",1
"Um Buer",1
"Um Buerweier",1
"Um Buren",1
"Um Charly",1
"Um Dall",1
"Um Dankebuer",1
"Um Denn",1
"Um Emwee",1
"Um Ewent",1
"Um Faubourg",1
"Um Flouer",2
"Um Furtwee",1
"Um Goldbierchen",1
"Um Goldkneppchen",1
"Um Grehs",1
"Um Grousbuer",1
"Um Haff",1
"Um Hau",1
"Um Hinfert",1
"Um Hiwel",1
"Um Hongerbuer",1
"Um Iecker",1
"Um Ieweschte Kneppchen",1
"Um Juck",2
"Um Kettenhouscht",1
"Um Kiem",1
"Um Kiesel",1
"Um Kisel",1
"Um Kläppchen",1
"Um Knaeppchen",1
"Um Knapp",2
"Um Knupp",3
"Um Koepp",1
"Um Kraizkapp",1
"Um Kreineknapp",1
"Um Leisbësch",1
"Um Millewee",1
"Um Pad",1
"Um Paerchen",1
"Um Reebou",1
"Um Rockelsbongert",1
"Um Sand",2
"Um Schënner",1
"Um Schlassgruef",1
"Um Schmiddebuer",1
"Um Suewel",1
"Um Trenkert",1
"Um Treppchen",1
"Um wäisse Mier",1
"Um Waisseraech",1
"Um Wandhaff",1
"Um Washbur",1
"Um Weyer",1
"Um Wues",1
"Un der Äisch",1
"Un der Mamer",1
"Up der Kruut",1
"Useldengerstrooss",1
"Val de Hamm",1
"Val des Aulnes",1
"Val des Bons-Malades",1
"Val des Romains",1
"Val des Roses",2
"Val du Scheid",1
"Val Fleuri",1
"Val Saint-André",1
"Val Sainte-Croix",3
"Veianerstrooss",2
"Veinerstrooss",1
"Viandener Straße",1
"Vidanges camions citernes",1
"Vieille Rue",1
"Vielle Rue",1
"Vieux Quartier",1
"Viichtenerstrooss",1
"Viichtenerwee",1
"Viichterpaad",1
"Vir Herel",1
"Voie de détresse",1
"Vorkeilchen",1
"Waasergaass",1
"Waasserfeld",1
"Waistrooss",1
"Walberwee",1
"Waldbriedemeserstrooss",1
"Waldweg",1
"Walerwee",1
"Walsduerferwee",1
"Wangertswee",1
"Wantergaass",2
"Wasserfeld",1
"Wasserklapp",1
"Wechen",1
"Weidenstraße",1
"Weierwee",1
"Welscheedgen",1
"Weltzerstrooss",2
"Wëltzerstrooss",1
"Wendel",1
"Wendelstrooss",1
"Wenkel",1
"Wenkelhiel",1
"Wiesestroos",1
"Wieweschgaass",2
"Wieweschgaessel",1
"Winkel",1
"Wintersdorfer Straße",1
"Wisestroos",1
"Wisestrooss",2
"Wissgaart",1
"Wissgaass",1
"Wisswee",1
"Witrysgaass",1
"Wolsberich",1
"Wolsteschbiechen",1
"Wuelperhaff",1
"Wueswee",1
"Zanerknupp",1
"Zerrenberg",1
"Zëtteger Millen",1
"Zockerbeerch",1
"Zoufftgenerstrooss",1
"Zum Birelerhaff",1
"Zum Moselufer",1