13. janvāra iela,1
14. jūnija iela,1
18. novembra iela,1
1905. gada iela,2
1. maija iela,1
8. marta iela,1
Abavas iela,5
Ābelītes iela,1
Ābeļu iela,6
Ābolu iela,3
Aboras iela,1
Abrenes iela,1
Abula iela,1
Abulas iela,1
Acāliju iela,2
Ādama iela,1
Ādažu iela,1
Ādmiņu iela,1
Admirāļu iela,2
Ādu iela,1
Adulienas iela,1
Afeldu iela,1
Āgenskalna iela,1
Aglonas iela,4
Agroķīmiķu iela,1
Ainavas iela,1
Ainažu iela,2
Airītes iela,2
Airu iela,2
Aisteres iela,2
Aiviekstes iela,3
Aizkraukles iela,3
Aizpilsētas iela,1
Aizpriežu iela,1
Aizputes iela,5
Aizsaules iela,2
Aizsila iela,1
Aizsprosta iela,1
Aizupes iela,4
Aizvaru iela,1
Aizvēja iela,1
Akāciju iela,4
Akaču iela,1
Akadēmijas iela,1
Akadēmiķa Graftio iela,1
Akadēmiķa Mstislava Keldiša iela,1
Akas iela,1
Akmeņu iela,8
Aknīstes iela,1
Akotu iela,1
Ālandes iela,1
Ālantu iela,1
Alauksta iela,2
Albatrosu iela,1
Alberta iela,2
Alberta Kronenberga iela,1
Aldaru iela,3
Aldaunas iela,1
Alejas iela,4
Alekša iela,1
Aleksandra Bieziņa iela,1
Aleksandra Čaka iela,1
Aleksandra Grīna iela,1
Aleksandra iela,3
Alfrēda Amtmaņa-Briedīša iela,1
Alfrēda Kalniņa iela,2
Aļģu iela,1
Āliņģu iela,1
Alīses iela,1
Alksnāja iela,1
Alkšņu iela,4
Allažu iela,1
Aļņu iela,1
Alojas iela,2
Alsungas iela,3
Alsupes iela,1
Altonavas iela,1
Alūksnes iela,3
Amālijas iela,1
Amatas iela,3
Amatnieku iela,1
Amatu iela,3
Amoliņa iela,1
Āmu iela,1
Amulas iela,3
Ančupānu iela,1
Andas iela,1
Andreja iela,3
Andreja Pormaļa iela,1
Andreja Pumpura iela,4
Andreja Saharova iela,1
Andreja Upīša iela,2
Andrejostas iela,1
Anglikāņu iela,1
Anitas iela,1
Annas iela,5
Annas Sakses iela,1
Anniņmuižas iela,1
Antas Klints iela,1
Antenas iela,1
Antonijas iela,2
Apakšgrāvja iela,1
Apes iela,2
Apguldes iela,1
Apiņu iela,3
Apļa iela,1
Aplokciema iela,1
Apmetņu iela,1
Apoga iela,1
Apogu iela,1
Apriķu iela,2
Apšu iela,5
Āpšu iela,1
Aptiekas iela,2
A. Pumpura iela,2
A. Puškina iela,1
Apuzes iela,1
Āra iela,1
Āraišu iela,3
Arāju iela,5
Arendoles iela,1
Arhitektu iela,2
Ārijas Elksnes iela,1
Ārijas iela,1
Aristida Briāna iela,1
Ārlavas iela,1
Armērijas iela,1
Armitsteda iela,1
Arnolda iela,1
Arodu iela,2
Aroniju iela,3
Arsenāla iela,1
Artilērijas iela,4
Artura Galindoma iela,1
Artūra iela,1
Asaru iela,1
Asītes iela,1
Asnu iela,3
Asotes iela,2
Aspazijas iela,2
Asteru iela,4
Astilbju iela,1
Astras iela,1
Ata iela,1
Atbalss iela,3
Atgāzenes iela,1
Atlantijas iela,1
Atlasa iela,1
Atmatas iela,2
Atmodas iela,3
Atpūtas iela,5
Ātrā iela,1
Atslēdznieku iela,1
Attekas iela,1
Atvaru iela,1
Atzaru iela,1
Auces iela,2
Audēju iela,5
Auduma iela,1
Audupes iela,1
Augļudārzu iela,1
Augļu iela,4
Augšiela,1
Augstā iela,1
Augstienes iela,1
Augstkalnes iela,1
Augstrozes iela,1
Augšzemes iela,1
Augusta Deglava iela,1
Augusta Dombrovska iela,1
Augusta iela,4
Augustes iela,1
Auklu iela,1
A. Upīša iela,1
Aurenieku iela,1
Auru iela,1
Ausekļa iela,10
Auseklīša iela,1
Ausmas iela,3
Austrumu iela,6
Austuves iela,1
Autoru iela,1
Auzu iela,1
Aveņu iela,4
Aviācijas iela,3
Avotkalnu iela,1
Avotu iela,9
Āzenes iela,1
Āžkalna iela,1
Azovas iela,1
Āžu iela,1
Babītes iela,1
Baibas iela,1
Baidzeles iela,1
Bajāru iela,1
Bākas iela,1
Bākūžu iela,1
Balasta iela,1
Baldones iela,5
Baļķu iela,1
Baļotes iela,1
Baložu iela,6
Baltā iela,2
Baltāsbaznīcas iela,1
Baltās kāpas iela,1
Baltegļu iela,1
Baltezera iela,2
Baltijas iela,1
Baltinavas iela,1
Balvu iela,3
Bangu iela,3
Baņutas iela,1
Baraviku iela,2
Bārbeles iela,1
Bārddziņu iela,1
Bāriņu iela,2
Barkavas iela,1
Bārtas iela,3
Baseina iela,2
Bastiona iela,1
Basu iela,1
Bātas iela,1
Baterijas iela,1
Bauskas iela,7
Baznīcas iela,6
Beātes iela,1
Beberbeķu iela,1
Bebrenes iela,1
Bebru iela,4
Begoniju iela,1
Beites iela,1
Beķergrāvja iela,1
Bēnes iela,1
Bergenas iela,1
Berģu iela,1
Bernātu iela,4
Bērzaines iela,1
Bērzaunes iela,2
Bērzkalnes iela,1
Bērzlapu iela,1
Bērzpils iela,2
Bērzu iela,8
Bērzupes iela,1
Beverīnas iela,2
Bezdelīgu iela,3
Biatlona iela,1
Biedrības iela,1
Bieķensalas iela,1
Biešu iela,2
Biķernieku iela,1
Biksēres iela,1
Bikstu iela,1
Birķeneļu iela,1
Birzes iela,3
Birztalu iela,1
Biržu iela,1
Bišu iela,5
Bitera iela,1
Blaumaņa iela,4
Blāzmas iela,3
Blīdenes iela,1
Bobsleja iela,1
Bocmaņu iela,1
Bolderājas iela,2
Bonaventuras iela,1
Braila iela,1
Brāļu iela,1
Brāļu Skrindu iela,1
Bramberģes iela,1
Brankciema iela,1
Braslas iela,2
Braslavas iela,1
Bražuciema iela,1
Brekšu iela,2
Brēmenes iela,1
Brenguļu iela,1
Brēžas iela,1
Briežu iela,5
Brigaderes iela,2
Brikšķu iela,1
Briņģu iela,1
Britu flotes iela,1
Brīvdabas iela,1
Brīvības iela,8
Brīvostas iela,1
Brīzes iela,1
Brjanskas iela,1
Brocēnu iela,2
Brodu iela,1
Brucenes iela,1
Bruģu iela,1
Brūkleņu iela,5
Bruknas iela,1
Brunavas iela,1
Bruņinieku iela,2
Brūžu iela,1
Bukaišu iela,1
Bukas iela,1
Bukmuižas iela,1
Buku iela,1
Bukultu iela,1
Buldurpungas iela,1
Bullēnu iela,1
Buļļu iela,1
Buļļupes iela,1
Bultu iela,1
Bumbieru iela,2
Bungu iela,1
Burkānu iela,1
Buršu iela,1
Burtnieku iela,5
Buru iela,3
Butļerova iela,1
Čaču iela,1
Carnikavas iela,2
Caunes iela,1
Caunu iela,4
Čehova iela,1
Ceļinieku iela,2
Celmu iela,3
Celtnieku iela,6
Celtuves iela,1
Cementa iela,1
Cempu iela,1
Cenkones iela,3
Centrālā iela,1
Centrāltirgus iela,1
Cepļa iela,3
Cepļu iela,2
Ceraukstes iela,1
Cēres iela,2
Ceriņu iela,7
Ceru iela,2
Cēsu iela,6
Cēsu rotas iela,1
Cesvaines iela,1
Cialkovska iela,1
Cidoniju iela,2
Cieceres iela,2
Ciedru iela,4
Čiekuru iela,5
Cielavu iela,1
Ciema iela,3
Ciemupes iela,1
Cietokšņa iela,2
Cigoriņu iela,1
Ciļņu iela,1
Cimzes iela,1
Cīniju iela,1
Cīnītāju iela,1
Ciņu iela,1
Cīravas iela,1
Cirsmas iela,1
Cīruļu iela,7
Citadeles iela,1
Codes iela,1
Copes iela,1
Čuguna iela,1
Čuibes iela,1
Cukura iela,4
Cukurfabrikas iela,1
Dagdas iela,4
Dagmāras iela,1
Dagnijas iela,1
Daibes iela,1
Dainas iela,2
Dalbes iela,1
Dāliju iela,9
Dambja iela,5
Dambjapurva iela,1
Dammes iela,1
Dandāles iela,1
Darba iela,3
Darbnīcu iela,1
Dārtas iela,1
Dārza iela,4
Dārzaugļu iela,1
Dārzciema iela,1
Dārziņu iela,1
Dārzkopības iela,1
Dārzkopju iela,1
Dārznieku iela,3
Dārzu iela,4
Daudzeses iela,1
Daugavas iela,4
Daugavas Krasta iela,1
Daugavgrīvas iela,1
Daugavmalas iela,1
Daugavpils iela,4
Daugavsalas iela,1
Dauguļu iela,2
Dāvida iela,1
Dāvja iela,1
Degumu iela,1
Dēļu iela,1
Demenes iela,1
Depo iela,1
Detlava Brantkalna iela,1
Diakonāta iela,1
Dienvidu iela,1
Dignājas iela,2
Dīgstu iela,1
Dīķa iela,4
Dikļu iela,3
Dīķu iela,4
Dīvajas iela,1
Dīvaliņa iela,1
Dižozolu iela,1
Dobeles iela,4
Doku iela,1
Doles iela,1
Dolomīta iela,1
Donaviņas iela,1
Doņu iela,1
Dores iela,1
Dorupes iela,1
Dostojevska iela,1
Drāšu iela,1
Draudzības iela,3
Dravas iela,1
Dravnieku iela,2
Dreiliņu iela,2
Driksas iela,1
Drosmes iela,1
Drujas iela,2
Drustu iela,1
Druvas iela,2
Druvienas iela,2
Druvu iela,3
Dubnas iela,1
Dubultu iela,1
Dūķeru iela,1
Dukura iela,1
Dumbrāja iela,1
Dūmu iela,2
Dunalkas iela,2
Dunavas iela,1
Dundagas iela,4
Dunduru iela,2
Dunikas iela,1
Duntes iela,1
Dūņu iela,3
Durbes iela,4
Dzeguzes iela,1
Dzegužu iela,2
Dzejnieku iela,1
Dzeldas iela,1
Dzelmes iela,2
Dzelzavas iela,1
Dzelzcela iela,1
Dzelzceļa iela,4
Dzelzceļmalas iela,1
Dzelzceļnieku iela,4
Dzelzceļu iela,1
Dzeņu iela,3
Dzērbenes iela,1
Dzēriņciema iela,1
Dzērveņu iela,2
Dzērves iela,2
Dzērvju iela,3
Dziesmas iela,1
Dzilnas iela,2
Dzimtenes iela,1
Dzintara iela,1
Dzintaru iela,6
Dzirciema iela,1
Dzirksteles iela,1
Dzirnavu iela,8
Dzirnupes iela,1
Džūkstes iela,1
Džutas iela,1
Ebreju iela,1
Ēdoles iela,3
Eduarda Berklava iela,1
Eduarda Lācera iela,1
Eduarda Smiļģa iela,1
Eduarda Šmita iela,1
Eduarda Tisē iela,2
Eduarda Veidenbauma iela,3
Egas iela,1
Eglaines iela,2
Egļu iela,9
Eiženijas iela,2
Eksporta iela,1
Elejas iela,2
Elektrības iela,1
Elektriķu iela,1
Elernes iela,1
Elijas iela,1
Elizabetes iela,2
Elkoņu iela,1
Elku iela,1
Elvīras iela,1
Emburgas iela,1
Embūtes iela,2
Emelīnas iela,1
Emīla Dārziņa iela,3
Emiļa Melngaiļa iela,2
Emīlijas iela,2
Emmas iela,1
Ēnas iela,1
Enerģētiķu šķērsiela,1
Enerģijas iela,1
Engures iela,2
Enkura iela,1
Enkuru iela,2
Ēnu iela,1
Ērģeļu iela,1
Ērgļu iela,5
Ērkšķu iela,1
Ernesta Birznieka-Upīša iela,2
Ernesta iela,1
Ernestīnes iela,1
Ernsta Bergmaņa iela,1
Esperanto iela,1
Esplanādes iela,1
Etnas iela,1
Evalda Rimbenieka iela,1
Ēvalda Valtera iela,1
Ēveles iela,1
Ezera iela,7
Ezermalas iela,2
Ezernieku iela,1
Ezeru iela,2
Ežu iela,2
Fabrikas iela,5
Fazānu iela,1
Februāra iela,1
Fēniksa iela,1
Ferdinanda Grīniņa iela,1
Festivāla iela,1
Filozofu iela,3
Finiera iela,1
Firsa Sadovņikova iela,1
F. Kempa iela,1
Floras iela,1
Flotes iela,2
Foreļu iela,1
Franču iela,1
Friča Brīvzemnieka iela,3
Fridriha Candera iela,1
Fridriķa iela,1
F. Trasūna iela,1
F. Varslavāna iela,1
Gaidas iela,1
Gaides iela,1
Gaigalas iela,1
Gaileņu iela,2
Gaiļezera iela,1
Gaismas iela,4
Gaiziņa iela,2
Galdnieku iela,2
Gāles iela,1
Ganību iela,9
Ganu iela,3
Garā iela,3
Garciema iela,1
Gardenes iela,1
Garkalnes iela,1
Gārņu iela,1
Garozas iela,1
Garozes iela,1
Gāršas iela,2
Gatartas iela,1
Gatiņa iela,1
Gatves iela,1
Gaujas iela,5
Gaujienas iela,1
Gaviezes iela,1
Gdaņskas iela,1
Ģenerāļa Baloža iela,2
Ģenerāļa Dankera iela,1
Georga Apiņa iela,1
Ģerāniju iela,1
Ģertrūdes iela,2
G. F. Stendera iela,1
Ģimnastikas iela,1
Ģimnāzijas iela,2
Ģipša iela,1
Ģirta iela,1
Gleznotāju iela,1
Gliemežu iela,1
Glika iela,1
Glūdas iela,2
Gobas iela,1
Gobu iela,1
Gogoļa iela,1
Gončarova iela,1
Gotharda Fridriha Stendera iela,1
Gramzdas iela,1
Granīta iela,1
Grants iela,2
Graudu iela,8
Grauleņu iela,1
Gravas iela,3
Grāvju iela,4
Grebenščikova iela,1
Grēcinieku iela,1
Grēdu iela,1
Gregora iela,1
Grenču iela,1
Griezes iela,2
Griķu iela,1
Grīņu iela,1
Grīšļa iela,1
Grīšļu iela,2
Grīvas iela,5
Grīzupes iela,1
Grobiņas iela,3
Grodņas iela,3
Grostonas iela,1
Grunduļu iela,1
Gulbenes iela,2
Gulbju iela,8
Gumijas iela,1
Gunāra Astras iela,1
Gundegas iela,2
Gustava iela,1
Gvardes iela,1
Hāmaņa iela,1
Hamburgas iela,1
Hanzas iela,1
Hāpsalas iela,1
Hekeļa iela,1
Hercoga Jēkaba iela,1
Hermaņa iela,1
Hika iela,1
Hipokrāta iela,1
Hospitāļa iela,1
Hospitāļu iela,1
Iecavas iela,4
Ielejas iela,2
Ieriķu iela,1
Ieroču iela,1
Ievas iela,1
Ievu iela,2
Igates iela,1
Ikšķiles iela,2
Ilgas iela,1
Iļģuciema iela,1
Ilmājas iela,1
Ilmeņa iela,1
Ilūkstes iela,3
Ilzenes iela,1
Imantas iela,7
I. Mičurina iela,1
Imperatora iela,1
Imulas iela,2
Inčukalna iela,1
Indrānu iela,3
Indras iela,3
Indriķa iela,2
Indrupes iela,1
Induļa iela,2
Ineša iela,2
Institūta iela,2
Invalīdu iela,2
Inženieru iela,3
Ipalas iela,1
Irbenāju iela,1
Irbenes iela,1
Irbju iela,2
Irlavas iela,1
Īsā iela,3
Istras iela,1
Īvandes iela,1
Īves iela,4
Izraēlas iela,1
Izstādes iela,1
Izvaltas iela,1
Jāņa Akurātera iela,1
Jāņa Asara iela,3
Jāņa Baloža iela,1
Jāņa Cimzes iela,1
Jāņa Daliņa iela,2
Jāņa Endzelīna iela,2
Jāņa Enkmaņa iela,1
Jāņa Grestes iela,1
Jāņa iela,7
Jāņa Pliekšāna iela,1
Jāņa Raiņa iela,1
Jāņa Rozentāla iela,1
Jāņa Ruģēna iela,1
Jāņa Sudrabkalna iela,1
Jāņavārtu iela,1
Jāņa Ziemeļnieka iela,1
Jāņogu iela,2
Jāņparka iela,1
Jasmīnu iela,3
Jasmuižas iela,1
Jātnieku iela,3
Jaunā iela,6
Jaunā Smilšu iela,1
Jaunatnes iela,1
Jaunaudzes iela,1
Jaunciema iela,1
Jaunedinburgas iela,1
Jaunelku iela,1
Jaunības iela,1
Jauniela,1
Jaunjelgavas iela,2
Jaunmoku iela,1
Jaunpils iela,1
Jaunpleikšņu iela,1
Jaunprojekta iela,1
Jaunrozes iela,1
Jaunsaimnieku iela,1
Jaunsaules iela,1
Jaunupes iela,2
Jaunvāles iela,1
Jaunzemju iela,1
Jāzepa iela,1
Jāzepa Vītola iela,1
Jēkaba Dubelšteina iela,1
Jēkaba iela,5
Jēkaba Janševska iela,1
Jēkabpils iela,2
Jelgavas iela,5
Jenotu iela,1
Jersikas iela,2
Jeruzalemes iela,1
Jēzusbaznīcas iela,1
J. Neikena iela,1
Jomas iela,2
J. Poruka iela,1
J. Tiņanova iela,1
Jubilejas iela,1
Jūdzes iela,1
Juglas iela,2
Jukuma Vācieša iela,1
Jūlija iela,1
Jumaras iela,1
Jumiķu iela,1
Jundas iela,1
Jupatovkas iela,1
Jura Alunāna iela,2
Jūras iela,3
Jurģu iela,1
Jūrkalnes iela,4
Jūrmalas iela,3
Jūrnieku iela,3
Kabiles iela,1
Kadagas iela,1
Kadiķu iela,3
Kaibalas iela,1
Kaiju iela,5
Kaimiņu iela,3
Kaivas iela,1
Kājnieku iela,1
Kaktu iela,1
Kaktusu iela,1
Kaķu iela,1
Kalēju iela,6
Kalētu iela,1
Kaļķu iela,6
Kalmju iela,4
Kalna iela,7
Kalnciema iela,2
Kalngales iela,1
Kalnu iela,2
Kalpaka iela,1
Kalsnavas iela,2
Kaltuves iela,1
Kāļu iela,1
Kalupes iela,2
Kalvenes iela,2
Kalves iela,1
Kameņu iela,4
Kanāla iela,1
Kanālu iela,1
Kandavas iela,4
Kaņepju iela,1
Kangaru iela,1
Kaņiera iela,1
Kantora iela,2
Kaplavas iela,2
Kapļu iela,1
Kapsēdes iela,1
Kapseļu iela,1
Kapsētas iela,1
Kapteiņa Zolta iela,1
Kapteiņu iela,2
Kapu iela,1
Kāpu iela,2
Kareivju iela,1
Kārklu iela,7
Kārļa Baumaņa iela,1
Kārļa Egles iela,1
Kārļa iela,5
Kārļa Praula iela,1
Kārļa Skaubīša iela,1
Kārļa Vatsona iela,1
Kārlienas iela,1
Karlīnes iela,1
Karogu iela,1
Karpu iela,1
Kārsas iela,1
Kārsavas iela,1
Kartupeļu iela,1
Karūsu iela,1
Kaspara iela,1
Kastaņu iela,4
Kastrānes iela,1
Katedrāles iela,2
Katlakalna iela,1
Katoļu iela,5
Katrīnas iela,3
Kātu iela,1
Kaudzīšu iela,1
Kaugurciema iela,1
Kauguru iela,2
Kaukāza iela,1
Kauņas iela,2
Kaunatas iela,1
Kāvu iela,1
Kazarmes iela,1
Kazarmju iela,1
Kazarmu iela,2
Kazdangas iela,2
Kazeņu iela,1
Kazragu iela,1
Ķeguma iela,3
Ķeistuta iela,1
Ķekavas iela,1
Ķemeru iela,3
Ķemmdziju iela,1
Ķengaraga iela,1
Ķēniņu iela,1
Keramikas iela,2
Keramiķu iela,1
Ķiburgas iela,1
Ķieģeļu iela,5
Ķīļu iela,1
Ķīpsalas iela,1
Ķiršu iela,6
Ķīšezera iela,1
Ķīšu iela,2
Ķivuļu iela,1
Klaipēdas iela,3
Klāņu iela,1
Klāva Ukstiņa iela,2
Kļavu iela,6
Kleistes iela,1
Kleistu iela,1
Klijānu iela,1
Kliņģeru iela,1
Klints iela,2
Klīveru iela,1
Klostera iela,1
Klūgu iela,1
Klusā iela,8
Kocēnu iela,1
Kodola iela,1
Kojusalas iela,1
Kokles iela,2
Kokneses iela,1
Koku iela,4
Kolkas iela,2
Kolkasraga iela,1
Komandanta iela,1
Komētas iela,1
Komētu iela,1
Komunālā iela,3
Ķoniņu iela,1
Konkordijas iela,1
Konrāda iela,1
Konstantīna iela,1
Konsula iela,1
Kooperācijas iela,1
Kooperatīva iela,2
Kooperatīva šķērsiela,1
Kosmonautu iela,1
Krāces iela,1
Krāču iela,2
Krāmu iela,1
Krapes iela,1
Krāslavas iela,4
Krāsotāju iela,3
Krasta iela,8
Krastmalas iela,1
Kraujas iela,4
Kraukļu iela,2
Kraukļukalna iela,1
Krautuves iela,1
Kravas iela,1
Kr. Barona iela,1
Krēgermuižas iela,1
Kreimeņu iela,2
Kreiseru iela,1
Krēmeru iela,1
Krēslas iela,1
Krievupes iela,1
Kriķu iela,1
Krimuldas iela,5
Kriņicas iela,1
Krišjāņa Barona iela,4
Krišjāņa Berķa iela,1
Krišjāņa Valdemāra iela,5
Kristapa Helmaņa iela,1
Kristapa iela,1
Kristīnes iela,1
Krīvu iela,1
Krogus iela,1
Kroņa iela,1
Kroņu iela,2
Kronvalda iela,4
Krosa iela,1
Krotes iela,1
Krūkļu iela,1
Krūmiņsalas iela,1
Krūmu iela,2
Krusas iela,2
Krustabaznīcas iela,1
Krusta iela,1
Krustkalna iela,1
Krustpils iela,4
Krūtes iela,1
Krūzes iela,2
Kr. Valdemāra iela,1
Kūdras iela,3
Kūduma iela,1
Kuģinieku iela,2
Kuģu iela,3
Kukšu iela,1
Kuldīgas iela,5
Kumelīšu iela,2
Kungu iela,4
Kupravas iela,1
Kupriču iela,1
Kurbada iela,1
Kūrmājas iela,1
Kurmales iela,1
Kurmenes iela,1
Kurmju iela,2
Kūrorta iela,1
Kurpnieku iela,2
Kursīšu iela,1
Kuršu iela,4
Kurzemes iela,5
Kuteru iela,1
Kvadrāta iela,1
K. Valdemāra iela,1
Kvarca iela,1
Kvēles iela,1
Kviešu iela,3
Laboratorijas iela,2
Labraga iela,2
Lāceņu iela,1
Lāčplēša iela,8
Lāču iela,6
Lādes iela,1
Laidzes iela,1
Laimas iela,4
Laimdotas iela,2
Laipu iela,3
Laivinieku iela,3
Laivu iela,3
Lakstīgalu iela,6
Laktas iela,1
Langas iela,1
Langervaldes iela,1
Lapeņu iela,1
Lapotnes iela,2
Lapskalna iela,1
Lāpstu iela,1
Lapsu iela,2
Lapsukalna iela,1
Lapu iela,8
Lašu iela,2
Lata iela,1
Latgales iela,6
Lauces iela,1
Ļaudonas iela,2
Laukakmeņu iela,1
Lauksaimnieku iela,1
Lauku iela,10
Laumu iela,1
Launkalnes iela,1
Lauska iela,2
Lauteres iela,1
Lauvas iela,1
Lauztuves iela,1
Lavīzes iela,1
Lazaretes iela,1
Lazdonas iela,1
Lazdu iela,6
Lēdmanes iela,1
Lēdurgas iela,3
Ledus iela,1
Lefkoju iela,1
Lejasciema iela,1
Lejas iela,3
Lejupes iela,1
Leldes iela,1
Lemešu iela,1
Lenču iela,1
Leņķa iela,1
Lēņu iela,1
Leona Paegles iela,4
Lēpju iela,1
Ļermontova iela,3
Lestenes iela,1
Lībagu iela,1
Lībekas iela,1
Lībiešu iela,1
Līču iela,3
Līdaku iela,1
Līdera iela,1
Lidlauka iela,1
Lidoņu iela,1
Lidotāju iela,3
Līduma iela,2
Liedaga iela,3
Liedes iela,1
Lieģu iela,1
Lielā Dārza iela,2
Lielā Dzirnavu iela,1
Lielā iela,7
Lielezeres iela,1
Lielgabalu iela,2
Lielirbes iela,1
Lielupes iela,3
Lielurgas iela,1
Lielvārdes iela,1
Lienes iela,2
Liepājas iela,7
Liepājas šķērsiela,1
Liepkalna iela,1
Liepu iela,8
Liepupes iela,1
Liepziedu iela,1
Liesmas iela,3
Lietus iela,1
Lietuviešu iela,1
Līgas iela,1
Līgatnes iela,4
Liginišķu iela,1
Lignuma iela,1
Līgotāju iela,1
Līkā iela,3
Līksnas iela,2
Lilastes iela,1
Lilijas iela,2
Liliju iela,2
Limbažu iela,2
Linarda Laicena iela,2
Linavas iela,1
Linezera iela,1
Linu iela,3
Līņu iela,2
Lipaiķu iela,1
Litenes iela,1
Līvānu iela,3
Līvas iela,1
Līvciema iela,1
Līves iela,1
Līvu iela,1
Lizuma iela,1
Loču iela,4
Lodes iela,1
Loka iela,2
Lokomotīves iela,2
Lokomotīvju iela,1
Loku iela,2
Loma iela,1
Lomonosova iela,2
Lorupes iela,2
Ložmetējnieku iela,1
Lubānas iela,4
Lucas iela,1
Lucavsalas iela,1
Ludviķa iela,2
Ludzas iela,4
Lugažu iela,1
Lūšu iela,1
Lutriņu iela,1
Madaru iela,3
Madonas iela,3
Magoņu iela,3
Maigas iela,1
maija iela,1
Maija iela,2
Mailes iela,1
Maisa iela,1
Maizes iela,1
Maiznīcas iela,1
Maiznieku iela,1
Mākoņu iela,1
Makša iela,1
Makšķernieku iela,1
Mākslinieku iela,1
Malēju iela,1
Malienas iela,2
Malkas iela,2
Malnavas iela,1
Mālpils iela,1
Maltas iela,2
Maltuves iela,1
Malu iela,1
Mālu iela,5
Mangaļsalas iela,1
Mangaļu iela,1
Māras iela,3
Mārcienas iela,1
Margrietas iela,1
Marijas iela,5
Mārkalnes iela,1
Mārsila iela,1
Mārstaļu iela,1
Martas iela,2
Martas Rinkas iela,1
Mārtiņa iela,4
Mārtiņa Lutera iela,1
Mārupes iela,2
Maskavas iela,3
Mastu iela,3
Mātera iela,2
Matildes iela,1
Matīsa Gūtmaņa iela,1
Matīsa iela,2
Matīšu iela,1
Matrožu iela,3
Mazā Albatrosu iela,1
Mazā Alūksnes iela,1
Mazā Apakšgrāvja iela,1
Mazā Bauskas iela,1
Mazā Bišu iela,1
Mazā Bolderājas iela,1
Mazā Buļļu iela,1
Mazā Caunes iela,1
Mazā Cepļa iela,1
Mazā Čiekuru iela,1
Mazā Dambja iela,2
Mazā Dārza iela,2
Mazā Dzilnas iela,1
Mazā Dzirnavu iela,1
Mazā Ezeru iela,1
Mazā iela,3
Mazā Jaunavu iela,1
Mazā Jauniela,1
Mazā Jēkaba iela,1
Mazā Jelgavas iela,1
Mazā Juglas iela,1
Mazā Kaiju iela,1
Mazā Kalna iela,1
Mazā Kandavas iela,1
Mazā Kleistu iela,1
Mazā Klijānu iela,1
Mazā Krasta iela,1
Mazā Krūmu iela,1
Mazā Kuldīgas iela,1
Mazā Loka iela,1
Mazā Loku iela,1
Mazā Lubānas iela,1
Mazā Matīsa iela,1
Mazā Medus iela,1
Mazā Monētu iela,1
Mazā Muzeja iela,1
Mazā Nometņu iela,2
Mazā Ormaņu iela,1
Mazā Ozolu iela,2
Mazā Piena iela,1
Mazā Pils iela,1
Mazā Priežu iela,1
Mazā Puķu iela,1
Mazā Rasas iela,1
Mazā Rencēnu iela,1
Mazā Riņķa iela,1
Mazā Ropažu iela,1
Mazā Šķērsiela,2
Mazā Skolas iela,1
Mazā Šķūņu iela,1
Mazā Smilšu iela,1
Mazā Stacijas iela,2
Mazā Trokšņu iela,1
Mazā Ūdens iela,1
Mazā Viļņas iela,1
Mazā Viršu iela,2
Mazā Zolitūdes iela,1
Mazirbes iela,2
Mazjumpravas iela,1
Mazlēpju iela,1
Mazsalacas iela,1
Mazurgas iela,1
Mediķu iela,1
Mednieku iela,5
Medņu iela,7
Meduma iela,1
Medus iela,5
Medzes iela,2
Meiju iela,1
Meirānu iela,1
Meistaru iela,2
Melderu iela,1
Meldru iela,6
Melīdas iela,1
Meliorācijas iela,1
Melitas iela,1
Melleņu iela,1
Mellužu iela,1
Melnsila iela,1
Mēmeles iela,1
Mencu iela,2
Mendeļejeva iela,1
Mēness iela,4
Mergupes iela,1
Merķeļa iela,1
Mērnieku iela,3
Mērsraga iela,2
Metālistu iela,1
Metalurgu iela,1
Meteora iela,1
Mētru iela,3
Meža iela,6
Mežapurva iela,1
Mežāres iela,2
Mežciema iela,1
Mežezera iela,1
Mežkalna iela,1
Mežmalas iela,4
Mežnoras iela,1
Mežotnes iela,2
Mežrozīšu iela,2
Mežrūpnieku iela,1
Mežsargu iela,1
Mežu iela,1
Mežvidu iela,1
Miera iela,10
Miesnieku iela,1
Miežu iela,2
Miglas iela,2
Mihaila iela,1
Mihoelsa iela,1
Miķeļa iela,2
Mikus iela,1
Mildas iela,1
Mīlgrāvja iela,1
Milteņu iela,1
Minskas iela,1
Minsterejas iela,1
Mirdzas iela,1
Mirdzas Ķempes iela,2
Misas iela,2
Mores iela,1
Morica iela,1
Motoru iela,2
Mucenieku iela,2
Muitas iela,4
Muižas iela,3
Mujānu iela,1
Mūku iela,1
Mūkupurva iela,1
Mūkusalas iela,1
Murdu iela,2
Murjāņu iela,1
Mūrmuižas iela,1
Mūrnieku iela,1
Mūsas iela,1
Muzeja iela,1
Mūzikas iela,1
Nabagu iela,1
Naftas iela,1
Nākotnes iela,7
Namdaru iela,4
Nameja iela,2
Nāras iela,1
Narcišu iela,3
Nāru iela,1
Narvas iela,1
Natālijas iela,1
Natana Barkana iela,1
Nātru iela,1
Nauču iela,1
Naudītes iela,1
Naujenes iela,2
Nautrēnu iela,1
Neatkarības rotas iela,1
Negaisa iela,1
Nēģu iela,1
Ņekrasova iela,1
Neļķu iela,3
Neretas iela,4
Nīcas iela,4
Nīcgales iela,2
Nidas iela,2
Niderkunes iela,1
Niedru iela,5
Nīgrandes iela,1
Nikolaja iela,2
Nikolaja Rēriha iela,1
Nīkrāces iela,1
Nītaures iela,1
Noliktavas iela,3
Noliktavu iela,1
Nomales iela,4
Nometņu iela,4
Noras iela,2
Nordeķu iela,1
novembra iela,1
N. Rancāna iela,1
Nulpes iela,1
Observatorijas iela,1
Odesas iela,1
Odu iela,1
Oficieru iela,1
Ogļu iela,1
Ogres iela,3
Ojāra Vācieša iela,1
Olaines iela,3
Olektes iela,1
Olgas iela,2
Oļģerta iela,1
Olīvu iela,1
Oļu iela,4
Omnibusa iela,1
Omskas iela,1
Ormaņu iela,3
Oškalna iela,2
Oskara iela,1
Oskara Kalpaka iela,2
Ostas iela,4
Ostrovska iela,1
Ošu iela,4
Otaņķu iela,1
Otīlijas iela,1
Ovīšu iela,1
Ozolciema iela,1
Ozolkalnu iela,1
Ozolnieku iela,1
Ozolu iela,8
Pabažu iela,1
Paceplīša iela,1
Paceplīšu iela,1
Packules iela,1
Padures iela,1
Paegļu iela,2
Paipalu iela,1
Pakalnes iela,1
Pakalniešu iela,1
Palangas iela,3
Palasta iela,1
Palejas iela,4
Palejnieku iela,1
Pāles iela,1
Palīdzības iela,2
Palienas iela,1
Palienes iela,1
Palmu iela,2
Palsas iela,1
Paltmales iela,1
Palu iela,1
Pamatu iela,1
Pampāļu iela,2
Papardes iela,3
Papes iela,1
Parādes iela,2
Pārdaugavas iela,1
Pārgaujas iela,1
Parka iela,9
Pārmiju iela,2
Pārslas iela,2
Pārslu iela,1
Partizānu iela,1
Pasažieru iela,2
Pasiekstes iela,1
Pasilciema iela,1
Pasta iela,4
Pastendes iela,1
Patversmes iela,4
Pauguru iela,1
Pauku iela,1
Paula Lejiņa iela,2
Paula Stradiņa iela,1
Paula Valdena iela,1
Pavasara iela,1
Pāvila iela,2
Pāvilostas iela,1
Pāvu iela,1
Pečorītes iela,1
Pededzes iela,2
Peitavas iela,1
Pēkšēna iela,1
Peldu iela,7
Pelēdu iela,1
Pelītes iela,1
Penkules iela,1
Pērkona iela,1
Pērkones iela,2
Pērkoņu iela,1
Pērļu iela,2
Pērnavas iela,2
Pērses iela,4
Pētera Beltes iela,1
Pētera iela,3
Pētera Pāvila iela,1
Pēterbaznīcas iela,1
Pētersalas iela,1
Pēterupes iela,1
Piebalgas iela,1
Piedrujas iela,1
Piejūras iela,1
Piekrastes iela,3
Piena iela,1
Pieneņu iela,3
Piestātnes iela,3
Pīkola iela,1
Pīlādžu iela,7
Pilātu iela,1
Pildas iela,1
Pils iela,5
Pilskalna iela,2
Pilsoņu iela,2
Pilssalas iela,1
Piltenes iela,3
Pīļu iela,3
Pionieru iela,2
Pīpeņu iela,1
Pīpiķu iela,1
Pirts iela,2
Planīcas iela,1
Platā iela,2
Plāteru iela,1
Platones iela,3
Pļaujas iela,1
Plaužu iela,1
Pļavas iela,3
Pļaviņu iela,3
Pļavnieku iela,1
Pļavu iela,8
Plēksnes iela,1
Plekstes iela,1
Plēnes iela,1
Pleskavas iela,1
Pleskodāles iela,1
Plēsuma iela,1
Pļevnas iela,1
Ploču iela,1
Plosta iela,1
Plostnieku iela,2
Plostu iela,2
Plotičku iela,1
Pludiņu iela,1
Pludmales iela,2
Plūdu iela,2
Plūmju iela,3
Podnieku iela,2
Podraga iela,1
Poligona iela,1
Popes iela,1
Poruka iela,1
Posma iela,1
Prāgas iela,1
Prāmju iela,2
Praulienas iela,1
Preču iela,2
Preiļu iela,2
Priedaines iela,2
Priedkalna iela,1
Priedkalnes iela,1
Priekules iela,4
Priežu iela,9
Prīmulu iela,1
Prinču iela,1
Progresa iela,1
Prohorova iela,1
Promenādes iela,1
Prūšu iela,1
P. Stradiņa iela,1
Pūces iela,3
Pučurgas iela,1
Pudiķa iela,1
Puikules iela,1
Puķu iela,6
Pulka iela,1
Pulkveža Brieža iela,7
Pulkveža iela,1
Pulkveža Oskara Kalpaka iela,1
Pulvera iela,1
Pumpura iela,1
Pumpuru iela,1
Punduru iela,1
Pūpolu iela,5
Pupu iela,1
Pupuķu iela,1
Pureņu iela,6
Pūres iela,2
Purmsātu iela,1
Purva iela,4
Purvciema iela,1
Purvu iela,2
Puškina iela,4
Putekļu iela,1
Putnu iela,8
Putu iela,2
Puzes iela,1
Rāceņu iela,1
Radio iela,3
Radžu iela,2
Ragatu iela,1
Raicenes iela,1
Raiņa iela,8
Raipoles iela,1
Raiskuma iela,1
Rājumsila iela,1
Rakstvežu iela,1
Raktes iela,1
Rāmuļu iela,1
Randenes iela,1
Randu iela,1
Rankas iela,2
Rasas iela,4
Ratnieku iela,1
Rātsupītes iela,1
Raudas iela,2
Raunas iela,4
Raušu iela,1
Rautenberga iela,1
Rāvas iela,2
Ražas iela,2
Rāznas iela,1
R. Blaumaņa iela,1
Reimersa iela,1
Reiņu iela,1
Reiņu meža iela,1
Reinvaldu iela,1
Rembates iela,2
Remīnes iela,1
Remtes iela,1
Rencēnu iela,2
Rendas iela,3
Reņģes iela,1
Reņģu iela,1
Republikas iela,1
Rēzeknes iela,3
Rēzeknes pulka iela,1
Režģu iela,1
Rēznas iela,2
Rīdzenes iela,1
Riekstu iela,5
Riepnieku iela,1
Riepu iela,1
Rietekļa iela,1
Rietumkrasta iela,1
Rīgas iela,10
Riharda Gredzena iela,1
Riharda Vāgnera iela,1
Rijas iela,1
Rikšotāju iela,1
Rindas iela,1
Rindzeles iela,1
Riņķa iela,4
Riņķu iela,1
Rinkuļu iela,1
Rīnūžu iela,1
Rītausmas iela,2
Rītu iela,1
Rītupes iela,2
Rīvas iela,1
Roberta Feldmaņa iela,1
Robežu iela,9
Rododendru iela,1
Rojas iela,3
Romas iela,2
Roņsalas iela,1
Roņu iela,3
Ropažu iela,2
Rosmes iela,1
Rostokas iela,1
Rotas iela,2
Rotkalnu iela,1
Rožu iela,8
Rožupes iela,1
Rubenes iela,1
Rubeņkalna iela,1
Rubeņu iela,4
Rucavas iela,3
Rudbāržu iela,2
Rudens iela,3
Rūdolfa Blaumaņa iela,2
Rūdolfa iela,1
Ruduļu iela,1
Rudzu iela,4
Rūjas iela,1
Rūjienas iela,3
Ruļļu iela,1
Rumbulas iela,1
Rundāles iela,1
Rūpnīcas iela,2
Rūpniecības iela,10
Ruses iela,1
Rūsiņa iela,2
Rušonu iela,1
Rusova iela,1
Rustēnu iela,1
Sabiedroto iela,1
Sabiles iela,4
Sabuļu iela,1
Saikavas iela,1
Saites iela,1
Sakarnieku iela,1
Sakas iela,3
Sakņudārza iela,1
Sakņu iela,3
Saktas iela,1
Salacas iela,3
Salamandras iela,1
Salas iela,2
Salaspils iela,2
Saldus iela,6
Salgales iela,1
Šalkones iela,1
Šalku iela,1
Salmu iela,2
Salnas iela,3
Salnavas iela,1
Salnu iela,2
Salviju iela,1
Samnera Velsa iela,1
Šampētera iela,1
Samteņu iela,1
Samu iela,1
Sanatorijas iela,1
Sapala iela,1
Sapieru iela,1
Sapņu iela,2
Saraiķu iela,1
Sardzes iela,1
Sāremas iela,1
Sargu iela,1
Sarkanā iela,1
Sarkandaugavas iela,1
Šarlotes iela,2
Sarmas iela,2
Sārnates iela,2
Sārtes iela,1
Satekles iela,1
Satiksmes iela,6
Sātiņu iela,1
Saukas iela,1
Saulaines iela,1
Saulcerītes iela,1
Saules iela,8
Sauleskalna iela,1
Saulgožu iela,1
Saulgriežu iela,3
Saulītes iela,1
Saulkalnes iela,1
Saulkrastu iela,1
Šauļu iela,1
Šaurā iela,4
Sausā iela,1
Šautuves iela,1
Savariņa iela,1
Savienības iela,1
Ščecinas iela,1
Seces iela,2
Sedas iela,3
Sējas iela,1
Sēkļu iela,1
Selgas iela,3
Sēlijas iela,2
Sēlpils iela,1
Sēļu iela,2
Semafora iela,1
Semināra iela,1
Senatnes iela,1
Senču iela,3
Senlejas iela,2
Sēņu iela,1
Sēravotu iela,1
Sērenes iela,1
Sergeja Eizenšteina iela,1
Sermuliņu iela,1
Sesavas iela,1
Sesku iela,1
Sētas iela,1
Sidraba iela,1
Sieksātes iela,1
Siena iela,2
Sienāžu iela,1
Sieramuižas iela,1
Sīgu iela,1
Siguldas iela,9
Sīkā iela,1
Sila iela,6
Silciema iela,1
Silenes iela,2
Silikātu iela,2
Siliņu iela,1
Siļķu iela,1
Silmaču iela,1
Silpureņu iela,1
Siltuma iela,1
Silu iela,2
Sīmaņa iela,1
Sinagogas iela,1
Siņicina iela,1
Sinoles iela,1
Sīpeles iela,1
Sitas iela,1
Skaidu iela,1
Skaistas iela,1
Skaistkalnes iela,1
Skandu iela,1
Skanstes iela,1
Skanstnieku iela,1
Skaņu iela,1
Skārņu iela,1
Skautu iela,2
Šķēdes iela,1
Skeletona iela,1
Šķembu iela,1
Šķērsiela,1
Šķērstes iela,1
Šķērsu iela,1
Šķirotavas iela,1
Skodas iela,1
Skolas iela,9
Skolotāju iela,2
Skostu iela,1
Skrindu iela,1
Skrīnes iela,1
Skrīveru iela,1
Skroderu iela,1
Skrudalienas iela,1
Skrundas iela,4
Skudru iela,2
Skujenes iela,1
Skuju iela,5
Skultes iela,2
Šķūņu iela,3
Slampes iela,1
Slapjā iela,1
Slāvu iela,2
Slēperu iela,1
Slēpotāju iela,1
Sliežu iela,4
Slimnīcas iela,5
Slocenes iela,1
Slokas iela,4
Sloku iela,1
Smārdes iela,1
Šmerļa iela,1
Smilgu iela,7
Smilškalna iela,1
Smilškalnu iela,1
Smilšu iela,12
Smiltenes iela,3
Smiltnieku iela,1
Sniedzes iela,2
Sniega iela,2
Sniķeres iela,1
Sofijas iela,2
Spailes iela,1
Spaļu iela,2
Spāres iela,2
Sparģeļu iela,1
Spārnu iela,1
Spāru iela,1
Spīdolas iela,4
Spīķeru iela,2
Spilves iela,2
Spirgus iela,1
Spodras iela,1
Spoles iela,1
Sporta iela,7
Sprīdīša iela,1
Sprīdīšu iela,1
Sprieguma iela,1
Sprūževas iela,1
Spulgas iela,1
S. Putāna iela,1
Sputņika iela,1
Stabu iela,3
Stabules iela,1
Staburaga iela,3
Stacijas iela,8
Stadiona iela,6
Stagaru iela,1
Staiceles iela,2
Staldzenes iela,1
Staļģenes iela,2
Stāmerienas iela,1
Staņislavska iela,1
Staraja Rusas iela,1
Stārķu iela,5
Starta iela,1
Staru iela,4
Stāvā iela,2
Stāvvadu iela,1
Steigas iela,1
Steķu iela,2
Stellas iela,1
Stelpes iela,1
Stendera iela,2
Stendes iela,3
Stērstu iela,1
Stiebru iela,2
Stienes iela,1
Stigu iela,1
Stiklu iela,1
Stirnu iela,4
Stokholmas iela,1
Stopiņu iela,1
Strādnieku iela,3
Strādnieku šķērsiela,1
Straumes iela,4
Straupes iela,2
Strauta iela,3
Strautnieku iela,1
Strautu iela,4
Strazdu iela,7
Strazdumuižas iela,1
Strēlnieku iela,3
Strenču iela,2
Strengu iela,1
Strīķu iela,1
Stropu iela,1
Strūgu iela,1
Struktoru iela,1
Strupā iela,1
Struteles iela,1
Studentu iela,1
Studentu rotas iela,1
Stūra iela,1
Stūres iela,1
Stūrīša iela,2
Stūrmaņu iela,3
Sudraba iela,1
Sudrabu Edžus iela,3
Suitu iela,1
Sūkņu iela,1
Suntažu iela,1
Sūnu iela,6
Šūņu iela,1
Susējas iela,1
Svaru iela,1
Sveķu iela,2
Sventas iela,1
Svētes iela,4
Svilpes iela,1
Svīres iela,1
Svīriņu iela,1
Svitenes iela,1
Svīteres iela,1
Tabores iela,1
Taču iela,1
Tadaiķu iela,1
Tadenavas iela,1
Taisnā iela,1
Taku iela,1
Tālavas iela,3
Talejas iela,1
Tālivalža iela,2
Tallinas iela,3
Talsu iela,4
Tapešu iela,1
Tārgales iela,1
Tartakas iela,1
Tartu iela,1
Tāšu iela,2
Taures iela,1
Tauriņu iela,2
Tautas iela,2
Tauvas iela,1
Tauvu iela,1
Teātra iela,4
Tebras iela,2
Tējas iela,1
Tekstilnieku iela,1
Telšu iela,2
Telts iela,2
Tempļa iela,1
Teodora Breikša iela,1
Teodora Grothusa iela,1
Teodora iela,1
Teodora Spādes iela,1
Teodora Ūdera iela,1
Tērandes iela,1
Tērauda iela,3
Tēraudlietuves iela,1
Tērbatas iela,4
Terēzes iela,1
Tēriņu iela,1
Tērvetes iela,5
Teteru iela,1
Tiesu iela,1
Tīklu iela,3
Tilaudu iela,1
Tilta iela,3
Tiltu iela,1
Timoteja iela,1
Tīnūžu iela,1
Tipogrāfijas iela,1
Tīraines iela,1
Tīreļa iela,2
Tirgoņu iela,5
Tirgus iela,6
Tīruma iela,3
Tīrumu iela,1
Tirzas iela,3
Tobago iela,1
Toma iela,2
Tomātu iela,1
Tomsona iela,1
Torņa iela,4
Torņakalna iela,1
Tosmares iela,1
Tota iela,1
Traktoristu iela,1
Traktoru iela,1
Traleru iela,1
Tramplīna iela,1
Transporta iela,2
Trapenes iela,1
Treiliņu iela,1
Trijādības iela,1
Trikātas iela,3
Trimpus iela,1
Trīsciema iela,1
Trīsstūra iela,1
Trokšņu iela,1
Trūvertu iela,1
Tūjas iela,1
Tukuma iela,8
Tulpju iela,2
Tumes iela,1
Turaidas iela,7
Turgeņeva iela,1
Tūristu iela,2
Turlavas iela,1
Tvaika iela,2
Tvaikoņu iela,3
Tvaiku iela,1
Ūbeles iela,1
Ūdeļu iela,1
Ūdens iela,7
Ūdensvada iela,2
Ūdru iela,3
Ugāles iela,3
Uguns iela,1
Ulbrokas iela,1
Uliha iela,2
Ulmales iela,2
Ulža iela,1
Umurgas iela,1
Undīnes iela,1
Ūnijas iela,1
Upeņu iela,4
Upesciema iela,1
Upesgrīvas iela,1
Upes iela,8
Ūpju iela,1
Upmalas iela,2
Urgu iela,1
Uriekstes iela,1
Usmas iela,3
Užavas iela,3
Užvaldes iela,1
Uzvaras iela,5
Vaboļu iela,1
Vabu iela,1
Vadakstes iela,1
Vaduguņu iela,1
Vadu iela,2
Vadžu iela,1
Vagonu iela,1
Vaidavas iela,3
Vaidelotes iela,1
Vaiņodes iela,4
Vairoga iela,1
Vairogu iela,1
Vaivaru iela,2
Vakara iela,1
Vakarbuļļu iela,1
Vakaru iela,1
Valdeķu iela,1
Valdlauču iela,1
Valentīna iela,1
Valgales iela,1
Valguma iela,1
Valgundes iela,1
Valkas iela,5
Valmieras iela,6
Vaļņu iela,4
Vālodzes iela,2
Valtaiķu iela,1
Vanagu iela,4
Vandzenes iela,1
Vānes iela,1
Vangažu iela,2
Varakļānu iela,1
Varavīksnes iela,2
Varkaļu iela,1
Vārnu iela,3
Varoņu iela,4
Vārpas iela,1
Vārpu iela,6
Varšavas iela,1
Vārves iela,2
Varžu iela,1
Vasaras iela,3
Vasarnīcu iela,3
Vasarnieku iela,2
Vaska iela,1
Vasku iela,2
Vāveres iela,1
Vāveru iela,2
Vecā Biķernieku iela,1
Vecā Buļļu iela,1
Vecaines iela,1
Vecā Sēlpils iela,1
Vecauces iela,1
Vecdaugavas iela,1
Vecmīlgrāvja iela,1
Veco Strēlnieku iela,1
Vecpilsētas iela,2
Vecpils iela,1
Vecsaules iela,1
Vecumnieku iela,1
Vēdas iela,1
Vēdzeļu iela,1
Veidenbauma iela,1
Veides iela,1
Veiksmes iela,1
Vēja iela,1
Vējavas iela,1
Vējdzirnavu iela,1
Vējstūru iela,1
Vēju iela,4
Vekteru iela,1
Vēlavu iela,1
Veldres iela,1
Veldzes iela,1
Velēnu iela,1
Velkoņu iela,1
Velmes iela,1
Vendu iela,1
Vendzavu iela,1
Ventas iela,7
Venteru iela,1
Ventspils iela,4
Vērdiņu iela,1
Vērgales iela,1
Vērmeļu iela,1
Veru iela,1
Veselības iela,2
Vesera iela,1
Veseru iela,1
Vesetas iela,1
Vēsmas iela,3
Vestienas iela,1
Vētras iela,3
Vēžu iela,3
Vībotņu iela,1
Vidrižu iela,1
Viduma iela,1
Vidusceļa iela,2
Vidus iela,6
Vidzemes iela,2
Vienības iela,3
Viesītes iela,3
Viesnīcas iela,1
Viestura iela,5
Viesuļu iela,1
Vietalvas iela,1
Vīgriežu iela,2
Vijciema iela,1
Vijolīšu iela,1
Vikingu iela,1
Vīksnas iela,2
Vīksnes iela,1
Viktorijas iela,2
Vīķu iela,1
Viļakas iela,1
Vīlandes iela,1
Viļānu iela,2
Viļa Olava iela,1
Vilces iela,1
Vilhelma Kreslera iela,1
Vilhelma Purvīša iela,1
Vilhelma Strūves iela,1
Vīlipa iela,1
Vilkaines iela,1
Vilku iela,2
Vilkupurva iela,1
Viļņas iela,1
Viļņu iela,2
Viļuma iela,1
Vimbu iela,1
Vinču iela,1
Vingrotāju iela,1
Viņķu iela,1
Vipingas iela,1
Virānes iela,1
Virbu iela,1
Vircavas iela,2
Virgas iela,3
Virsaiša iela,1
Virsaišu iela,2
Virsnieku iela,1
Virssardzes iela,1
Viršu iela,6
Virves iela,1
Viskaļu iela,2
Višķu iela,3
Visvalža iela,1
Vitebskas iela,1
Vīteņu iela,1
Vites iela,1
Vītolu iela,4
Vitrupes iela,1
Vizbuļu iela,4
Vizlas iela,1
Vižņu iela,1
Vizuļu iela,1
Voldemāra Baloža iela,1
Voleru iela,1
Volguntes iela,1
V. Purvīša iela,1
V. Seiles iela,1
Žagaru iela,1
Žagatu iela,2
Zāģeru iela,1
Zaķu iela,6
Zaļā iela,7
Zaļenieku iela,1
Zālīša iela,1
Zālītes iela,1
Zalkšu iela,2
Zāļu iela,5
Zaļumu iela,3
Zalves iela,1
Žaņa Lipkes iela,1
Zandartu iela,1
Zanes iela,1
Zantes iela,1
Zārdu iela,1
Zaru iela,4
Zasas iela,1
Zasulauka iela,1
Zaubes iela,2
Zavoloko iela,1
Zebiekstes iela,1
Zebrenes iela,1
Zēģeļu iela,1
Zeļinska iela,1
Zeļļu iela,1
Zelmeņu iela,1
Zeltiņu iela,1
Zeltkalna iela,1
Zemaišu iela,1
Zemeņu iela,3
Zemes iela,1
Zemgales iela,4
Zemgaļu iela,2
Zemitāna iela,1
Zemītes iela,2
Zemkopju iela,1
Zemnieku iela,4
Zentenes iela,1
Ziedoņa iela,4
Ziedoņu iela,1
Ziedu iela,9
Ziemeļblāzmas iela,1
Ziemeļu iela,6
Ziemupes iela,1
Ziepju iela,1
Ziepniekkalna iela,1
Žīguru iela,1
Zilā iela,1
Zilānu iela,1
Zīlānu iela,1
Zileņu iela,2
Zīlīšu iela,1
Ziloņu iela,1
Zīļu iela,2
Zilupes iela,2
Zirgu iela,3
Zirņu iela,5
Ziru iela,1
Zivju iela,3
Zlēku iela,1
Znotiņu iela,1
Zolitūdes iela,1
Žubīšu iela,1
Žubītes iela,1
Zūru iela,2
Zušu iela,2
Zuteņu iela,1
Zvaigžņu iela,9
Zvana iela,1
Zvanītāju iela,1
Zvanu iela,3
Zvārdes iela,1
Zvārtas iela,1
Zvārtavas iela,1
Zvejas iela,2
Zvejniekciema iela,1
Zvejnieku iela,6
Zviedru iela,1
Zvīņu iela,3
Zvirbuļu iela,3