Abadžiluk,1
Aleja Bosne Srebrene,1
Aleja Lipa,1
Alije Kučukalića,1
Alipašina,1
Ante Babića,1
Aščiluk,1
Augusta Brauna,1
Avde Jabučice,1
Azize Šaćirbegović,1
Bazardžani,1
Bentbaša,1
Bosanskih Kraljeva,1
Branilaca Sarajeva,1
Branislava Đurđeva,1
Bravadžiluk,1
Bulevar Ivice Osima,1
Bulevar Meše Selimovića,1
Čekaluša,1
Ćemaluša,1
Ćemerlina,1
Čurčiluk veliki,1
Dalmatinska,1
Dariva,1
Dr. Fetaha Bećirbegovića,1
Drinska,1
Đulagina,1
Džemala Bijedića,1
Dženetića čikma,1
Džidžikovac,1
Ferhadija,1
Fojnička,1
Franjevačka,1
Franjo Rački,1
Gimnazijska,1
Goraždanska,1
Grbavička,1
Halida Kajtaza,1
Hamdije Čemerlića,1
Hamze Hume,1
Hiseta,1
Hrgića,1
Ive Andrića,1
Jelića,1
Kaptol Street,1
Kazandžiluk,1
Kazazi,1
Kolodvorska,1
Koševo,1
Kosta Herman,1
Kovači,1
Kranjčevićeva,1
Krupska,1
Kujundžiluk,1
Kulovića,1
Kundurdžiluk,1
Logavina,1
Ložionička,1
Luledžina,1
Marka Marulića,1
Maršala Tita,1
Marshal Tito,1
Milana Preloga,1
Mis Irbina,1
Mjedenica,1
Mudželeti Veliki,1
Mula Mustafa Bašeskija,1
Musala,1
Muvekita,1
Na varoši,1
Obala Kulina bana,1
Obala Maka Dizdara,1
Paromlinska,1
Patriotske lige,1
Pehlivanuša,1
Prota Baković,1
Put Mladih Muslimana,1
Put života,1
Radićeva Street,1
Reisa Džemaludina Čauševića,1
Safeta Hadžića,1
Safeta Zajke,1
Safvet beg Bašagić,1
Sagrdžije,1
Sarači,1
Skenderija,1
Splitska,1
Srđana Aleksića,1
Strossmayer,1
Tahčića sokak,1
Telali,1
Terezija,1
Todora Švrakića,1
Topal Osman-paše,1
Turhanija,1
Urijan Dedina,1
Vilsonovo šetalište,1
Wilson's Lane,1
Zagrebačka,1
Zelenih beretki,1
Zmaja od Bosne,1