"Altenbach",1
"Gschindstrasse",1
"Industriering",1
"Kesse",1
"Schifflände",1
"Hofstrasse",1
"Stöcklerweg",1
"Guferstrasse",1
"Heitastrasse",1
"Kohlmahd",1
"Schinderböchel",1
"Böschfeldweg",1
"Meldina",1
"Dr. Josef Hoop-Str.",1
"Ritsch",1
"Sportplatzweg",1
"Essanestrasse",1
"Lindengasse",1
"Im Wingert",1
"Hegastrasse",1
"Krummenacker",1
"Im Mühleholz",1
"Turnastrasse",1
"Brüel",1
"Alemannenstrasse",1
"Sonnblickstrasse",1
"Gaschlieser",1
"Im Sand",1
"Matustrasse",1
"Schmiedgasse",1
"Kappelerweg",1
"Wesle",1
"Zwischenbäch",1
"Kanalweg",1
"Hettabörgleweg",1
"Backofengasse",1
"Eichengasse",1
"Sankt Luzistrasse",1
"Vanetscha",1
"Oberdorf",1
"Rosenstrasse",1
"Irafrieg",1
"Zum Sankt Johanner",1
"Torbariet",1
"Guferwaldstrasse",1
"Escheweg",1
"Wislistrasse",1
"Im Winkel",3
"Binzastraße",1
"Dorf",1
"Oberer Winkel",1
"Untere Gschindstrasse",1
"Werlaweg",1
"Im Güetli",1
"Im Fetzer",1
"Spennistrasse",1
"Im Besch",1
"Aeule",1
"Im Garsill",1
"Torkel",1
"Spiegelstrasse",1
"Leitawisstrasse",1
"Hainweg",2
"Quadera",1
"Reberastrasse",1
"Im Häldele",1
"Plattenbach",1
"Spidach",1
"Nolla",1
"Rietteileweg",1
"Steg",1
"Burgweg",1
"Abtswingertweg",1
"Landamannstrasse",1
"Sandweg",1
"Im Duxer",1
"Valstligasse",1
"Klenn",1
"Schützengasse",1
"Geisszipfelstrasse",1
"Letzanaweg",1
"Rietstrasse",2
"Finne",1
"Oberfeld",1
"Fabrikwegli",1
"Grossfeld",1
"Wiesenstrasse",1
"Mariahilf",1
"Hampfländer",1
"Im Kellersfeld",1
"Castelun",1
"Am Bach",1
"Fabrikenweg",1
"Drechslergass",1
"Saxgass",1
"Britschenstrasse",1
"Habrütti",1
"Bangserstraße",1
"Walchabündt",1
"Nellengasse",1
"Grashalda",1
"Peter-Kaiser-Strasse",1
"Mattlaweg",1
"Tanzplatz",1
"Alberweg",1
"Im unteren Rossfeld",1
"Tüfenacker",1
"Broggmeder",1
"Aubündt",1
"Industriestrasse",4
"Büchele",1
"Tannwald",1
"Peter-und-Paul-Strasse",1
"Fürst-Franz-Josef-Strasse",2
"Forellenweg",1
"Egertastrasse",1
"Taleze",1
"Drachenweg",1
"Im Gafos",1
"Obere Rüttigasse",1
"Höfle",1
"Sankt Florinsgasse",1
"Silumstrasse",1
"Stigbretscha",1
"Widagass",1
"Schliessa",2
"Feld",1
"Schlattstrasse",1
"Unterfeld",1
"Iraggellstrasse",1
"Toniäulestrasse",1
"Rotenbodenstrasse",1
"Tristelstrasse",1
"Rütistrasse",1
"Widengasse",1
"Gutacker",1
"Gafleistrasse",1
"Parallelgrabenstrasse",1
"St. Martins-Ring",1
"Unterm Schloss",1
"Sax",1
"Aviols",1
"Saxweg",1
"Torkelgass",1
"Neugasse",1
"Ober Betsche",1
"Krüzgass",1
"Quadretschaweg",1
"Dröschistrasse",1
"Städtle",1
"Im Steinest",1
"Marktgass",1
"Beckagässli",1
"Fürst-Johannes-Strasse",1
"Kloggerweg",1
"Fabrikstrasse",1
"Frauhofer",1
"Bannholzstrasse",1
"Im Burkat",1
"Palduinstrasse",1
"Noflerstraße",1
"Sägastrasse",2
"Schmedgass",1
"Neue Churer Strasse",1
"Fehragass",1
"Im Quäderle",1
"Schulstrasse",1
"Staudengasse",1
"Giessenstrasse",2
"Eschner Rütte",1
"Im Bartledura",1
"Lindaplatz",1
"Schlattfeldweg",1
"Sägaweg",1
"Schmiedegass",1
"Castellstrasse",1
"Gerberweg",1
"Badiera",1
"Johann-Georg-Helbert-Strasse",1
"Gafadura",1
"Dohlenweg",1
"Brüelweg",1
"Floraweg",1
"Im Rossfeld",1
"Alte Landstrasse",2
"Kappileweg",1
"Wagnerweg",1
"Breita",1
"Heiligwies",1
"Bölsbrunn",1
"Grossabünt",1
"Rossbodastrasse",1
"Zollstrasse",1
"Bühlstrasse",1
"Badwegli",1
"Eschner Strasse",2
"Zweistäpfle",1
"Simsgasse",1
"Im Katzarank",1
"Obere Hub",1
"Alte Churerstrasse",1
"Lettenstrasse",1
"Kanalstrasse",3
"Etschetlina",1
"Gebhardstorkel",1
"Untere Pradafant",1
"Mühlesträssle",1
"Bönerstrasse",1
"Wingerta",1
"Sagenstrasse",1
"Adlerkreisel",1
"Bogengasse",1
"Lettgräbli",1
"St. Marmertenweg",1
"Im Täscherloch",1
"Maschlinastrasse",1
"Gnetsch",1
"In der Halde",1
"Landstrasse",3
"Wüerleweg",1
"Familienteileweg",1
"Mühlegass",2
"Kaplaneigasse",1
"Am Gupfenbühel",1
"Oberweiherstrasse",1
"Mittlere Länge",1
"Unterm Rain",1
"Altneugut",1
"Im Hasenacker",1
"Heraweg",1
"Hagstrasse",1
"Krüzbunt",1
"Mareestrasse",1
"Im Schwibboga",1
"Gässle",2
"Popers",1
"Spaniagasse",1
"Fingastrasse",1
"Bangserwiese",1
"St. Ludwig",1
"Grasgarten",1
"Langacker",1
"Oberplanknerstrasse",1
"Fürstenfeld",1
"Breiten",1
"Schalunstrasse",1
"Obere Au",1
"Lachenstrasse",1
"Gänsenstrasse",1
"Litzistrasse",1
"Gärten",1
"Schmiedeweg",1
"Krist",1
"Zum Escheweg",1
"Eichenstrasse",1
"Tschingel",1
"Rütteler",1
"Heuweg",1
"Gagoz",1
"Neugrüt",1
"Rankhag",1
"Schwefelstrasse",1
"Ruggeller Strasse",1
"Sankt Martinsweg",1
"Winkelgass",1
"Freiendorfstrasse",1
"Schönbühl",1
"Rätierstrasse",1
"Unter Betsche",1
"Im Oberfeld",1
"Bartlegroschstrasse",1
"Giessaweg",1
"Eichholzweg",1
"Staffelweg",1
"Sägagass",2
"Rüfestrasse",2
"Rennhofstrasse",1
"Pradafant",1
"Malbunstrasse",1
"Bächliweg",1
"Im Neugut",1
"Hasenweg",1
"Im Obera Gamander",1
"Bardellaweg",1
"Planknerstrasse",1
"Kappelestrasse",1
"Laurentiusweg",1
"Egerta",2
"Rosenbühler",1
"Oberbendern",1
"Stubistrasse",1
"Stotz",1
"Erlaweg",1
"Gewerbestrasse",1
"Feldstrasse",2
"Lochgass",1
"Heiligkreuz",2
"Gewerbeweg",1
"Grosse Teile Straße",1
"Steinbösstrasse",1
"Arnikaweg",1
"Chalberrütistrasse",1
"Försterweg",1
"Poska",1
"Kasparigass",1
"Im Irkales",1
"Aukreisel",1
"Im Rehwinkel",1
"Dammweg",1
"Im Ganser",1
"Garlanga",1
"Weiherring",1
"Im Gässli",1
"Kreisel Landtag",1
"Sebastianstrasse",1
"Rheinstrasse",4
"Trachter",1
"Bündtle",1
"Boja",1
"Neufeldweg",2
"Oberbühl",2
"Donatsweg",1
"Bofelweg",1
"Unterm Stein",1
"Lettstrasse",1
"Fürst-Johann-Strasse",1
"Lehenwies",1
"Neugutweg",1
"Iratetsch",1
"Sankt Annagasse",1
"Churer Strasse",1
"Holzgatter",1
"Im Werler",1
"Stelzagass",1
"Hintergass",1
"Bachweg",1
"Feldkircher Strasse",1
"Fürstenstrasse",1
"Erikaweg",1
"Steinortstrasse",1
"Austrasse",1
"Wingertstrasse",1
"Täscherlochstrasse",1
"Neue Freschnerstraße",1
"Säss",1
"Ramschwagweg",1
"Rietlestrasse",1
"In den Äusseren",1
"Lowal",1
"Greschner",1
"Duxgass",1
"Büalstrasse",1
"Maienweg",1
"Kirchstrasse",2
"Schlossweg",3
"Krest",1
"Kappele",1
"Kella",1
"St. Peter",1
"Nasshaggaweg",1
"Neudorfstrasse",2
"Brata",1
"Rormederweg",1
"Steineststrasse",1
"Rietweg",1
"Mühleweg",2
"Mazoraweg",1
"Im Steinort",1
"Bildgass",1
"Ottobeurenweg",1
"Maseschastrasse",1
"Morgengab",1
"Fronergass",1
"Haldenweg",2
"Vogelsang",1
"Holdergasse",1
"Dominik Banzer-Strasse",1
"Kornweg",1
"Hunsrücken",1
"Erlenbritschen",1
"Stötz",1
"Wildschlossweg",1
"Kohlbrunnen",1
"Pädergross",1
"Buchenweg",1
"Im Stadel",1
"Kreuzbühel",1
"Langgasse",1
"Winzergasse",1
"Alvierweg",1
"St. Luzi-Strasse",1
"Möliweg",1
"Hölzle",1
"Böngerta",1
"Bangarten",1
"Streue",1
"St. Wolfgangstrasse",1
"Farbwegli",1
"Platzbünt",1
"Bargällastrasse",1
"Haldenstrasse",2
"Schaanerstrasse",1
"Jedergass",1
"Rötis",1
"Tonagass",1
"Badstoba",1
"Zum Erlabach",1
"Schwemmegass",1
"Auf der Egerta",1
"Grafertgasse",1
"Loch",2
"Aeulegraben",1
"Dr. Albert Schädler-Strasse",1
"Gatter",1
"Hochbruck",1
"Gatterbach",1
"Rätikonstrasse",1
"Bongerten",1
"Haberacherstrasse",1
"Am Widagraba",1
"Bächlegatter",1
"Garnis",1
"Oberau",1
"Hubbündt",1
"Bühl",1
"Parganta",1
"Rotengasse",1
"Sömele",1
"Brückle",1
"Kreutzstrasse",1
"Mühlegarten",1
"Baumgasse",1
"Waldistrasse",1
"Galgenweg",1
"Im Reberle",1
"Anaresch",1
"Lavadinastrasse",1
"Falgedinweg",1
"Böler",1
"Dreiangel",1
"Brandiserweg",1
"Felbenweg",1
"Kirchgässle",1
"Schimmelgasse",1
"Am Schrägen Weg",1
"Winkelstrasse",1
"Noflerstrasse",1
"Sankt Josefsgasse",1
"Im Sütigerwis",1
"Marchamguadstrasse",1
"Weiherweg",1
"Messinastrasse",1
"Eichholz",2
"Mitteldorf",1
"Wegacker",1
"Winkel",1
"Wildumweg",1
"Runkels",1
"Rietleweg",1
"Rietle",2
"Dorfstrasse",3
"Erlenweg",1
"Franz-Sales-Weg",1
"Pralawisch",1
"Letziweg",1
"Gangbrunnen",1
"Am Exerzierplatz",1
"Im Malbun",1
"Föhrenweg",2
"Aspen",1
"Wieselegasse",1
"Sportplatzstrasse",1
"Poskahalda",1
"Hofistrasse",1
"Mangabündt",1
"Churerstrasse",1
"Argweg",1
"Schaaner Strasse",1
"Mäslner Dorf",1
"Bim Gamanderhus",1
"Oxnerweg",1
"Kapellaweg",1
"Sankt Markusgasse",1
"Im Kresta",1
"Fluxstrasse",1
"Sandhüslerweg",1
"Aeulestrasse",1
"In der Fina",1
"Guler",1
"Wingarten",1
"Sportfeldstrasse",1
"Rebenweg",1
"Staudenweg",1
"Im Riet",1
"Jägerweg",1
"Rheinau",2
"Wuhrstrasse",1
"Birkenweg",2
"Im Feld",1
"Elgagass",1
"An der Halde",1
"Kirchensträssle",1
"Eugen Schafhauser-Strasse",1
"Schlossstrasse",1
"Junkerriet",1
"Mühlegasse",1
"Keltenstrasse",1
"Sandgrube",1
"Gemeindegarten",1
"Duxweg",1
"Zur Schule",1
"Quaderstrasse",1
"Auring",1
"Engistrasse",1
"Züghüsle",1
"Frommenhausstrasse",1
"Kleinsteg",1
"Grosser Bongert",1
"Prär",1
"Eschestrasse",1
"Finanzerweg",1
"Unterdorfstrasse",1
"Brühlgasse",1
"Hellbock",1
"Wingertgass",1
"Fabrikweg",1
"Matschilsstrasse",1
"Auf der Kaserne",1
"Gapont",1
"Delehala",1
"Im Gamander",1
"Kohlbruck",1
"Rietlistrasse",1
"Iramali",1
"Am Nendler Weg",1
"Binnendamm",1
"Widum",1
"Limsenegg",1
"Rathausgasse",1
"Reschweg",1
"Kriesebrogg",1
"Neugrütweg",1
"Murasträssle",1
"Im Gapetsch",1
"Insili",1
"Fallsgass",1
"Meierhofstrasse",1
"Rheindamm",3
"Gross Bretscha-Weg",1
"Sütigerwisstrasse",1
"Burkatstrasse",1
"Eggasweg",1
"Fallagass",1
"Kartennaweg",1
"Lawenastrasse",1
"Steinegerta",1
"Im Rietle",1
"Im Bühl",1
"Spoerryweg",1
"Iradug",1
"Gruabastrasse",1
"Fallsbretscha",1
"Grasiger Weg",1
"Schwarze Strasse",1
"Prafatell",1
"Kreisel Rheindamm",1
"Ziegeleistrasse",1
"Weiherstrasse",1
"Gartnetschweg",1
"Under Rüttigass",1
"Platta",2
"Pflugstrasse",1
"Haldengasse",1
"Kohlplatz",1
"Mühlebachweg",1
"Oberstädtle",1
"Hovalweg",1
"Drescheweg",1
"Fuhraweg",1
"Am Bühel",1
"Doktor Grass-Strasse",1
"Krestisweg",1
"Herrenwingert",1
"Torkelgasse",1
"Immagass",1
"Franz-Josef-Oehri-Str.",1
"Müssnen",1
"Hala",1
"Salums",1
"Rüteltistrasse",1
"In der Ballota",1
"Hub",1
"Matschils",1
"Silligatter",1
"Badäl",1
"Beckaweg",1
"Im Meierhof",1
"Römerstrasse",2
"Gamslafina",1