"Lê Anh Xuân",1
"Nguyễn Bỉnh Khiêm",1
"ĐT.757",1
"Giải Phóng",1
"Nguyễn Huy Tự",1
"Nguyễn Đình Chính",1
"Nguyễn Thái Bình",1
"Trương Hoàng Thanh",1
"Quốc lộ 54",1
"Quách Thị Trang",1
"Nguyễn Ái Quốc",1
"DT887",4
"Lý Văn Phức",1
"Phan Liêm",1
"Trần Nhật Duật",1
"ĐT.270",1
"Huỳnh Mẫn Đạt",1
"Calmette",1
"Quốc lộ 14",1
"Nguyễn Phi Khanh",1
"Phan Đăng Lưu",1
"Cộng Hòa",1
"Nguyễn Khắc Nhua",1
"Sương Nguyệt Anh",1
"Mạc Thị Bưởi",1
"Quốc lộ 3B",2
"Lê Quý Đôn",1
"Nguyễn Văn Vĩnh",1
"DT662",1
"DT885",2
"Nguyễn Huệ",1
"Nguyễn Bặc",1
"Dương Vân Nga",1
"DT943",1
"Nam Kỳ Khởi Nghĩa",1
"Bà Lê Chân",1
"Lê Văn Sỹ",1
"Phan Văn Trị",1
"Sầm Sơn",1
"Tỉnh Lộ 765",1
"Hồ Huân Nghiệp",1
"Cử Trị",1
"Tôn Thất Thiệp",1
"Phan Ngữ",1
"Hậu Giang",1
"Hạ Long",1
"DT630",1
"Lê Văn Hưu",1
"DT954",1
"Điện Biên Phủ",2
"Lý Thường Kiệt",1
"Bùi Hửu Nghĩa",1
"Đường Hồ Chí Minh",1
"Đặng Văn Ngữ",1
"Phố Đàm Quang Trung",1
"Võ Văn Kiệt",1
"Nguyễn Tiểu La",1
"Nguyễn Thái Học",1
"Phan Thúc Duyện",1
"Trần Quốc Thảo",1
"Lê Công Kiều",1
"Phạm Ngọc Thạch",1
"Đồ Sơn",1
"Quốc Lộ 80",1
"Ngô Thời Nhiệm",1
"DT670",1
"Đường song hành TL719",1
"DT853",1
"Nguyễn Thiện Thuật",1
"An Dương Vương",1
"Trần Nhân Tôn",1
"Võ Thị Sáu",1
"Hoàng Việt",1
"Thông Nhất",1
"Trương Quốc Dụng",1
"Nguyễn Hữu Cầu",1
"Hồ Tùng Mậu",1
"Hồng Hà",1
"Rạch Bùng Binh",1
"Võ Văn Tần",1
"Nguyễn Văn Cừ",1
"Sư Vạn Hạnh",1
"Phan Văn Trường",1
"Thi Sách",1
"Tỉnh lộ 719",1
"Hoàng Hoa Thám",1
"Phố Hồng Việt",1
"Đường cao tốc Hà Nội - Bắc Giang",2
"Tôn Thất Đàm",1
"Hồ Bá Kiện",1
"Huyền Trân Công Chúa",1
"Nguyễn Hiền",1
"DT.183",2
"Nguyễn Thị Nghĩa",1
"Nguyễn Biểu",1
"Đống Đa",2
"Cao Thắng",1
"Lý Tự Trọng",1
"Hát Giang",1
"Cô Giang",1
"DT279",1
"Đào Duy Từ",1
"Trần Văn Đang",1
"Đường Cái Sao - Bờ Hồ",2
"Nguyễn Giản Thanh",1
"Trần Khắc Chân",1
"Ngô Quyền",1
"Nguyễn Phúc Nguyên",1
"Nguyễn Tri Phương",1
"Sư Thiện Chiếu",1
"Nguyễn Cảnh Chân",1
"Tôn Thất Tùng",1
"Trần Cao Vân",1
"Nguyễn Trung Ngạn",1
"Nguyễn Chí Thanh",3
"TL 178",2
"Bùi Thị Xuân",1
"Alexandre de Rhodes",1
"HL10",1
"Đặng Dung",1
"Tú Xương",1
"Đường Tỉnh 427",1
"Trần Huy Liệu",1
"Nguyễn Trãi",2
"Bùi Viện",1
"Hồ Biểu Chánh",1
"Ba Vì",1
"Châu Thới",1
"Trần Quý Khoách",1
"Lê Thánh Tôn",1
"Thăng Long",1
"Nguyễn Hội",1
"Trần Đình Xu",1
"Phan Tôn",1
"Đồng Nai",1
"Trần Hữu Trang",1
"Quốc lộ 13",1
"Nguyễn Gia Thiều",1
"Hải Triều",1
"Nguyễn Văn Nguyễn",1
"Đông Du",1
"Tam Đảo",1
"Nguyễn Trung Trực",1
"DT 265",1
"Trịnh Văn Cấn",1
"Hoàng Diệu",1
"Trần Thiện Chánh",1
"Hùng Vương",1
"TL 54",1
"QL 38",1
"DT217",1
"Nguyễn Thiếp",1
"Bàn Cờ",1
"Đinh Tiên Hoàng",1
"Thái Văn Lung",1
"Nguyễn Hữu Cảnh",1
"Hương Giang",1
"TL 181",1
"Phan Chu Trinh",1
"Tân Cảnh",1
"Ngô Đức Kế",1
"Nguyễn Cảnh Dị",1
"Quốc lộ 60 mới",1
"Ngô Gia Tự",1
"Cửu Long",1
"Lê Thị Bạch Cát",1
"Nguyễn Thượng Hiền",1
"Đặng Tất",1
"Đường Hùng Vương",1
"Tôn Đức Thắng",1
"ĐT.741",2
"Phùng Khắc Khoan",1
"Pasteur",1
"ĐT.254",2
"Yên Thế",1
"Trần Bình Trọng",1
"Cách Mạng Tháng Tám",1
"Phan Đình Giót",1
"Thanh Nhật",1
"DT673",1
"Thất Sơn",1
"Nguyễn Thị Diệu",1
"Hòa Hảo",1
"Trần Quốc Toản",1
"Tiền Giang",1
"Trần Quốc Hoàn",1
"Lê Thị Hồng Gấm",1
"3 Tháng 2",1
"Phan Đình Phùng",2
"Lê Hồng Phong",1
"Út Tịch",1
"Nguyễn Sơn Hà",1
"Duy Tân",1
"Huỳnh Tịnh Của",1
"Cô Bắc",1
"Huỳnh Thúc Kháng",1
"Phạm Viết Chánh",1
"Hai Bà Trưng",1
"Yết Kiêu",1
"Lê Đức Thọ",1
"Chơ Ông Địa",1
"TL 176",1
"Lý Thái Tổ",2
"Thành Thái",1
"Trần Khánh Dư",1
"Âu Cơ",1
"Thủ Khoa Huân",1
"QL.38",1
"Hoàng Văn Thụ",1
"Nguyễn Cư Trinh",1
"Lê Lai",1
"Lê Thị Riêng",1
"Lam Sơn",1
"Trà Khúc",1
"Lưu Văn Lang",1
"Trần Hưng Đạo",2
"Hồ Thị Kỷ",1
"Thoại Ngọc Hầu",1
"DT883",3
"DT882",1
"Phan Bội Châu",1
"Đường Sông Thương",1
"Hồ Hảo Hớn",1
"Quốc lộ 1",1
"DT25",1
"DT637",1
"Nguyễn Tất Thành",1
"Đồng Khởi",1
"Nguyễn Du",1
"QL 279",1
"DT669",1
"Hàn Thuyên",1
"Trương Định",1
"Nguyễn Thị Minh Khai",1
"Đường đi Hòa Bình",1
"Trần Tuấn Khải",1
"Kỳ Đồng",1
"Bạch Đằng",2
"Lê Lợi",2
"Nguyễn Thông",1
"Trần Quang Khải",1
"Hồng Lĩnh",1
"Trần Quang Diệu",1
"Tô Hiến Thành",1
"Phan Kế Bính",1
"Trương Hán Siêu",1
"Nguyễn Công Trứ",1
"Lê Đại Hành",1
"Đường Sông Đáy",1
"Quốc lộ 34",1
"Phạm Hồng Thái",1
"Đặng Thị Nhu",1
"Ký Con",1
"Công Trường Mê Linh",1
"Đặng Trần Côn",1
"DT974",1
"Chu Mạnh Trinh",1
"Phó Đức Chính",1
"Phạm Văn Hai",1
"Nguyễn Văn Giai",1
"Lạc Long Quân",1
"Bạch Mã",1
"Vĩnh Viễn",1
"Bửu Long",1
"DT258",1
"Yersin",1
"Cống Quỳnh",1
"Đề Thám",1
"Huỳnh Văn Bánh",1
"Huỳnh Khương Ninh",1
"Trương Quyền",1
"Phan Văn Ðạt",1
"Công xã Paris",1
"Phạm Ngũ Lão",1
"Lê Bình",1
"Nguyễn Đình Chiểu",1
"Hàm Nghi",1
"Huyền Quang",1
"Trần Phú",1
"Lê Duẩn",1
"Nguyễn An Ninh",1
"Hồ Xuân Hương",1
"Đinh Công Tráng",1
"Trường Sơn",1
"Quốc lộ Quản Lộ - Phụng Hiệp",1
"Vườn Chuối",1
"Nguyễn Văn Trỗi",1
"Mạc Đĩnh Chi",1