"Rarm Intra 14 Alley",15
"Rarm Intra 63/1 Alley",1
"Soi Charoen Krung 28",1
"Soi 18",1
"Samsen 20 Alley",1
"Ruam Chit 4 Alley",1
"Lan Luang 9 Alley",1
"Ratchawithi 42 Alley",1
"Rarm Intra 21 Alley Yaek 18",1
"Loet Ubon Soi 13",1
"Soi Bang Kradi 19",1
"Soi Phahon Yothin 65/1",1
"Samsen 1 Alley",1
"Samsen 22 Alley",1
"Bo Din Laksa 3 Soi 14",1
"Ratchadamnoen Klang Rd",1
"Soi Lat Plakhao 76",1
"Soi Chom Sombun",1
"Ruam Phatthana 33 Soi 1",1
"Soi Rarm Intra 19 Yaek 15",1
"Soi 25",1
"Samae Dam 9 Alley",1
"Mai Khwang Alley",1
"Sukhaphiban 5 Soi 5 Yaek 22-1",1
"Soi Rarm Intra 61 Yaek 16",1
"Phraeng Nara Rd",1
"Sukhaphiban 5 Soi 5 Yaek 2",1
"Ruam Phatthana 33 Soi 11",1
"Rarm Intra 35 Alley",1
"Wat Suan Phlu Alley",1
"Silom 17 Alley",1
"Phetchaburi 8 Alley",1
"Sawang 3",1
"Rarm Intra 41 Alley",1
"Rong Phapphayon Krung Siam Alley",1
"Sukhothai Rd",1
"Samae Dam 23 Alley",1
"Suwan Phasi 4 Alley",1
"Ruam Phatthana 33 Soi 15",1
"Phahon Yothin 69/2 Alley",2
"Ban Suknatee 10 Alley",1
"Thewet 3 Alley",1
"Charoen Yao Alley 43 Alley",1
"Muban Suk Samran Alley",1
"Phayathai Rd",2
"Charoen Krung 50 Alley",1
"Soi San Chao Pho Suea",1
"Soi Mu Ban Glory House",1
"Nakhom",1
"Charu Mueang Rd",1
"Bang Kradi 37 Alley",1
"Mahesak",1
"Chakphet Rd",1
"Bo Din Laksa 3 Soi 11",1
"Rhetchaburi Rd",1
"3/4 Alley",1
"Ram Intra Alley",1
"Silom 36",1
"Rarm Intra 43 Alley",1
"Phalang Samakkhi Soi 2/3",1
"5 Alley",1
"Nakhon Sawan 14 Alley",1
"Wat Lat Plakhao Alley",1
"Charoen Krung 47/1 Alley",1
"Muban Narisa Soi 13",1
"Soi Rarm Intra 57",1
"Ratchaprarop 12 Alley",1
"Ongkharak 15 Alley",1
"Atsadang",1
"Sukho Thai 9 Alley",1
"Phetchaburi 32 Alley",2
"Sukho Tai 8 Alley",1
"Ratchawithi 44 Alley",1
"Soi 1/6",1
"Thailand Route 35",1
"Bang Kradi 43 Alley",1
"Soi 15",1
"Ratchadamnoen Avenue",1
"Toem Sap Alley",1
"Suk Chai Soi 2",1
"Soi Khlong Lam Pak",1
"Soi Plueang Anuson",1
"Parichat Alley",1
"Sin Alley",1
"Samsen 21 Alley",1
"Soi Charoen Krung 39",1
"Soi Ruam Mit Phatthana Yaek 10",1
"Soi Si Ayutthaya 12",1
"Soi Rarm Intra 14 Alley",1
"Soi Silom 21",1
"Ratchawithi 30 Alley",1
"Rak Sa Din Daen Alley",1
"Soi Ruam Ruedi",1
"Lan Luang 7 Alley",1
"Phan Suek 5 Alley",1
"Suan Aoi Soi Klang",1
"Muban Narisa Soi 1",1
"Soi Sukhantharam 15",1
"Phraeng Sanphasat Rd",1
"Ratchawithi 19 Alley",1
"Rama VI Soi 3",1
"Soi Rarm Intra 39 yaek 28",1
"Muban Narisa Soi 7",1
"Soi Phanon Yothin 57",1
"Soi Rarm Intra 15",1
"Setta Samphan Alley",1
"Thanon Rajbopit",1
"Chan Chaem Sai Alley",1
"Soi Phetchaburi 5",1
"Bang Kradi 31 Alley",1
"Soi Rong Mueang 5",1
"Dusit Condo Alley",1
"Thanon Rama IV",1
"Soi Phanon Yothin 48 Yaek 19",1
"Soi Sukhantharam 9",1
"Sa Song Alley",1
"Amonphan 12 Soi 5",1
"Soi Vachara Pranee 2",1
"Lan Luang 14 Alley",1
"Soi Loet Punya",1
"Settha Sunthon Alley",1
"Pracha Uthit 94 Alley",1
"Bo Din Laksa 3 Soi 7",1
"Soi 12",1
"Samsen 2 Alley",1
"Suk Chai Soi 10",1
"Rong Kai Alley",1
"Rarm Intra 24 Alley",1
"Soi Charoen Krung 47",1
"Rarm Intra 21 Alley Yaek 16",1
"Mae Chon Alley",1
"Soi Mit Anan",1
"Soi Rarm Intra 28",1
"Motorway 9",2
"Sanam Chai Rd",1
"Neti Suksa Alley",1
"Muban Wararom Soi 10/1",1
"Thong Urai Alley",1
"Pracha Uthit 125 Alley",1
"Soi Rarm Intra 57 Yaek 10",1
"Soi Mu Ban Phon",1
"Ratchaprarop 1 Alley",1
"Muban Narisa Soi 8",1
"Sut Sa-nguan Alley",1
"Soi Ratchaprarop 10",1
"Soi Ruam Rudi 3",1
"Soi Phanu Rangsi",1
"Saoi Samae Dam",1
"Muban Wararom Soi 5",1
"Ratchaprarop 18 Alley",1
"Rarm Intra 14 Yaek 4",1
"Sanam Khli Alley",1
"Silom 22 Alley",1
"Ruam Phatthana 33 Soi 24",1
"Loet Ubon Soi 9",1
"Phetchaburi 12/1",1
"Soi Siriphat",1
"Sukhaphiban 5 Soi 5 Yaek 6",1
"Si Ayutthaya 16",1
"Rama II Soi 83",1
"Phetchaburi 1 Alley",1
"Trok Ban Lo",1
"Soi Sukha",1
"Loet Ubon Soi 20",1
"Soi Mu Ban Manthana 3",1
"Ban Suknatee 7 Alley",1
"Soi Vachara Pranee 1",1
"Sasi Prapha Alley",1
"Wat Tri Thotsa Thep Alley",1
"Muban Wararom Soi 25",1
"Ratchawithi Frontage Rd",1
"Mu Ban Thian Suan Soi 3",1
"Soi 3/5",1
"Chao Fa Rd",1
"Bang Kradi 26 Alley",1
"Chom Uthit Alley",1
"Pracha Uthit 84/2",1
"Soi Mu Ban Phon 21",1
"Mu Ban Thian Suan Soi 2",1
"Suan oi 1 Alley",1
"Muban Narisa Soi 15",1
"Rarm Intra 5 Yaek 18 Soi 1",1
"Phanon Yothin 46/1 Alley",1
"Pracha Uthit 84/1 Alley",1
"Phra Chan Klang",1
"Luk Luang 9 Alley",1
"Phetchaburi 36 Alley",1
"Lat Plakhao 71 Alley",1
"Lat Plakhao 85 Alley",1
"Thanon Tani",1
"Soi Prasan",1
"Pracha Uthit 103 Alley",1
"Muban Narisa Soi 12",1
"Soi Puttha Osot",1
"Soi Mu Ban Chuan Chuen Pracha Uthit-suk Sawat",1
"Soi Rarm Intra 21",1
"Lat Plakhao 72 Alley",5
"Pracha Uthit 105 Alley",1
"Rarm Intra 5 Yaek 3",1
"KM. 11 Alley",1
"Soi Ram Intra 8 Alley",1
"Soi 14",1
"Muban Narisa Soi 6",1
"Rang Nam Alley",1
"Khu Bon 27 Yaek 19",1
"Loet Ubon Soi 18",1
"Parinayok Soi 5",1
"Sukho Tai 12 Alley",1
"Soi Lat Plakhao 80",1
"Sathon Nuea Rd",1
"Mu Ban Anan Suksan Soi 3",1
"Samsen 14 Alley",1
"Soi Khu Bon 27 Yaek 10",1
"Samsen Rd",2
"Sukhaphiban 5 Soi 5 Yaek 9",1
"Bo Din Laksa 3 Soi 15",1
"Soi 21",1
"Soi Nawa",1
"Rama VI Soi 29",1
"Soi Samsen 1",1
"Suphapkul Alley",1
"Sukhaphiban 5 Soi 5 Yaek 3",1
"Ammarin Soi 6",1
"Kannika Alley",1
"Wat Trai Rattanaram Alley",1
"Pluk Chit 1 Alley",1
"Suk Chai Soi 8",1
"Soi Thian Thale 25",1
"Soi Luk Luang 8",1
"Lat Plakhao 66/1 Alley",1
"Soi Wat Kaeo Fa",1
"Sukhaphiban 5 Soi 5 Yaek 10",1
"Mahesak 3 Alley",1
"Wat Aumphawan Alley",1
"Rim Bueng Soi 2",1
"Phut Son Soi 5",1
"Sukhantharam Rd",1
"Soi Khu Bon 27 Yaek 10-1",1
"Kai Chae Alley",1
"Phromsuk Soi 2",1
"Rama VI Soi 7",1
"Samae Dam 16 Alley",1
"Muban Wararom Soi 1",1
"Thewet 2 Alley",1
"Ruam Phatthana Alley",1
"Pracha Uthit 101 Alley",1
"Soi Lat Plakhao 70",1
"Wireless Rd",1
"Phitsanulok 1 Alley",1
"Soi Rajadamri 2",1
"Ruam Phatthana 33 Soi 9",1
"Sukhaphiban 5 Soi 1",1
"Ruam Phatthana 33 Soi 19",1
"Bang Kradi 3",1
"Soi Lat Plakhao 72 Yaek 2",1
"Amonphan 12 Soi 6",1
"Soi Na Wang",1
"Soi Mu Ban Manthana 5",1
"Sutcharit Nuea Alley",1
"Bo Din Laksa 3 Soi 5",1
"Rarm Intra 5 Alley",92
"Lat Plakhao 75 Alley",1
"Hok Phi Nong Alley",1
"Charoen Krung 45/1 Alley",1
"Rarm Intra 21/26 Alley",1
"Lang Mu Ban Bua Luang",1
"Charun Wiang Rd",1
"Chaturathit Rd",1
"1/3 Alley",1
"Khu Bon 27 Yaek 11",1
"Phahon Yothin 50 Alley",1
"Soi Rarm Intra 13",1
"Ruam Phatthana 33 Soi 7",1
"Soi Wat Borom Niwat",1
"Saranrom Alley",1
"Soi Mu Ban Metha 2 Siam Thorani Soi 8",1
"Dao Khu Alley",1
"Witthayu 1 Alley",1
"Ruam Rudi 5 Alley",1
"Suk Sanguan Alley",1
"Plai Na Soi 7",1
"Si Surut Alley",1
"Phetchaburi 6 Alley",1
"Charoen Suk Alley",1
"Sena Villa 1-2 Soi 7",1
"Chaloem Suk Niwet 9 Soi 1",1
"Rarm Intra 51 Alley",1
"Decho Rd",1
"Sukhaphiban 5 Soi 5 Yaek 4",1
"Bunsiri Rd",1
"Talat Si Sao Thewet",1
"Samae Dam 12 Alley",1
"Sukhaphiban 5 Soi 5 Yaek 16",1
"Asok-Din Daeng Rd",1
"Soi Santiphap 1",1
"Thanon Thahan",1
"Samsen 23 Alley",1
"Anuman Rajdhon Alley",1
"Rung Sawang Village Soi 6",1
"Ranong 2 Rd",1
"Rarm Intra 9 Alley",1
"Mahatlek Luang 3 Alley",1
"Si Ayutthaya 6 Alley",1
"Soi Ram Intra 65",1
"Rung Sawang Village Soi 4",1
"Set Siri 1 Alley",1
"Ban Suknatee 2 Alley",1
"Soi Mu Ban Phruek Phirom",1
"Soi Wisut",1
"Phawana Alley",1
"Leabwongwaen Karnjanaphisek Rd",1
"Khu Bon 27 Yaek 48",1
"Rung Sawang Village Soi 5",1
"Muban Somchit Alley",1
"Ongkharak 12 Alley",1
"Muban Wararom Soi 16",1
"Bowon Niwet Rd",1
"Soi Rarm Intra 5 Yaek 5",1
"Sukhaphiban 5 Soi 5",1
"Saiyut 3 Soi 3/3",1
"Phahonyothin Rd",1
"Samae Dam 21 Alley",1
"Ratchawithi 26 Alley",1
"Rarm Intra 23 Alley",14
"Soi Khu Bon 27 Alley",1
"Phalang Samakkhi Soi 2/2",1
"Saen Suk Alley",1
"Rarm Intra 27 Alley",8
"Pramot Alley",1
"Rarm iNtra Yaek 19/1",1
"Lat Plakhao 58 Alley",1
"Sukhaphiban 5 Soi 14",1
"Samae Dam 5 Alley",1
"Suwan Phasi 3 Alley",1
"Phut Son Soi 4",1
"Thanon Nakhon Chaisi Rd",1
"Silom 6",1
"Loet Ubon Soi 15",1
"Rarm Intra 26 Alley",1
"Suksamran Road",1
"Phatthana Alley",1
"Rama VI Soi 31",1
"Phloen Chit Rd",1
"Wat Noi Noppakhun Alley",1
"Parinya Alley",1
"Muban Narisa Soi 14",1
"Prachum Alley",1
"Rarm Intra 47 Alley",1
"Lep Nak Alley",1
"Phetchaburi 37 Alley",1
"Loet Ubon Soi 22",1
"Phra Sumen Rd",1
"Ratchasak Alley",1
"Charoen Krung 1 Alley",1
"Ramma VI Rd",1
"Siri Sopha Alley",1
"Rong Muang 5 Alley",1
"Soi Sukhothai 1",1
"Ruam Phatthana 33 Soi 13",1
"Thammasarot Alley",1
"Lang Sonor. Samsen Alley",1
"Ruam Phatthana 33 Soi 10",1
"Chim Im Alley",1
"Pracha Unit 127 Alley",1
"Silom 14",1
"Soi 5",2
"Sala Daeng 2 Alley",1
"Rarm Intra 19 Alley Yaek 6 Alley",1
"Phetchaburi 27 Alley",1
"Muban Wararom Soi 15",1
"Loet Ubon Soi 8",1
"Amon Rattana Dilok Alley",1
"Rong Rian Charuni Wit Alley",1
"Soi Lamphu",1
"Phetchaburi 31 Alley",1
"Sutcharit 2 Alley",1
"Soi 4",2
"Soi Neti Suksa",1
"Phahon Yothin 65 Yaek 2",1
"Alley Soi Ranong 1",1
"Chaloem Suk Niwet 9 Soi 5",1
"Phetchaburi 15 Alley",1
"Rambuttri Alley",1
"Si Ayutthaya 4 Alley",1
"Soi Thian Thale 26",1
"Ongkharak 3",1
"Bang Kradi 23 Alley",1
"Phahon Yothin 59 Alley",2
"Ruam Phatthana 33 Soi 27",1
"Soi Phetchaburi 11 Yeak 4",1
"Rarm Intra 33 Alley",1
"Thanon Si Ayutthaya",2
"Ram Intra - At Narong Expy",1
"Ammarin Soi 5",1
"Surasak Rd",1
"Soi Sunthon Phimon",1
"Nom Chit Alley",1
"Nakhon Sawan 16 Alley",1
"Trok Chalong Krung",1
"Ruam Phatthana 33 Soi 20",1
"Na Hap Phoei Rd",1
"Charoen Krung 42 Alley",1
"Samae Dam 4 Alley",1
"Ruam Phatthana 33 Soi 5",1
"Soi Phaya Nak",1
"Sukhaphiban 5 Soi 9",1
"Lat Plakhao 93 Alley",1
"Phitsanulok 4 Alley",1
"Bamrung Sin Alley",1
"Ruam Chit 2 Alley",1
"Muban Wararom Soi 12",1
"Pracha Uthit 82 Alley",1
"Rarm Intra 31",1
"Soi Phiphat",1
"Loet Ubon Soi 3",1
"Phahurat Rd",1
"Thanon Surawong",1
"Soi Samae Dam 5",1
"Soi Thian Thale 26 Yaek 5-1",1
"Soi Rong Rian King Phet",1
"Ruam Pradit Alley",1
"Phanon Yothin 51 Alley",1
"Soi Lat Plakaho 66",1
"Soi 3/6",1
"Ratchawithi 22 Alley",1
"Si Ayutthaya 7 Alley",1
"Rarm Intra 4/2 Alley",1
"Loet Ubon Soi 24",1
"Ruam Phatthana 33 Soi 8",1
"Pracha Uthit 117 Alley",1
"Soi Ying Siri",1
"Soi Mu Ban Suth Wan",1
"Ram Intra",1
"Phra Pokklao Rd",1
"Phahon Yothin 48 Yaek 49",1
"Soi Samsen 6",1
"Phahon Yothin 61 Alley",1
"Luang Rd",2
"Muban Narisa Soi 19",1
"Soi Mu Ban Phon 10",1
"Soi Ongkharak 4",1
"Plai Na Soi 2",1
"Samsen 25 Alley",1
"Muban Wararom Soi 19",1
"Soi Sukhumvit 3",1
"Sathon 14 Alley",1
"Charu Rat Alley",1
"Sathon 16 Alley",1
"Pracha Uthit 123 Alley",1
"Soi Wong Phakdi",1
"Sueka Ek 1 Alley",1
"Phanon Yothin Frontage Rd",1
"Soi Thian Thale 23",1
"Bang Kradi 5 Alley",1
"Muban Wisetsuk Nakhon Khrongkan 15 Alley",1
"Soi Khian Niwat",1
"Sukhaphiban 5 Soi 13",1
"Ratchawithi 34 Alley",1
"Bang Kradi 4 Alley",1
"Ruam Mit Phatthana 6 Alley",9
"Soi Rarm Intra 8",1
"Techa Wanit Rd",1
"Soi Sukhothai 13",1
"Rarm Intra 37 Alley",1
"Phatchaburi 9 Alley",1
"Pracha Uthit 76 Alley",1
"Soi Samae Yaem",1
"Muban Wisetsuk Nakhon Soi 7",1
"La-O Alley",1
"Soi Mu Ban Manthana 2",1
"Mu Ban Phruek Phirom Alley",1
"Pratu Nokyung Alley",1
"Muban Wararom Soi 6",1
"Ruam Phatthana 33 Soi 18",1
"Rama IV Rd",2
"Rung Sawang Village Soi 1",1
"Santhat Alley",1
"Phanon Yothin 53 Alley",19
"Talat Saphan Khao Alley",1
"Soi Mu Ban Latdarom Watcharaphon",1
"Soi Satharanasuk",1
"Soi Luk Luang 12",1
"Nawa 2 Alley",1
"Soi Bang Kradi 34 Yeak 2",1
"Phadiphat Rd",1
"Phalasin Rd",1
"Polalit Alley",1
"Thanon Samsen",1
"Polo 3 Alley",1
"Samsen 17 Alley",1
"Sukhaphiban 5 Soi 5 Yaek 11",1
"Soi Rarm Intra 13 Yaek 6",1
"Khang Rong Si So. Sanga Alley",1
"Phan Suek 1 Alley",1
"Lat Plakhao 64 Alley",1
"Thong Kham Alley",1
"Sukhaphiban 5 Soi 5 Yaek 1",1
"Soi Lap Plakhao 72 Yaek 8",1
"Sukhaphiban 5 Soi 11",1
"Phahon Yothin 69 Alley",1
"Mu Ban Praisani Niwet Soi 3",1
"Bang Kradi 33 Alley",1
"Sirat Expy",3
"Rarm intra 28 Alley",1
"Bang Kradi 16 Alley",1
"Thai Rom Yen 3 Alley",1
"Mahathat",1
"Pluk Chit 2 Alley",1
"Trok Sake",1
"Pracha Uthit 131 Alley",1
"Loet Ubon Soi 25",1
"New Rama VI Soi 4",1
"Sukhaphiban 5 Soi 15",1
"Soi Mu Ban Manthana 6",1
"Pitchanulok Rd",1
"Soi Rarm Intra 8 Yaek 1",1
"Soi Langsuan",1
"Rarm Intra 5 Yaek 18 Soi 1/2",1
"Rajprasong Rd",1
"Soi Mu Ban K.c. Cluster Rarm Intra",1
"Ti Thong",1
"Soi Mu Ban Ek Nakhon 17",1
"Rarm Intra 34 Yaek 7",1
"Soi Charoen Krung 46",1
"Asok-Din Daeng",1
"Samsen 24 Alley",1
"Chumchon Kan Khete Alley",1
"Ruam Chit Rd",1
"Kaeo Fa Alley",1
"Thanon Din Daeng",1
"Ban Suknatee 8 Alley",1
"Akkharanithi Alley",1
"Trok Si Nai Alley",1
"Sukhaphiban 3 Alley",1
"Soi Pracha Uthit 76 Yaek 4/1",1
"Ruam Phatthana 33 Soi 36",1
"Loet Ubon Soi 10",1
"Na Phra Lan Rd",1
"Chaturathit Frontage Rd",1
"Soi Rarm Intra 5 Yaek 4",1
"Rong Rian Noi Roi Cho Po Ro",1
"Phromsuk Soi 1",1
"Soi Anuman 1/1",1
"Pracha Uthit 115 Alley",1
"Pracha Uthit 107 Alley",1
"Ruam Phatthana 33 Soi 25",1
"Phitsanulok 8",1
"Ongkharak 14 Alley",1
"Muban Wararom Soi 11/3",1
"Soi Mu Ban Manthana 1",1
"Soi Sukha 2",1
"Ratchawithi 36 Alley",1
"Fuang Nakhon Rd",1
"Rong Muang",1
"Ruam Mit Phatthana Yaek 6",1
"Lat Plakhao 66 Alley",2
"Phraya Singhaseni Alley",1
"Samae Dam 20 Alley",1
"Soi Phanon Yothin 55",3
"Soi Ban Uea Athon Bang Khun Thian Project 3",1
"Ruam Phatthana 33 Soi 2",1
"San Chao Maepla Taphian Alley",1
"Thanon Petchaburi Soi 4",1
"Soi Suan Oi 3",1
"Rarm Intra 7 Alley",1
"Soi 23",1
"Waiti",1
"Rama VI Soi 8",1
"Rama VI 2 Alley",1
"Soi Sathon 12",1
"Pracha Uthit 119 Alley",1
"Tha Ruea Daeng Alley",1
"Sawang 7 Alley",1
"Muban Wisetsuk Nakhon Soi 2",1
"Muban Thatsani Niwet 3 Alley",1
"Lat Plakhao 91 Alley",1
"Trok Mo Sun Alley",1
"Charoen Krung 43 Alley",1
"Soi Samae Dam 25",1
"Soi Luk Luang 9",1
"Soi Tha Wang",1
"Ruam Chit 3 Alley",1
"Yu Ruai 1 Alley",3
"Soi Mu Ban Noble Geo Watcharaphon",1
"Soi 20",1
"Soi Bang Kradi 34 Yeak 11",1
"3/3 Alley",1
"Phetchaburi 3 Alley",1
"Soi Kraisi",1
"Soi Rarm Intra 5 Yaek 7",1
"Bang Kradi 8 Alley",1
"Soi Khong Suk",1
"Luk Luang 7 Alley",1
"Saphan Phut Rd",1
"Muban Wararom Soi 11/1",1
"Sukhaphiban 5 Soi 2",1
"Muban Narisa Soi 16",1
"Rim Bueng Soi 3",1
"16th August Alley",1
"Soi Ram Intra 65 Yaek 2",1
"Sukhaphiban 5 Soi 5 Yaek 19",1
"Suan oi 2 Alley",1
"Pramot 3 Alley",1
"Bang Kradi 14 Alley",1
"Siri Ammat Alley",1
"Soi Mu Ban Charoen Suk",1
"Sukhaphiban 5 Soi 5 Yaek 8",1
"Soi Rarm Intra 14 Yaek 8",1
"Plai Na Soi 6",1
"Chumchon Awut Alley",1
"Dinso Rd",1
"Rarm Intra 31 Alley",1
"Phetchaburi 12 Alley",1
"Samsen 8/1",1
"Sukho Thai 7 Alley",1
"Silom 23 Alley",1
"Soi Sai Yut",1
"1/2 Alley",1
"6/2 Alley",1
"Muban Wararom Soi 10",1
"Saiyut Uthit 1 Alley",1
"Ruam Phatthana 33 Soi 12",1
"Muban Wararom Soi 9",1
"Wat Phraya Yang Alley",1
"Soi 9",2
"Ammarin Soi 4",1
"Sam Phraya Alley",1
"Muban Wararom Soi 14",1
"Soi 3",2
"Som Khit Alley",1
"Si Ayutthaya 21 Alley",1
"Ammarin Soi 7",1
"Uruphong 3 Alley",1
"Soi Saeng Phet Phatthana",1
"Ammarin Soi 3/1",1
"N P Alley",1
"Rama VI Soi 27",1
"Phetchaburi 39 Alley",1
"Bun Prarop Alley",1
"Soi Phanon Yothin 48 Yaek 3/4",1
"Rarm Intra 32 Alley",5
"Soi Polo",1
"Tha Kham Alley",1
"Ammarin Soi 1",1
"Sena Villa 1-2 Soi 5",1
"Samae Dam 1 Alley",1
"Ruam Phatthana 33 Soi 28",1
"Ruam Phatthana 33 /34 Alley",1
"Si Phraya",1
"Soi Silom 20",1
"Muban Wararom Soi 10/2",1
"Phichai Rd",1
"Soi Bang Kradi 36",1
"Muban Wararom Soi 17",1
"Si Yan 1 Alley",1
"Mu Ban Praisani Niwet Soi 1",1
"Phiraphong Alley",1
"Phra Phiphit Rd",1
"Phromsuk Soi 3",1
"Rama II Frontage Rd",1
"Phetchaburi 15 Yeak 1 Alley",1
"Pracha Uthit 98 Alley",1
"Soi Damnoen Klang Tai",1
"Soi Santi Suk",1
"Lat Plakhao 73 Alley",1
"Atsadang Rd",1
"Soi 10",2
"Soi Ratchaprarop 8",1
"Sukhaphiban 5 Alley",1
"Muban Narisa Soi 10",1
"Rarm Intra 34",1
"Chaopraya Si Phiphat Alley",1
"Muban Wararom Soi 11",1
"Ratchawithi 4 Alley",1
"Soi Ratchaprarop 4",1
"Si Ayutthaya 14",1
"Soi 17",1
"Soi Phanon Yothin 52",1
"Rarm Intra 31/1 Alley",1
"Uruphong 1 Alley",1
"Thanon Kamphaeng Phet 5",2
"Rarm Intra 22 Alley",1
"Plai Na Soi 4",1
"Soi Sena Ruk",1
"Soi Nom Chit",1
"Ratchawithi 6 Alley",1
"Soi Ban Lang Suan",1
"Moo Ban Rajatrinnamai Alley",1
"Chaiyan Alley",1
"Loet Ubon Soi 1",1
"Rarm Intra 57 Alley",4
"Khu Bon 27 Yaek 20",1
"Rarm Intra 17 Alley",1
"Soi Pluk Chit",1
"Soi Rarm Intra 39 Yaek 3",1
"Soi Rarm Intra 39/1",1
"Thatsani Niwet 2 Alley",1
"Polo 5 Alley",1
"Phitsanulok 9 Alley",1
"Ruam Phatthana 33 Soi 16",1
"Tan Nguan Suai Alley",1
"Ruam Phatthana 33 Soi 22",1
"Wat Khae Tai Alley",1
"Lat Plakhao 83 Alley",1
"Soi Phanon Yothin 52 Yaek 48",1
"Silom 8 Alley",1
"Loet Ubon Soi 21",1
"Soi Rarm Intra 59",1
"Soi Bang Kradi 34",1
"Soi Mu Ban Manthana 5/1",1
"Bang Kradi 9 Alley",1
"Chom Uthit 1 Alley",1
"Chaiyan Bun 2 Alley",1
"Chumchon Kao Hong Alley",1
"Soi Ram Butri",1
"Mahannop 1 Alley",1
"Yu Yen Alley",1
"Prichai 4 Alley",1
"Rama II Rd",1
"Muban Narisa Soi 4",1
"Rama VI Soi 19",1
"Soi Plakhao 66",1
"Sukhaphiban 5 Soi 5 Yaek 7",1
"1/1 Alley",1
"Muban Wararom Soi 8/3",1
"Phanon Yothin 57 Alley",4
"Bun Mi Alley",1
"Si Ayutthaya 9",1
"Samsen 10",1
"Soi 34",1
"Pan Rd",1
"Khu Bon 27 Yaek 56",1
"Silom 15 Alley",1
"Muban Wisetsuk Nakhon Soi 1",1
"Soi Mu Ban Ban Suan Phueng",1
"Convent Road",1
"Charoen Krung 67 Alley",1
"Khu Bon 27 Yaek 58",1
"2/2 Alley",1
"Soi Sunset",1
"Samsen 3 Alley",1
"Kolit Alley",1
"Soi Rarm Intra 31 Yaek 6",1
"Ban Suknatee 12 Alley",1
"Trok Sathien",1
"Siam Thorani",1
"Soi 40",1
"Pracha Uthit 109 Alley",1
"Soi Phiphat 3",1
"Phiphit Phokhai Alley",1
"Maha Makhon Rd",1
"Muban Wisetsuk Nakhon Soi 6",1
"Soi Phanhn Yothin 59",1
"Soi Sam Yot",1
"Phetchaburi 29 Alley",1
"Chalerm Maha Nakhon Expy",1
"Ruam Phatthana 33 Soi 32",1
"Soi Sukhaphiban 5 Soi 5 Yaek 10",1
"Pracha Uthit 88",1
"Khu Bom 27 Yaek 12",1
"Muban Wararom Alley",1
"Rama VI Soi 15",1
"Rarm Intra 65",1
"Ongkharak 7 Alley",1
"Silom 28 Alley",1
"Bo Din Laksa 3 Soi 4",1
"Thian Thale Alley",1
"Samae Dam 15 Alley",1
"Rama VI Soi 13",1
"Soi Thian Thale",1
"Sarasin Alley",1
"Sa-nguan Suk Alley",1
"Bo Din Laksa 3 Soi 10",1
"Trok Mu Alley",1
"Mahaphruttharam",1
"Bang Kradi 22 Alley",1
"Soi Mu Ban Phon 8",1
"Phetchaburi 43/1 Alley",1
"Sukho Thai 15 Alley",1
"Soi Mu Ban Metha 2 Siam Thorani Soi 6",1
"Somdet Phra Pin Klao Rd",1
"Rarm Intra 10 Alley",1
"Soi Mu Ban Ek Nakhon",1
"Sena Watthana Alley",1
"Sukhaphiban 5 Soi 24",1
"Ammarin Soi 3/5",1
"Sukhaphiban 5 Soi 27",1
"Phetchaburi 22 Alley",1
"Soi Naradhiwas Rajanagarindra 3",1
"Loet Ubon Soi 16",1
"Soi Ratchata Phan",1
"Phetchaburi 13 Yeak 2 Alley",1
"Samsen 26 Alley",1
"Thian Thale 24 Alley",1
"Soi 7",2
"Thip Wari Alley",1
"Soi Sathon 2",1
"Soi Mu Ban Phon 14",1
"Muban Narisa Soi 3",1
"Bang Kradi 17 Alley",1
"Ratchaprarop Rd",1
"Soi Sukhantharam 29",1
"Man Sin 3 Alley",1
"Charoen Krung 36 Alley",1
"Ban Mo",1
"Wat Duang Khae Alley",1
"Na Phra That Alley",1
"Sirichai 1 Alley",1
"Soi Sukhaphiban 5 Soi 19",1
"Soi Sukhantharam 25",1
"Phra Suli Alley",1
"Khu Bon 27 Yaek 44",1
"Setthakan Alley",1
"Long Tha Rd",1
"Soi Silom 5",1
"Pracha Uthit",1
"Rarm Intra 14 yaek 3",1
"Khao Rd",1
"Soi 26",1
"Thanon Mahaphuruttharam",1
"Muban Wararom Soi 27",1
"Chan Rattana Alley",1
"Bang Kradi 11 Alley",1
"Polo 1 Alley",1
"Kanchanaphisek Rd",1
"20/1 Alley",1
"Phalang Samakkhi Soi 2/1",1
"Soi Mu Ban Siriya Home Land",1
"Chinda Thawin Alley",1
"Muban Wararom Soi 2",1
"Suk Chai Soi 5",1
"Rarm Intra 34 Yaek 15",1
"Muban Narisa Soi 11",1
"Phahon Yothin 49/2",1
"Trok Fraser & Neave Alley",1
"Ban Suknatte 9 Alley",1
"Charoen Krung 6 Alley",1
"Ruam Phatthana 33 Soi 4",1
"Bang Kradi 35/1 Alley",1
"Sukhaphiban 2 Alley",1
"Soi Mu Ban Phatthra",1
"Rarm Intra 49 Alley",1
"Soi6",1
"Soi Rarm Intra 19 Yaek 16",1
"Phahon Yothin 65 Alley",2
"Khu Bon 27 Yaek 21",1
"Rarm Intra 45 Alley",1
"Siam Ban Alley",1
"Soi Mahatlek Luang 2",1
"Sukhaphiban 5 Soi 5 Yaek 22",1
"Soi Rarm Intra 61",1
"Thanon Rama VI",1
"Siam Sqwuare Soi 8",1
"Soi Phetchaburi 17",1
"Chawakun Alley",1
"Soi Rong Mueang 2",1
"Samae Dam 19 Alley",1
"Soi Phetchaburi 21",1
"Silom 18",1
"Muban Wararom Soi 29",1
"Bang Kradi 2 Alley",1
"Soi Ram Intra 8 Yaek 2",1
"Naradhiwas Rajanagarindra 2 Alley",1
"Soi Thian Thale 21",1
"Rarm Intra 39",1
"Soi Ratchawithi 16",1
"Soi Thian Thale 26 Yaek 2",1
"Ton Son Alley",1
"Duan Tula Alley",1
"Rarm Intra 32 Allet",1
"Prong Arom Alley",1
"Yaek Soi Watthana Wong",1
"Soi Rarm Intra 14 Yaek 17",1
"Bo Din Laksa 3 Soi 13",1
"Sawang 8 Alley",1
"Charoen Krung 40 Alley",1
"Samae Dam Alley",1
"Sukhaphiban 5 Road",1
"Soi Khu Bon 27 Yaek 18",1
"Ruam Phatthana 33 Soi 21",1
"Leader Alley",1
"Pracha Uthit Rd",1
"Thian Thale",1
"Rarm Intra 28 Alley",5
"Trok Ban Chang Lo",1
"Chulalongkorn 62 Alley",1
"Amonphan 12 Alley",1
"Wisut Kasat",1
"Soi Than Tawan",1
"Pracha Uthit 121 Alley",1
"Thian Suan 3 Alley",1
"Soi Ruam Mit Phatthana Yaek 4",1
"Khrut Alley",1
"Siri Phong Rd",1
"Samae Dam 14 Alley",1
"Promjak Alley",1
"Silom 19 Alley",1
"Si Wiang",1
"Muban Wararom Soi 8/1",1
"Muban Wararom Soi 11/2",1
"Bang Kradi 41 Alley",1
"Maha Chai Rd",1
"Muban Narisa Soi 9",1
"Rarm Intra 5 Yaek 27 Alley",1
"Tri Phet Rd",1
"Soi Rarm Intra 19",1
"Silom 4 Alley",1
"Soi Samsen 28",1
"Dao Khang Alley",1
"Wat Maha Phruttharam Alley",1
"Ban Lang Suan Alley",1
"Sala Daeng 1 Alley",1
"Soi Silom 3",1
"Phra Chen 2 Alley",1
"Soi Ram Intra 5 Yaek 61",1
"Soi Thanom Mit",1
"Soi Sawang 5",1
"Rattanakosin Somphot Alley",1
"Phut Son Soi 2",1
"Soi O-lai",1
"Suk Chai Soi 3",1
"Ammarin 3 Alley",1
"Soi Ratchawithi 3",1
"Phlathikan Tamruat Alley",1
"Soi Sriyan 3",1
"Ongkharak 13 Alley",1
"Bang Kradi 27 Alley",1
"Khu Bon 27 Alley",15
"Soi 13",1
"Rama I Rd",1
"Luk Luang 14",1
"Khang Honda Alley",1
"Sap Sin Alley",1
"Soi Siam Thoranee 7",1
"Bang Kradi 20 Alley",1
"Soi 2",2
"Phalang Samakkhi Soi 2",1
"Soi Sam Sen 28",1
"Satharanasuk Suk Pan Chan Sawang Alley",1
"Soi Mu Ban Metha 2 Siam Thorani Soi 7",1
"Soi Phetchaburi 13",1
"Pracha Uthit 129 Alley",1
"Soi Mu Ban Thara Thewa",1
"Soi Sukhantharam 21",1
"Mu Ban Bo Din Laksa 2 Soi 4",1
"Soi Mu Ban Villa Rarm Intra",1
"Ruam Mit Phatthana Alley",7
"Soi Pradit",1
"Soi Khu Bon 27 Yaek 16",1
"Khun Pho Lop Nak Urai Alley",1
"Salak Hin Alley",1
"Soi Bang Kradi 5",1
"Thoet Damri Rd",1
"Vacharaphol Rd",1
"Phetchaburi 20 Alley",1
"Lang Wat Hua Lumphong Alley",1
"Muban Narisa Soi 18",1
"Mu Ban Ladawan Alley",1
"Bo Din Laksa 3 Soi 6",1
"Soi Phetchaburi 19",1
"Thep Prathap Alley",1
"Yu Yen Rd",1
"Sukhaphiban 5 Soi 3",1
"Rang Sak Alley",1
"Soi Sukhantharam 23",1
"Soi Sawang 6",1
"Pracha Uthit 90",1
"Soi Rarm Intra 5 Yaek 8",1
"Rarm Intra 34 Yaek 22",1
"Phahon Yothin 48 Alley",7
"Soi Pracha Uthit 119/1",1
"Phahon Yothin 63/1 Alley",1
"Bang Kradi 15 Alley",1
"Soi 19",1
"Banthat Thong Rd",2
"Samae Dam 18 Alley",1
"Soi Ongkharak 6",1
"Rarm Intra 6/1 Alley",1
"Rarm Intra 3 Alley",1
"Soi Rongphayaban Central",1
"Ratchakit Alley",1
"Plai Na Soi 3",1
"Kasap Rd",1
"Suphan Alley",1
"Thanon Patpong 1",1
"Rarm Intra 19 Alley",17
"Parinayok Soi 8",1
"Ratchawithi 17 Alley",1
"Phetchaburi 7 Alley",1
"Trok Phaya Phet",1
"Bang Kradi 18 Alley",1
"Thian Thale 20 Alley",1
"Soi Rarm Intra 8 Yaek 24",1
"Mahannop 3 Alley",1
"Soi Ratchawithi 24",1
"Sukha 1 Alley",1
"Soi Santisuk",1
"Soi 24",1
"Samsen 16 Alley",1
"Muban Narisa Soi 2",1
"Soi Rarm iNtra 27 Yaek 5",1
"Soi Lang Bot Phram",1
"Phet Phloi Alley",1
"Rarm Intra 20 Alley",1
"Watsana Alley",1
"Soi Supsa Kun",1
"Phitsanulok Rd",1
"Soi Mu Ban Phuek Lada Pracha U Thit",1
"Rarm Intra Alley",2
"Ruam Rudi 4 Alley",1
"Soi Rarm Intra 39/10",1
"Soi Sukhantharam 7",1
"Lat Plakhao 62 Alley",2
"Man Sin 1 Alley",1
"Saha Chok 2 Alley",1
"Ratchawithi Rd",2
"Soi Sukhaphiban 3",1
"Chamchuri 3 Alley",1
"Luk Luang Rd",1
"Bang Kradi 1",1
"Yaowarat Rd",1
"Soi Pracha Uthit 107",1
"Muban Wisetsuk Nakhon Soi 5",1
"Soi Mahesak Soi 1",1
"Pradist Manudharm Rd",1
"Soi Ruam Mit Phatthana Yaek 3",1
"Charat Mueang Alley",1
"Soi Charoen Krung 41",1
"Soi Samae Dam",1
"Pracha Uthit 113 Alley",1
"Ruam Phatthana 33 Soi 23",1
"Soi Sukhantharam 13",1
"Rama V Rd",1
"Bo Din Laksa 3 Soi 8",1
"Soi Sukhothai 5",1
"Mu Ban Thantawat 5",1
"Khu Bon 27 Yaek 14",1
"Charoen Krung 4 Alley",1
"Soi Ongkharak 8",1
"Rama II Soi 87",1
"Soi Mu Ban Resorta",1
"Chock Di 1 Alley",1
"Rarm Intra 34 Yaek 5",1
"Bo Din Laksa 3 Soi 12",1
"Soi Phetchaburi 12/10",1
"Soi 4/3",1
"Soi Charoen",1
"Soi Ratchaprarop 3",1
"Trok Sathian Alley",1
"Sukhaphiban 5 Soi 5 Yaek 5",1
"6/5 Alley",1
"Charoen Krung 42/1 Alley",1
"Chumchon Luang Pho Khao Alley",1
"Soi Rarm Intra 1",1
"Rarm Intra 13 Alley",5
"Rarm Intra 39 Alley",20
"Phahon Yothin 69/4 Alley",1
"Ruam Phatthana 33 Soi 14",1
"Rarm Intra 6/2 Alley",1
"Rarm Intra 11 Alley",1
"Set Siri Rd",1
"Luk Luang 1 Alley",1
"Soi Rarm Intra 8 Yaek 22",1
"Polo 4 Alley",1
"Charoen Krung Rd",2
"Soi Mu Ban Saen Sabai",1
"Yothi Alley",1
"Loet Ubon Soi 17",1
"Loet Ubon Soi 11",1
"Phetchaburi 16 Alley",1
"Soi Sap Sin",1
"Rarm Intra 6 Alley",1
"Sathon 4 Allet",1
"Chamchuri 8 Alley",1
"Sip Sam Hang Rd",1
"Bang Kradi 30 Alley",1
"Soi Rarm Intra 8 Yaek 6",1
"6/4 Alley",1
"Lang Suan 7 Alley",1
"Chan Ngoen Raksa Alley",1
"Ruam Phatthana 33 Soi 3",1
"Kalayana Maitri Rd",1
"U Thong Nok Rd",1
"Bang Kradi 29 Alley",1
"Soi Rarm Intra 5",1
"Saphan Tia Alley",1
"Si Sang Alley",1
"Polo 6 Alley",1
"Soi Phra Nakharet",1
"Khu Bon 27 Yaek 22",1
"Silom 26 Alley",1
"Bang Kradi 39 Alley",1
"Suk Chai Soi 7",1
"Phetchaburi 12/3",1
"Burana Sat Rd",1
"Phetchaburi 33 Alley",1
"Mu Ban Bo Din Laksa 2 Soi 6",1
"Soi Rarm Intra 65 Yaek 2",1
"Chaloem Suk Niwet 9 Soi 4",1
"Rarm Intra 61 Alley",6
"Sukhaphiban 5 Soi 12/1",1
"Ruam Phatthana 33 Soi 26",1
"Thanon Nikhom Makkasan Road",1
"Phetchaburi 35 Alley",1
"Soi Plakhao 70",1
"Witthayu Rd",2
"Sukhaphiban 5 Soi 17",1
"Soi Mu Ban Phen Phon 2",1
"Sukhaphiban 5 Soi 5 Yaek 13",1
"Phanon Yothin Alley",1
"Luk Luang 3 Alley",1
"Ban Suknatee 4 Alley",1
"Soi Phet Mani",1
"Soi Kanitthanon",1
"Wat Pla Khao Alley",1
"Pracha Uthit 86 Alley",1
"Sukhaphiban 5 Soi 23",1
"Rarm Intra 5 Yaek 18 Soi 1/1",1
"Soi Thian Thale 22",1
"Sukhaphiban 5 Soi 5 Yaek 24",1
"Ongkharak 11 Alley",1
"Si kahn Alley",1
"Soi Khu Bon 27 Yaek 28",1
"Phetchaburi 25 Alley",1
"Tha Wasukri Alley",1
"Kamphaeng Phet 7 Rd",1
"Soi Na Wat Hua Lamphong",1
"Soi Mu Ban Metha 2 Siam Thorani Soi 11",1
"Loet Ubon Soi 14",1
"Soi Rarm Intra 19 Yaek 13",1
"Sirichai 2 Alley",1
"Rat Phatsadu Alley",1
"Rarm Intra 34 Yaek 14",1
"Soi Luk Luang",1
"Surasak Alley",1
"Khu Bon 27 Yaek 46",1
"Thup Tuek Alley",1
"Soi Rama 2 Soi 79",1
"Charoen Mueang Rd",1
"Rarm Intra 34 Alley",11
"Rarm Intra 13/1 Alley",1
"Phan Suek 4 Alley",1
"Nora Uthit Alley",1
"Ammarin Soi 3/6",1
"Thaonon Unakn",1
"Ramintra Soi 4",1
"Ruam Rudi 1 Alley",1
"Soi 33",1
"Phra Athit Rd",1
"Parinayok Soi 1",1
"Phayap Alley",1
"Parinayok Soi 3",1
"Decha Siri Alley",1
"Amnuay Songkhram Rd",1
"Rarm Intra 14 Yaek 22",1
"Soi Samae Dam 17",1
"Lang Rong Raem Inthra Alley",1
"Soi Empire",1
"Soi Rong Mueang 4",1
"Soi Mu Ban Warinthon",1
"Rarm Intra 16 Alley",1
"Mitthae Alley",1
"Soi Si Ayutthaya 2",1
"Rarm Intra 63 Alley",2
"Lat Plakhao 87 Alley",1
"Ruam Phatthana 33 Soi 17",1
"Samae Dam 10 Alley",1
"Soi Lat Plakhao 55",1
"Charoen Krung 38 Alley",1
"Si Yan 3 Alley",1
"Silom 7 Alley",1
"Sukhaphiban 5 Soi 5 Yaek 21",1
"Chom Uthit 2 Alley",1
"Pracha Rat Sai 1",1
"Phraeng Phuthon Rd",1
"Lat Plakhao 76 Alley",24
"Pansuk Alley",1
"Pracha Uthid 98 Alley",1
"Amonphan 12 Soi 3",1
"Sukhaphiban 5 Soi 25",1
"Soi Mu Ban Metha 2 Siam Thorani",1
"Charoen Krung Rd Soi 30",1
"Phraya Phet Alley",1
"Sukho Thai 3 Alley",1
"Kit Phanit Alley",1
"Soi Rarm Intra 14 Yaek 10",1
"Amonphan 12 Soi 9",1
"Trok Bawon Rang Si",1
"Dan Noen Klang Nua Alley",1
"Mu Ban Ruean Alley",1
"Suksan Alley",1
"Samsen 12 Alley",1
"Sukhaphiban 5 Soi 5 Yaek 14",1
"Sawang 1 Alley",1
"Ruam Phatthana 33 Soi 30",1
"Charoen Krung 34 Alley",1
"Rarm Intra 12 Alley",1
"Khu Bon 27 Yaek 54",1
"Rama II Soi 81",1
"Loet Ubon Soi 7",1
"Suk Chai Soi 9",1
"Soi Lat Plakhao 63",1
"Soi Rarm Intra 31 Yaek 4",1
"Soi Ratchawithi 9",1
"Soi Sukhantharam 11",1
"Soi Wora Phong",1
"Phra Chen Alley",1
"Soi 11",2
"Pracha Uthit 96",1
"Muban Wisetsuk Nakhon Alley",1
"Soi Ruam Rudi 2",1
"Thaniya Rd",1
"Soi Mu Ban The Rich Rama 2",1
"Chamchuri Alley",1
"4 Alley",1
"Sukhaphiban 5 Soi 5 Yaek 12",1
"Soi Lat Plakhao 74",1
"Phitsanulok",1
"Sukho Thai Alley",1
"Sombun Panya",1
"Soi Mu Ban Metha 2 Siam Thorani Soi 10",1
"Mu Ban Anan Suksan Soi 2",1
"Nambanyat Alley",1
"Soi Esso",1
"Si Ayutthaya 3 Alley",1
"Sin Sap Alley",1
"Soi Rarm Intra 14",1
"Thatsani Niwet 1 Alley",1
"Phanon Yothin 48 Alley",47
"Sawankhaloko Rd",1
"Soi Charoen Krung 49",1
"Samran Rat",1
"Ammarin Soi 3/4",1
"Rarm Intra 53 Alley",1
"Ongkharak 10 Alley",1
"Sukhaphiban 5 Soi 5 Yaek 15",1
"Soi Mu Ban Sarasiri Wong Waen-pracha Uthit",1
"Soi Mu Ban Mongkhon Thip",1
"Rama VI Soi 5",1
"Silom 34 Alley",1
"Loet Ubon Soi 23",1
"Soi Nai Loet",1
"Soi Rarm intra 45/1",1
"Soi Mu Ban Saran Siri Pracha Uthit-suk Sawat",1
"Rong Mueang Soi 1",1
"Mu Ban Bo Din Laksa 2 Soi 5",1
"Trok Kluea",1
"Anan Suksan Run 18 Alley",2
"Muban Wararom Soi 3",1
"Soi Akkharanithi",1
"Si Ayutthaya 1 Alley",1
"Rama VI Rd",1
"Soi Mu Ban Metha 2 Siam Thorani Soi 13",1
"Amonphan 12 Soi 7",1
"Rarm Intra 34 Yaek 21",1
"Samae Dam 8 Alley",1
"Chana Songkhram Alley",1
"Phahon Yothin 63 Alley",1
"Pracha Uthit 84 Alley",1
"Pracha Uthit 92 Alley",1
"Soi Ongkharak 1",1
"Non Si Alley",1
"Soi Mu Ban Manthana",1
"Loet Ubon Soi 5",1
"Oriental Ave",1
"Kroo Pian Alley",1
"Charoen Krung 32 Alley",1
"Sukhaphiban 5 Soi 16",1
"Soi Chulalongkorn 64",1
"Soi Khiao Khai Ka",1
"Ratchawithi 12 Alley",1
"Trok Waiti Alley",1
"Ratchadamnoen Nok Rd",2
"Wat Kaeo Fa Alley",1
"Soi Samsen 9",1
"Sam Yot Alley",1
"Soi Mu Ban Sakunthon",1
"Phetchaburi 45",1
"Ruam Chit 2/1 Alley",1
"Soi Rarm Intra 39 Yaek 10",1
"Bang Kradi 6 Alley",1
"Plai Na Soi 5",1
"Tha Tian Alley",1
"Muban Wararom Soi 8/5",1
"Soi Than Sarot",1
"Muban Wararom Soi 23",1
"Muban Narisa Soi 20",1
"Phetchaburi 14 Alley",1
"Lang Suan 1 Alley",1
"Bang Kradi Road",1
"Watthana Sin Alley",1
"Thanon Charoen Wiang",1
"Phahon Yothin 69/1 Alley",2
"Soi Polo 2",1
"Samae Dam 3 Alley",1
"Phanonyothin Rd",1
"Soi Samsen 13 Alley",1
"Santi Suk Alley",1
"Burasaphat 6 Alley",1
"Ongkharak 5 Alley",1
"Muban Wisetsuk Nakhon Soi 3",1
"Soi Moo Ban Foan Thong Niwet",1
"Ruam Phatthana 33 Soi 31",1
"Bang Kradi 10 Alley",1
"Fuk Khai",1
"Soi Rarm Intra 65 Lane 4",1
"Sukho Thai 6 Alley",1
"Chaiyaphruek Road",1
"Chaeng Watthana Rd",1
"Soi Kasem Si",1
"6/3 Alley",1
"Si Yan 2 Alley",1
"Soi Mu Ban Phon 4",1
"Loet Ubon Soi 19",1
"Soi Ratchawithi 7",1
"Rarm Intra 61 Yaek 2",1
"Soi Naradhiwas Rajanagarindra 1",1
"Samakhom Thai Raman Alley",1
"Krung Kasem Rd",1
"Pramot 1/1 Alley",1
"1/4 Alley",1
"Sukhaphiban 5 Soi 12",1
"Phaka Krong Alley",1
"Rama VI 4 Alley",1
"Soi Sukhantharam 19",1
"Soi Nuan Chan 16",1
"Rarm Intra 8 Alley",13
"Langsamosonthapbok Alley",1
"Sawang Rd",1
"Pramot 2 Alley",1
"Khu Bon 27 Yaek 17",1
"Chao Khun Thewet Alley",1
"Suk Chai Soi 4",1
"Soi Rarm Intra 13 Yaek 12",1
"Sukhaphiban 5 Soi 5 Yaek 17",1
"Soi Samsen 5",1
"San Chao",1
"Rarm Intra 14 Yaek 9",1
"1/5 Alley",1
"Thanon Mahannop",1
"Khu Bon 27 Yaek 3",1
"Phetchaburi 43",1
"Bamrung Muang Rd",1
"Thian Thale 28 Alley",1
"Suk Sakun Alley",1
"Soi 3/1",1
"Bang Kradi 25 Alley",1
"Mu Ban Thian Suan Soi 4",1
"Ratchabophit Rd",1
"Yommarat Alley",1
"Ammarin Soi 3/2",1
"Muban Wisetsuk Nakhon Soi 8",1
"Chaeng Watthana 2 Alley",1
"Ammarin Soi 3/3",1
"Lat Plakhao 60 Alley",3
"Charoen Krung 37 Alley",1
"Soi Tha Klang Chakphet Rd",1
"Sanam Phra",1
"Burapha Rd",1
"20/4 Alley",1
"Soi Samae Dam 24",1
"Soi 32",1
"Soi Ratchawithi 20",1
"Chaloem Suk Niwet 9 Soi 2",1
"Ruam Phatthana 33 Soi 6",1
"Muban Wararom Soi 8",1
"New Din Daeng Rd",1
"Soi Sathon 10",1
"Rama VI Soi 24",1
"Lat Plakhao 79 Alley",1
"Phloi Song Alley",1
"Muban Wararom Soi 4",1
"Wat Parinayok",1
"Chaiyan Bun Alley",1
"Maha Set Rd",1
"Saladaeng Rd",1
"Samae Dam 7 Alley",1
"Loet Ubon Soi 6",1
"Chaeng Watthana 4 Alley",11
"Soi Mu Ban Metha 2 Siam Thorani Soi 9",1
"Bo Din Laksa 3 Soi 3",1
"Soi Phan Thom",1
"Saiyut 3 Soi 3/2",1
"Toll Road",2
"Charoen Damrong Alley",1
"Bang Kradi 21 Alley",1
"Charoen Krung 44 Alley",1
"Mu Ban Anan Suksan Soi 1",1
"Rong Muang 1 Alley",1
"Phahon Yothin 63 Yaek 2",1
"Chaloem Suk Niwet 9 Soi 3",1
"Soi Phetchaburi 11",1
"Botphram Alley",1
"Silom 1 Alley",1
"Suk Chai Soi 6",1
"Pracha Uthit 111 Alley",1
"Lung Chin Alley",1
"Liap Khlong Phadung Kasem Alley",1
"Plueng Uthit Alley",1
"Wat Siriphong Tham Nimit Alley",1
"Khu Bon 27 Yaek 42",1
"Burasaphat Alley",1
"Ranong Klang Alley",1
"Soi Mu Ban Chuan Chuen Rama 2",1
"Soi Bang Kradi 7",1
"Muban Wararom Soi 7",1
"Soi Mu Ban Thawi Suan Thon 2",1
"Phahon Yothin 69/5 Alley",1
"Thewet 1 Alley",1
"Charoen Krung 47/3 Alley",1
"Wong Wilai Alley",1
"Ongkharak 9",1
"Soi Mu Ban Phon 16",1
"20/5 Alley",1
"Kamchai Iamsuri Alley",1
"Rarm Intra 21 Alley",7
"Banphanthom Alley",1
"Nakhon Sawan Rd",1
"6/1 Alley",1
"Soi Rarm Intra Yaek 8",1
"Soi Khu Bon 27 Yaek 25",1
"Samsen 8 Alley",1
"Soi Phahon Yothin 65",1
"Ammarin Soi 2",1
"Phat Pong 2 Alley",1
"Mahapluetharam Rd",1
"Phahon Yothin 67/1 Alley",1
"Phut Son Soi 3",1
"Soi Samae Dam 1",1
"Rarm Intra 18 Alley",1
"Phan Suek 2 Alley",1
"Ratchadamnoen Villa Alley",1
"Plai Na Alley",1
"Sangkhalok Alley",1
"Bang Kradi 24",1
"Pracha Uthit 99 Alley",1
"Phanon Yothin 53",1
"Muban Narisa Soi 5",1
"Bang Khun Thian Rd",1
"Thanon Si Ayutthaya Frontage",1
"Soi Samsen 11",1
"Mu Ban Thian Suan Soi 1",1
"Soi Phraya Si",1
"Soi Song Phra",1
"Phut Son Soi 1",1
"Trok Khai",1
"Rama VIII Rd",1
"Soi Samran Rat",1
"Soi Mu Ban Manthana 4",1
"Sap Rd",1
"Rong Mueang Rd",1
"Rarm Intra 65 Alley",25
"Thahan Rd",1
"Rarm Intra 36 Alley",1
"Soi Mu Ban Phon 6",1
"Maha Phruttharam Alley",1
"Soi Sathon 8",1
"Luk Luang 2",1
"Soi Kanchanaphisek 6/1",1
"Soi Phahon Yothin 67",1
"Soi 2/3 Ramintra Rd",1
"Ratchadamnoen Nai Rd",1
"Phan Suek 3 Alley",1
"Fu Suk Alley",1
"Loet Ubon Soi 12",1
"Lak Muang Rd",1
"Charoen Krung 3 Alley",1
"Rong Mai Alley",1
"Samsen 18",1
"Soi Trocadero",1
"Khu Bon 27 yaek 39",1
"Lan Luang Rd",1
"Saha Mit Alley",1
"Saiyut 3 Soi 3/1",1
"Thanon Supan",1
"Sem Yaem Alley",1
"Soi Sueksa Witthaya",1
"Plai Na Soi 1",1
"Soi Mu Ban Metha 2 Siam Thorani Soi 12",1
"Thian Thale 30 Alley",1
"Muban Narisa Soi 17",1
"Samae Dam 6 Alley",1
"Rarm Intra 34 Yaek 19/1",1
"Charoen Krung 2 Alley",1
"Trok Nava Alley",1
"Bo Din Laksa 3 Soi 9",1
"Soi 22",1
"Soi Rarm Intra 65",1
"Soi Mu Ban Sittharom Rarm Intra 45",1
"Rung Sawang Village Soi 2",1
"Soi Ratchaprarop 22",1
"Aram Si Alley",1
"Soi Mu Ban Phon 24",1
"Lat Plakhao 72 Yaek 6",1
"Sutcharit 1 Alley",1
"Khlong Lam Pak Alley",1
"Soi Thesa",1
"Anu Watthana Withet Alley",1
"Ammarin Soi 8",1
"Wat Borom Niwat Alley",1
"Chock Di 2 Alley",1
"Thanon 27th Alley",1
"Sukhaphiban 5 Soi 5 Yaek 20",1
"Rarm Intra 4/3 Alley",1
"Thai Wang Alley",1
"Soi Rong Mueang 3",1
"Lat Plakhao 70 Alley",1
"Phetchaburi 41 Alley",1
"Trok Tambisa",1
"Soi Pracha Uthit 76 Alley 4",1
"Soi Phetchaburi 10",1
"Loet Ubon Soi 2",1
"Si Ayutthaya 5 Alley",1
"Wiang Fa Alley",1
"Soi Si Ayutthaya 8",1
"Rim Bueng Soi 1",1
"Wetchayanon Alley",1
"Rarm Intra 30 Alley",6
"Muban Narisa Alley",1
"Muban Chinda Town Soi 1",1
"Motorway 9 Frontage Road",1
"Khu Bon 27 Yaek 15",1
"Samsen 13/1 Alley",1
"Thian Thale 21 Alley",1
"Chalerm Maha Nakhom Expy",1
"Uthong Nai Alley",1
"Mahatlek Luang 1 Alley",1
"Rong Raem Charoen Phon Alley",1
"Soi Plookjit 3",1
"Sala Daeng 1/1",1
"Ram Intra Frontage Rd",1
"Soi Lat Plakhao 78",1
"Ratchaprarop 20 Alley",1
"Thanon Tanao",1
"Soi Pracha Uthit 90",1
"Muban Wisetsuk Nakhon Soi 4",1
"Anuman Ratchathon Alley",1
"Soi Mu Ban Phon 12",1
"Chetuphon Rd",1
"Soi 8",2
"Ton Kratin Alley",1
"Naradhiwas Rajanagarindra Rd",1
"1/7 Alley",1
"Loet Ubon Soi 4",1
"Suksavithaya Alley",1
"Soi Wat Ptacha Rabue Tham 3",1
"Akhan Songkhro Alley",1
"Phuttha Osot Alley",1
"Chakrabongse Rd",1
"C.s.t. Alley",1
"Alley",6
"Chak Thip Alley",1
"Samsen 19 Alley",1
"Phra Phithak Alley",1
"Suk Chai Soi 1",1
"Santiphap Alley",1
"Thawiphon Alley",1
"Lat Plakhao Rd",1
"Soi Mu Ban Latda Thai Resort",1
"Samsen 4 Alley",1
"Naret Rd",1
"Ban Phan Thom Alley",1
"Soi Ratchawithi",1
"Rarm Intra 34 Yaek 20",1
"Man Sin 2 Alley",1
"Damnoen Klang Nuea",1
"Sukhaphiban 4 Alley",1
"Soi Si Ayutthaya 15",1
"Soi Silom 7",1
"Soi Mahannop 2",1
"Khu Bon 27 Yaek 6",1
"Mu Ban Praisani Niwet Soi 2",1
"Ratchawithi 18 Alley",1
"Sukhaphiban 5 Soi 30",1
"Phetchaburi Rd",1
"Silom Rd",1
"Bangkok Bazaar Alley",1
"Soi Luk Luang 6",1
"Pradiphat Rd",1
"Phitsanulok 3 Alley",1
"Sawang 3 Alley",1
"Amonphan 12 Soi 8",1
"Soi Lat Plakhao 72 Yaek 10",1
"Ban Suknatee 11 Alley",1
"Pramuan Rd",1
"Rung Sawang Village Soi 3",1
"Bang Kradi 13 Alley",1
"Chit Lom Alley",2
"Thian Thale 19 Alley",1
"Rachini Alley",1
"Bang Kradi 12 Alley",1
"Rarm Intra",1
"Sukhaphiban 5 Soi 5 Yaek 18",1
"Maha Rat Rd",1
"Phahon Yothin 57 Alley",1
"Ratchadamri Rd",2
"Ammarin Soi 3",1
"Bang kradi 35 Alley",1
"Soi Rarm Intra 57/1",1
"Soi 6",2
"Nakhon Ratchasima Rd",1
"Samsen 7",1
"Muban Wararom Soi 8/2",1
"Thahan Bok Alley",1
"Uruphong 2 Alley",1
"Wutthi Phan Alley",1
"Soi Ratchaprarop 2",1
"Ratchawithi 14",1
"Phanumat Alley",1
"Soi 30",1
"Bang Kradi 28 Alley",1
"Amonphan 12 Soi 4",1
"Mu Ban Ek Nakhon Alley",1
"Soi Wat Sam Ngam",1
"Soi Rarm Intra 4/1",1
"Charat Wiang Rd",1
"Prachathipatai Rd",1
"Sunset St",1
"Samsen 30 Alley",1
"Silom 22/1",1
"Soi 28",1
"Wat Inthra Wihan",1
"Thimrueangwet Alley",1
"Ruam Phatthana 33 Soi 29",1
"Henri Dunant Rd",1
"Sukho Thai 10 Alley",1
"Phetchaburi Alley",1
"Muban Wararom Soi 21",1
"Lat Plakhao 89 Alley",1
"Saoi Samae Dam 2",1