"Abbey Drive",1
"Abbey Street Lower",1
"Abbey Street Middle",1
"Abbey Street Upper",1
"Abbotstown Avenue",1
"Abbotstown Drive",1
"Abbotstown Road",1
"Abbotswood Ave",2
"Abercorn Road",1
"Abercorn Terrace",1
"Aberdeen Street",1
"Academy St",2
"Acres Road",1
"Adair Lane",1
"Adare Avenue",1
"Adare Drive",1
"Adare Green",1
"Adare Road",1
"Addison Road",1
"Adelaide Mews",1
"Adelaide Pl",2
"Adelaide Road",1
"Adelaide Terrace",1
"Adelaids St",2
"Adrian Avenue",1
"Aideen Avenue",1
"Aideen Drive",1
"Aikenhead Terrace",1
"Ailesbury Drive",1
"Ailesbury Grove",1
"Ailesbury Mews",1
"Ailesbury Road",1
"Aisling Close",1
"Albany Road",1
"Albert College Avenue",1
"Albert College Crescent",1
"Albert College Drive",1
"Albert College Grove",1
"Albert Quay",2
"Albert Rd",2
"Albert St",2
"Albert Terrace",1
"Aldborough Parade",1
"Alden Grove",2
"Alderbrook",2
"Alderwood",2
"Aldrin Walk",1
"Alexander Terrace",1
"Alexandra Pl",2
"Alexandra Rd",2
"Alexandra Road",1
"Alexandra Road Extension",1
"Alexandra Terrace",1
"Alfie Byrne Road",1
"Alfred St",2
"Allendale Ave",2
"Allinett's Ln",2
"Allingham Street",1
"All Saints Drive",1
"All Saints Road",1
"Alma Terrace",1
"Almeida Avenue",1
"Alone Walk",1
"Alverna",2
"Amberley Dr",2
"Amberley Pard",2
"Amiens Street",1
"Anglesea Road",1
"Anglesea Row",1
"Anglesea St",2
"Anglesea Street",1
"Anglesea Terrace",2
"Annadale Avenue",1
"Annadale Crescent",1
"Annadale Drive",1
"Annalee Grove",2
"Annaly Road",1
"Annamoe Drive",1
"Annamoe Road",1
"Annamoe Terrace",1
"Annaville",2
"Anner Road",1
"Anne’s Lane",1
"Annesley Avenue",1
"Anne St",2
"Anne Street North",1
"Anne Street South",1
"Annmount",2
"Apollo Way",1
"Appian Way",1
"Apple Wood",2
"Araglen Ct",2
"Arbour Ct",2
"Arbour Terrace",1
"Arbutus Avenue",1
"Ardagh Heights",2
"Ardagh Road",1
"Ard Alainn",2
"Ardara Avenue",1
"Ardbeg Crescent",1
"Ardbeg Drive",1
"Ardbeg Road",1
"Ard Bhaile",2
"Ardcahon Drive",2
"Ardcollum Avenue",1
"Ardcullen",2
"Ardee Grove",1
"Ardee Road",1
"Ardee Row",1
"Ardee Street",1
"Arderin Way",2
"Ardfallen Rd",2
"Ardfallen Terrace",2
"Ardfoyle Ave",2
"Ardfoyle Cres",2
"Ardilaun Road",1
"Ard Keale",2
"Ardlea Road",1
"Ardmanning Ave",2
"Ardmore Ave",2
"Ardmore Avenue",1
"Ardmore Close",1
"Ardmore Crescent",1
"Ardmore Drive",1
"Ardmore Grove",1
"Ardmore Heights",2
"Ard Na Laoi",2
"Ard na Meala",1
"Ard Na Ri Ave",2
"Ardpatrick Road",1
"Ard Rö Road",1
"Ardross",2
"Ardrostig Lane",2
"Argyle Road",1
"Arklow Street",1
"Armagh Road",1
"Armstrong Street",1
"Armstrong Walk",1
"Arnott Street",1
"Arranmore Avenue",1
"Arranmore Road",1
"Arran Quay",1
"Arran Quay Terrace",1
"Arran Road",1
"Arran Street East",1
"Arran Street West",1
"Arundel Terrace",2
"Arvalee",2
"Ascaill an Ghleanna",2
"Ascension Heights",2
"Asdill’s Row",1
"Ashboro",2
"Ashbrook",1
"Ashbrook Heights",2
"Ashcroft",1
"Ashdale Avenue",1
"Ashdale Road",1
"Ashdene",2
"Ashford Ct",2
"Ashford Heights",2
"Ashford Street",1
"Ash Grove",1
"Ashgrove Ave",2
"Ashgrove Dr",2
"Ashgrove Lodge",1
"Ashgrove View",2
"Ashington Avenue",1
"Ashington Close",1
"Ashington Crescent",1
"Ashington Dale",1
"Ashington Green",1
"Ashington Grove",1
"Ashington Heath",1
"Ashington Mews",1
"Ashington Rise",1
"Ashleigh DR",2
"Ashleigh Rise",2
"Ashmount",2
"Ashmount Ct",2
"Ashmount Mews",2
"Ash Street",1
"Ashtown Grove",1
"Ashtown Road",1
"Ashwood",2
"Ashwood Cl",2
"Assumption Rd",2
"Aston Quay",1
"Auburn Avenue",1
"Auburn Road",1
"Auburn Street",1
"Audley Pl",2
"Aughavannagh Road",1
"Aughrim Lane",1
"Aughrim Street",1
"Augusta Dr",2
"Aulden Grange",1
"Aungier Street",1
"Ave de Rennes",2
"Ave Maria Road",1
"Avenue Road",1
"Avoca Cres",2
"Avondale Avenue",1
"Avondale Road",1
"Avonlea Ct",2
"Avonlea Row",2
"Avonmore Cl",2
"Bachelor Quay",2
"Bachelors Walk",1
"Back Lane",1
"Baggot Lane",1
"Baggot Road",1
"Baggot Street Lower",1
"Baggot Street Upper",1
"Baile An Aoire",2
"Bailey’s Row",1
"Baker's Rd",2
"Balbutcher Drive",1
"Balbutcher Lane",1
"Balbutcher Way",1
"Balcurris Road",1
"Balfe Avenue",1
"Balfe Road",1
"Balfe Road East",1
"Balfe Street",1
"Ballincollie Rd",2
"Ballinlough Rd",2
"Ballinsheen Ct",2
"Ballinsheen Mews",2
"Ballinure Ave",2
"Ballinure Cres",2
"Ballinure Pl",2
"Ballinure Rd",2
"Ball’s Lane",1
"Ballyboggan Road",1
"Ballybough Avenue",1
"Ballybough Road",1
"Ballybrack Heights",2
"Ballyfermot Avenue",1
"Ballyfermot Crescent",1
"Ballyfermot Drive",1
"Ballyfermot Parade",1
"Ballyfermot Road",1
"Ballyfermot Road Upper",1
"Ballygall Avenue",1
"Ballygall Crescent",1
"Ballygall Parade",1
"Ballygall Road East",1
"Ballygall Road West",1
"Ballyhooly Rd",2
"Ballyhoy Avenue",1
"Ballymacthomas St",2
"Ballymount Drive",1
"Ballymount Road Lower",1
"Ballymun Road",1
"Ballyneety Road",1
"Ballyshannon Avenue",1
"Ballyshannon Road",1
"Ballyvolane Rd",2
"Balnagowan",1
"Bandon Rd",2
"Bandon Rd Roundabout",2
"Bandon Road",2
"Banduff Rd",2
"Bangor Drive",1
"Bangor Road",1
"Bannaville",1
"Bannow Road",1
"Bann Road",1
"Bantry Road",1
"Bargy Road",1
"Barnamore Crescent",1
"Barnamore Grove",1
"Barnstead Dr",2
"Barrack Lane",1
"Barrack St",2
"Barretts's Lane",2
"Barrett's Terrace",2
"Barrington's Ave",2
"Barrow Road",1
"Barrow Street",1
"Barry Avenue",1
"Barry Close",1
"Barry Drive",1
"Barry Green",1
"Barry Road",1
"Barry's Pl",2
"Basin Street Lower",1
"Basin Street Upper",1
"Bath Avenue",1
"Bath Lane",1
"Bath Street",1
"Bawnleigh Ct",2
"Bayview Avenue",1
"Beach Avenue",1
"Beach Drive",1
"Beach Road",1
"Beasly St",2
"Beatty’s Avenue",1
"Beaumont Ave",2
"Beaumont Cres",2
"Beaumont Crescent",1
"Beaumont Dr",2
"Beaumont Grove",1
"Beaumont Road",1
"Beaver Close",1
"Beaver Row",1
"Beaver Street",1
"Beckett Way",1
"Bedford Row",1
"Beechbrook Grove",1
"Beechdale Mews",1
"Beeches",1
"Beechtree Ave",2
"Beechwood Avenue Lower",1
"Beechwood Avenue Upper",1
"Beechwood Ct",2
"Beechwood Dr",2
"Beechwood Grove",2
"Beechwood Rd",2
"Beechwood Road",1
"Belcamp Avenue",1
"Belcamp Crescent",1
"Belcamp Green",1
"Belcamp Grove",1
"Belcamp Lane",1
"Belclare Avenue",1
"Belclare Crescent",1
"Belclare Drive",1
"Belclare Green",1
"Belclare Grove",1
"Belclare Terrace",1
"Belclare Way",1
"Belgard Downs",2
"Belgrave Avenue",1
"Belgrave Pl",2
"Belgrave Road",1
"Belgrave View",1
"Belgrove Road",1
"Bella Avenue",1
"Bella Street",1
"Belleville",1
"Belleville Avenue",1
"Bellevue",1
"Bellevue Avenue",1
"Bellevue Cl",2
"Bellevue Cres",2
"Bellevue Dr",2
"Bellevue Grove",2
"Bellevue Heights",2
"Bellevue Rise",2
"Bellevue Road",2
"Bellmans Walk",1
"Bell’s Lane",1
"Bellview Crescent",2
"Bellview Mews",2
"Belmont",2
"Belmont Ave",2
"Belmont Avenue",1
"Belvedere Avenue",1
"Belvedere Road",1
"Benbulbin Avenue",1
"Benbulbin Road",1
"Benburb Street",1
"Beneavin Drive",1
"Beneavin Road",1
"Ben Edair Road",1
"Benmadigan Road",1
"Benson Street",1
"Beresford Avenue",1
"Beresford Green",1
"Beresford Lane",1
"Beresford Street",1
"Berkeley",2
"Berkeley Avenue",1
"Berkeley Ct",2
"Berkeley Road",1
"Berkeley Street",1
"Berkeley Terrace",1
"Berlingford Dr",2
"Bernadette Way",2
"Berystede",1
"Bessboro Rd",2
"Bessborough Avenue",1
"Bessborough Parade",1
"Bettyglen",1
"Bettystown Avenue",1
"Beverly Dr",2
"Bigger Road",1
"Birch Pl",2
"Birchwood Cl",2
"Blackash",2
"Blackberry Lane",1
"Blackditch Drive",1
"Blackditch Road",1
"Blackhall Parade",1
"Blackhall Street",1
"Blackheath Avenue",1
"Blackheath Drive",1
"Blackheath Grove",1
"Blackhorse Avenue",1
"Blackhorse Downs",1
"Blackhorse Grove",1
"Blackpitts",1
"Blackrock Ave",2
"Blackrock Grove",2
"Black Street",1
"Blackthorn",2
"Blackwater Grove",2
"Blackwater Road",1
"Blarney St",2
"Bleasbys Street",2
"Blessington Lane",1
"Blessington Street",1
"Bluebell Avenue",1
"Bluebell Lane",1
"Bluebell Road",1
"Blunden Drive",1
"Blythe Avenue",1
"Boardman’s Lane",1
"Bob and joan's Walk",2
"Boherboy Cl",2
"Boherboy Rd",2
"Bolton Street",1
"Bonaventure Pl",2
"Bond Road",1
"Bond Road Extension",1
"Bond Street",1
"Bonham Street",1
"Boolavogue Road",1
"Boreenmanna Rd",2
"Botanic Avenue",1
"Botanic Rd",2
"Botanic Road",1
"Bothar an Choimin",2
"Bothar an larthair",2
"Bothar Bhaile an Locha",2
"Bothar Chionn Tsaile",2
"Bothar Chursa an Uisce",2
"Bothar Na Sceiche Airde",2
"Bothar Thobar an Airgid",2
"Bow Lane East",1
"Bow Lane West",1
"Bowling Green St",2
"Bow Street",1
"Boyce's St",2
"Boyne Cres",2
"Boyne Road",1
"Boyne Street",1
"Brabazon Row",1
"Brabazon Street",1
"Bracken Ct",2
"Bracken’s Lane",1
"Brainsborough Terrace",1
"Braithwaite Street",1
"Bramblings",1
"Brampton Ct",2
"Branch Road North",1
"Branch Road South",1
"Brandon Cres",2
"Brandon Ct",2
"Brandon Road",1
"Brandon Terrace",1
"Breakwater Road South",1
"Bregia Road",1
"Bremen Avenue",1
"Bremen Grove",1
"Bremen Road",1
"Brendan Road",1
"Brian Avenue",1
"Brian Boru Avenue",1
"Brian Boru St",2
"Brian Boru Street",1
"Brian Road",1
"Brian Terrace",1
"Briar Wood",2
"Bride Road",1
"Bride Street",1
"Bride Street New",1
"Bride Valley View",2
"Brighton Avenue",1
"Brighton Green",1
"Brighton Road",1
"Britain Quay",1
"Broad Ln",2
"Broadstone",1
"Broadstone Avenue",1
"Brocklesby St",2
"Brodir Row",1
"Brookvale",2
"Brookvale Road",1
"Brookville",1
"Brookville Crescent",1
"Brookwood",2
"Brookwood Avenue",1
"Brookwood Crescent",1
"Brookwood Drive",1
"Brookwood Glen",1
"Brookwood Grove",1
"Brookwood Heights",1
"Brookwood Meadow",1
"Brookwood Rise",1
"Brookwood Road",1
"Brother Rice Ave",2
"Brown Street South",1
"Brunswick",1
"Brunswick Street North",1
"Buckingham Street Lower",1
"Buckingham Street Upper",1
"Buckley's Meadow",2
"Buckley's Terrace",2
"Bulfin Road",1
"Bull Alley Street",1
"Bull's Ln",2
"Bull Wall",1
"Bunratty Avenue",1
"Bunratty Drive",1
"Bunratty Road",1
"Bunting Road",1
"Burgh Quay",1
"Burlington Road",1
"Burnside",1
"Buttercup Avenue",1
"Buttercup Close",1
"Buttercup Cresent",1
"Buttercup Drive",1
"Buttercup Green",1
"Buttercup Terrace",1
"Byrnes Lane",1
"Cabra Drive",1
"Cabra Grove",1
"Cabra Road",2
"Cadogan Road",1
"Cahergal Ave",2
"Calderwood Avenue",1
"Calderwood Cir",2
"Calderwood Ct",2
"Calderwood Dr",2
"Calderwood Grove",1
"Calderwood Heights",2
"Calderwood Rd",2
"Calderwood Road",1
"Caledon Road",1
"Camac Close",1
"Camac Lane",1
"Camden Quay",2
"Camden Row",1
"Camden Street Lower",1
"Camden Street Upper",1
"Cameron Street",1
"Campbell’s Row",1
"Canal Road",1
"Canal Terrace",1
"Canal Walk",1
"Canon Lillis Avenue",1
"Capel Street",1
"Cappagh Avenue",1
"Cappagh Drive",1
"Cappagh Green",1
"Cappagh Road",1
"Captain’s Avenue",1
"Captain’s Drive",1
"Captain’s Road",1
"Capwell Ave",2
"Capwell Rd",2
"Caragh Road",1
"Carberry Road",1
"Carbery Grove",2
"Cardiff Castle Road",1
"Cardiff Lane",1
"Cardinal Ct",2
"Cardinal Way",2
"Cards Lane",1
"Carey's Ln",2
"Carig Ct",2
"Carleton Road",1
"Carlingford Parade",1
"Carlingford Road",1
"Carlisle Avenue",1
"Carlisle Street",1
"Carmans Hall",1
"Carna Road",1
"Carndonagh Drive",1
"Carndonagh Road",1
"Carnew Street",1
"Carnlough Road",1
"Caroline Row",1
"Caroline St",2
"Carraroe Avenue",1
"Carrickfoyle Terrace",1
"Carrick Terrace",1
"Carrigaline Rd",2
"Carrigallen Drive",1
"Carrigallen Road",1
"Carrigrohane Rd",2
"Carrow Road",1
"Casement Close",1
"Casement Drive",1
"Casement Green",1
"Casement Grove",1
"Casement Road",1
"Cashel Avenue",1
"Cashel Road",1
"Casimir Avenue",1
"Casimir Road",1
"Casino Road",1
"Cassidy's Ave",2
"Castle Ave",2
"Castle Avenue",1
"Castle Elms",1
"Castleforbes Road",1
"Castle Grove",1
"Castlekevin Road",1
"Castleknock Road",1
"Castle Market",1
"Castle Meadows",2
"Castle Rd",2
"Castle Road",1
"Castle St",2
"Castle Street",1
"Castle Terrace",1
"Castletimon Avenue",1
"Castletimon Drive",1
"Castletimon Green",1
"Castletimon Road",1
"Castletreasure Ct",2
"Castletreasure Grove",2
"Castleview",1
"Castlewood Avenue",1
"Castlewood Terrace",1
"Cathal Brugha Street",1
"Cathedral Ave",2
"Cathedral Lane",1
"Cathedral Rd",2
"Cathedral Street",1
"Cathedral View Walk",1
"Cathedral Walk",2
"Catherine Lane North",1
"Catherine Street",1
"Cattle Market Ave",2
"Cavalry Row",1
"Cavendish Row",1
"Ce Andarsan",2
"Cecil Avenue",1
"Cecilia Street",1
"Cedar Grove",2
"Cedar Walk",1
"Cedarwood Avenue",1
"Cedarwood Close",1
"Cedarwood Green",1
"Cedarwood Grove",1
"Cedarwood Rise",1
"Cedarwood Road",1
"Ce Lancaster",2
"Celestine Avenue",1
"Central Ave",2
"Ce Ui Chearuill",2
"Chamber Street",1
"Champions Avenue",1
"Chancel Mews",1
"Chancery Lane",1
"Chancery Street",1
"Chanel Avenue",1
"Chanel Grove",1
"Chanel Road",1
"Chapel Avenue",1
"Chapel Crescent",1
"Chapelgate",2
"Chapelizod Road",1
"Chapel Lane",1
"Chapel St",2
"Charlemont",1
"Charlemont Heights",2
"Charlemont Parade",1
"Charlemont Road",1
"Charlemont Street",1
"Charlemont Terrace",2
"Charles Daly Rd",2
"Charles Lane",1
"Charles Street Great",1
"Charles Street West",1
"Charleston Avenue",1
"Charleston Road",1
"Charleville Avenue",1
"Charleville Close",1
"Charleville Road",1
"Charlotte Way",1
"Chatham Lane",1
"Chatham Row",1
"Chatham Street",1
"Chelmsford Avenue",1
"Chelmsford Close",1
"Chelmsford Lane",1
"Chelmsford Road",1
"Cherrington",2
"Cherry Ct",2
"Cherry Dr",2
"Cherry Grove",2
"Cherrymount Crescent",1
"Cherrymount Grove",1
"Cherry Orchard Avenue",1
"Cherry Orchard Crescent",1
"Cherry Orchard Drive",1
"Cherry Orchard Green",1
"Cherry Orchard Grove",1
"Cherryorchard Parade",1
"Cherry Orchard Way",1
"Cherry Tree Rd",2
"Chester Road",1
"Chestnut Grove",2
"Cill Eanna",1
"City Quay",1
"City View",2
"City View Mews",2
"City View Way",2
"Claddagh Green",1
"Claddagh Road",1
"Clanawley Road",1
"Clanboy Road",1
"Clanbrassil Close",1
"Clanbrassil Street Lower",1
"Clanbrassil Street Upper",1
"Clanbrassil Terrace",1
"Clancarthy Road",1
"Clancy Avenue",1
"Clancy Road",1
"Clandonagh Road",1
"Clanhugh Road",1
"Clanmahon Road",1
"Clanmaurice Road",1
"Clanmoyle Road",1
"Clanranald Road",1
"Clare Lane",1
"Claremont Avenue",1
"Claremont Close",1
"Claremont Crescent",1
"Claremont Drive",1
"Claremont Road",1
"Clarence Ct",2
"Clarence Mangan Road",1
"Clarence Terrace",2
"Clarendon Row",1
"Clarendon Street",1
"Clare Road",1
"Clare Street",1
"Clareville Grove",1
"Clareville Road",1
"Clarkes Kill",2
"Clarkes Rd",2
"Clarkes Terrace",1
"Clarkes Wood",2
"Clashduv Grove",2
"Clashduv Rd",2
"Claude Road",1
"Cleggan Avenue",1
"Cleggan Road",1
"Clermont Ave",2
"Clifden Drive",1
"Clifden Road",1
"Clifton Ave",2
"Clifton Downs",2
"Clifton Rd",2
"Clifton Terrace",2
"Cliftonville Road",1
"Clogher Road",1
"Cloisters",1
"Clonard",2
"Clonard Road",1
"Clonfert Road",1
"Clonlara Road",1
"Clonliffe Avenue",1
"Clonliffe Road",1
"Clonmacnoise Road",1
"Clonmellon Grove",1
"Clonmel Road",1
"Clonmel Street",1
"Clonmore Road",1
"Clonmore Terrace",1
"Clonrosse Drive",1
"Clonshaugh Avenue",1
"Clonshaugh Close",1
"Clonshaugh Crescent",1
"Clonshaugh Drive",1
"Clonshaugh Glen",1
"Clonshaugh Green",1
"Clonshaugh Grove",1
"Clonshaugh Heights",1
"Clonshaugh Meadow",1
"Clonshaugh Rise",1
"Clonshaugh Road",1
"Clonshaugh Walk",1
"Clonskeagh Road",1
"Clontarf Esate",2
"Clontarf Road",1
"Clontarf St",2
"Clonturk Avenue",1
"Cloonlara Crescent",1
"Cloonlara Drive",1
"Cloonlara Road",1
"Close",1
"Close's Green",2
"Close's Rd",2
"Clos Pic Du Jer",2
"Cloyne Road",1
"Clune Road",1
"Clyde Lane",1
"Clyde Road",1
"Coach St",2
"Coburg St",2
"Coke Lane",1
"Colbert’s Fort",1
"Coleraine Street",1
"College Green",1
"College Manor",1
"College Rd",2
"College Street",1
"College View",2
"Collier’s Avenue",1
"Collins Avenue",1
"Collins Avenue East",1
"Collins Avenue Extension",1
"Collins Avenue West",1
"Collins Drive",1
"Collins Green",1
"Collins Row",1
"Collinswood",1
"Colmcille Ave",2
"Comeragh Road",1
"Commons Rd",2
"Commons Street",1
"Con Colbert Road",1
"Congress Rd",2
"Connaught Ave",2
"Connaught Parade",1
"Connaught Street",1
"Connell St",2
"Connolly Avenue",1
"Connolly Green",2
"Connolly Pl",2
"Connolly Rd",2
"Conor Clune Road",1
"Convent Avenue",1
"Convent Close",1
"Convent Ln",2
"Convent Pl",2
"Convent Rd",2
"Convent View Crescent",1
"Convent Way",1
"Conyngham Road",1
"Cook St",2
"Cook Street",1
"Coolamber Dr",2
"Cooleen Avenue",1
"Coolevin Road",1
"Cooley Road",1
"Coolgariff Road",1
"Coolgreena Close",1
"Coolgreena Road",1
"Coolmaine Cres",2
"Coolock Drive",1
"Coolock Lane",1
"Coolrua Drive",1
"Coombe",1
"Cooney's Ln",2
"Copeland Avenue",1
"Copeland Grove",1
"Cope Street",1
"Copley Pl",2
"Copley St",2
"Copper Alley",1
"Coppinger Row",1
"Coppingers Acre",2
"Corkeran's Quay",2
"Cork Street",1
"Cormac Terrace",1
"Cornmarket",1
"Cornmarket St",2
"Corporation Street",1
"Corran Machan",2
"Corrib Road",1
"Corvalley Ct",2
"Cotters St",2
"Coulson Avenue",1
"Coultry Avenue",1
"Coultry Crescent",1
"Coultry Drive",1
"Coultry Grove",1
"Coultry Road",1
"Coultry Way",1
"Covent Ave",2
"Cove St",2
"Cow Parlour",1
"Cowper Downs",1
"Cowper Drive",1
"Cowper Mews",1
"Cowper Road",1
"Cowper Street",1
"Cows Lane",1
"Crab Ln",2
"Craigford Avenue",1
"Craigford Drive",1
"Crampton Quay",1
"Crane Lane",1
"Crane Ln",2
"Crane Street",1
"Cranmer Lane",1
"Crannagh",1
"Cranogue Close",1
"Cranogue Road",1
"Crawford Avenue",1
"Crawford Terrace",1
"Creighton Street",1
"Cremona Road",1
"Cremore Avenue",1
"Cremore Crescent",1
"Cremore Drive",1
"Cremore Heights",1
"Cremore Road",1
"Crescent",1
"Crinan Strand",1
"Croaghpatrick Road",1
"Croftwood Crescent",1
"Croftwood Drive",1
"Croftwood Green",1
"Croftwood Grove",1
"Cromcastle Avenue",1
"Cromcastle Close",1
"Cromcastle Drive",1
"Cromcastle Green",1
"Cromcastle Road",1
"Cromwell’s Fort Road",1
"Cross Douglas Rd",2
"Crosse's Green",2
"Cross St",2
"Crotty Avenue",1
"Crown Alley",1
"Crow Street",1
"Croydon Green",1
"Croydon Terrace",1
"Crumlin Road",1
"Cuala Road",1
"Cuffe Lane",1
"Cuffe Street",1
"Cullenswood",1
"Cullinswood Road",1
"Cumberland Road",1
"Cumberland Street North",1
"Cumberland Street South",1
"Curlew Road",1
"Curracloe Drive",1
"Curragh Rd",2
"Curragh Woods",2
"Curraheen Cl",2
"Curraheen Cres",2
"Curraheen Dr",2
"Curraheen Rd",2
"Curved Street",1
"Curzon Street",1
"Cusacks Corner",1
"Cushing Pl",2
"Cushing Rd",2
"Custom House Dock",1
"Custom House Quay",3
"Custom House St",2
"Cymric Road",1
"Dalcassian Downs",1
"Dalton's Ave",2
"Dalymount",1
"Dalymount Lane",1
"Dame Lane",1
"Dame Street",1
"Daneswell Road",1
"Danieli Drive",1
"Danieli Road",1
"Daniel Street",1
"Dargle Road",1
"Darley’s Terrace",1
"Darley Street",1
"Dartmouth Lane",1
"Dartmouth Road",1
"Dartmouth Terrace",1
"Dartmouth Walk",1
"Dartry Road",1
"David Road",1
"Davitt Road",1
"Dawson Lane",1
"Dawson Street",1
"Deanrock Ave",2
"Dean St",2
"Deanstown Avenue",1
"Deanstown Drive",1
"Deanstown Green",1
"Deanstown Road",1
"Dean Street",1
"Dean Swift Green",1
"Dean Swift Road",1
"Deanvale",2
"Deanwood Ave",2
"De Burgh Road",1
"Decies Road",1
"Deermount",2
"Delfern Grove",2
"Delford Dr",2
"Delville Road",1
"Delvin Road",1
"Demesne",1
"Denmark Street Great",1
"Denzille Lane",1
"Dermot O’Hurley Avenue",1
"Derravaragh Road",1
"Derry Drive",1
"Derrynane Parade",1
"Derrynane Rd",2
"Derry Road",1
"Desmond Street",1
"Devenish Road",1
"Devery’s Lane",1
"Devonshire St",2
"Devonshire St W",2
"Devoy Road",1
"Dewberry",2
"Dierville",2
"Digges Lane",1
"Digges Street Upper",1
"Dingle Road",1
"Distillery Ct",2
"Distillery Road",1
"Dodder Terrace",1
"D’Olier Street",1
"Dollymount Avenue",1
"Dollymount Grove",1
"Dollymount Rise",1
"Dolphin Avenue",1
"Dolphin Road",1
"Dolphin’s Barn",1
"Dolphin’s Barn Street",1
"Dominick Ct",2
"Dominick Lane",1
"Dominick St",2
"Dominick Street Lower",1
"Dominick Street Upper",1
"Donaghmede Avenue",1
"Donaghmede Drive",1
"Donaghmede Road",1
"Donard Road",1
"Donelan Avenue",1
"Donnybrook Close",1
"Donnybrook Dr",2
"Donnybrook Manor",1
"Donnybrook Road",1
"Donnycarney Road",1
"Donore Avenue",1
"Donore Road",1
"Donore Terrace",1
"Donovan Lane",1
"Donovan Rd",2
"Doon Avenue",1
"Dorgan's Rd",2
"Doris Street",1
"Dorset Lane",1
"Dorset Street Lower",1
"Dorset Street Upper",1
"Doser Dr",2
"Douglas Cl",2
"Douglas Dr",2
"Douglas Hall Mews",2
"Douglas Rd",2
"Douglas St",2
"Dowland Road",1
"Downpatrick Road",1
"Dowth Avenue",1
"Doyle Rd",2
"Doyles Lane",1
"Drapier Green",1
"Drapier Road",1
"Drimnagh Road",1
"Drinan St",2
"Dromard Avenue",1
"Dromard Road",1
"Dromawling Road",1
"Drombawn Avenue",1
"Dromcora Mews",2
"Dromeen Avenue",1
"Dromlee Crescent",1
"Dromnanane Road",1
"Dromore Road",1
"Drumalee Avenue",1
"Drumalee Drive",1
"Drumalee Grove",1
"Drumalee Road",1
"Drumcliffe Drive",1
"Drumcliffe Road",1
"Drumcondra Road Lower",1
"Drumcondra Road Upper",1
"Drumfinn Avenue",1
"Drumfinn Road",1
"Drury Street",1
"Dublin St",2
"Dufferin Avenue",1
"Duke Lane",1
"Duke Lane Upper",1
"Duke Street",1
"Dunard",2
"Dunard Avenue",1
"Dunard Drive",1
"Dunard Road",1
"Dunard Walk",1
"Dunbar St",2
"Dundaniel Road",1
"Dundanion Ct",2
"Dundanion Rd",2
"Dunluce Road",1
"Dunmahon",2
"Dunmanus Road",1
"Dunne Street",1
"Dunseverick Road",1
"Dunsink Avenue",1
"Dunsink Drive",1
"Dunsink Green",1
"Dunsink Road",1
"Dunvale Cres",2
"Dunvale Dr",2
"Dunvale Grove",2
"Dunville Avenue",1
"Dunville Cres",2
"Durham Road",1
"Durrow Road",1
"Dyke Parade",2
"Eagle Valley",2
"Earlsfort Terrace",1
"Earl Street North",1
"Earl Street South",1
"Eason's Ave",2
"East Ave",2
"Eastmoreland Lane",1
"East Road",1
"East Wall Road",1
"Eaton Road",1
"Ebenezer Terrace",1
"Eccles Street",1
"Echlin Street",1
"Eden Ct",2
"Eden Grove",2
"Edenmore Avenue",1
"Edenmore Crescent",1
"Edenmore Drive",1
"Edenmore Green",1
"Edenmore Grove",1
"Eden Quay",1
"Eden Terrace",1
"Edenvale Road",1
"Edgewood",2
"Edward Walsh Rd",2
"Effra Road",1
"Eglinton Road",1
"Eglinton St",2
"Eglinton Terrace",1
"Elbow Ln",2
"Elden",2
"Elderwood Dr",2
"Elgin Road",1
"Elizabeth Street",1
"Ellesmere Avenue",1
"Ellis Quay",1
"Elm Bank",2
"Elm Cl",2
"Elm Ct",2
"Elmdale Close",1
"Elmdale Crescent",1
"Elmdale Drive",1
"Elm Dr",2
"Elm Grove",2
"Elmhurst Mews",2
"Elm Mount Avenue",1
"Elm Mount Close",1
"Elm Mount Crescent",1
"Elm Mount Drive",1
"Elm Mount Grove",1
"Elm Mount Heights",1
"Elm Mount Rise",1
"Elm Mount Road",1
"Elm Mount View",1
"Elm Rd",2
"Elm Road",1
"Elmwood Avenue Lower",1
"Elmwood Avenue Upper",1
"Elmwood Grove",2
"Elton Drive",1
"Elton Walk",1
"Emerald Street",1
"Emerald Terrace",1
"Emmet Road",1
"Emmet Street",1
"Emmett Pl",2
"Emor Street",1
"Emorville Avenue",1
"Enaville Avenue",1
"Enaville Road",1
"Ennafort Avenue",1
"Ennafort Drive",1
"Ennafort Grove",1
"Ennafort Road",1
"Ennel Avenue",1
"Ennel Drive",1
"Ennis Grove",1
"Enniskerry Road",1
"Erne Street Lower",1
"Erne Street Upper",1
"Erne Terrace Front",1
"Erne Terrace Rere",1
"Errigal Heights",2
"Errigal Road",1
"Erris Road",1
"Esmond Avenue",1
"Esposito Road",1
"Essex Quay",1
"Essex Street East",1
"Essex Street West",1
"Estuary Ct",2
"Eugene Dr",2
"Eugene Street",1
"Eustace Street",1
"Evergreen Ct",2
"Evergreen Rd",2
"Evergreen St",2
"Everton Avenue",1
"E View Terrace",2
"Exchange Street Lower",1
"Exchange Street Upper",1
"Exchequer Street",1
"Fade Street",1
"Fair St",2
"Fairview",1
"Fairview Avenue Lower",1
"Fairview Avenue Upper",1
"Fairview Green",1
"Fairview Passage",1
"Fairview Strand",1
"Fairview Terrace",1
"Fairways Avenue",1
"Fairways Green",1
"Fairways Grove",1
"Faith Avenue",1
"Falcarragh Road",1
"Farnham Crescent",1
"Farnham Drive",1
"Farnmore",2
"Farran Cleary Pl",2
"Farranferris Ave",2
"Farranferris Green",2
"Farranferris Pl",2
"Farranlea Grove",2
"Farranlea Rd",2
"Farren St",2
"Fassaugh Avenue",1
"Fassaugh Road",1
"Father Dominic Pl",2
"Father Dominic Rd",2
"Father Mathew Quay",2
"Father Mathew Rd",2
"Father Mathew St",2
"Father O'Flynn Pl",2
"Faughart Road",1
"Fenian Street",1
"Ferguson Road",1
"Fergus Road",1
"Ferncliffe",2
"Ferndale Avenue",1
"Ferndale Road",1
"Ferney Cl",2
"Ferney Cres",2
"Ferney Grove",2
"Ferney Pl",2
"Ferney Rd",2
"Fernhurst Pl",2
"Ferns Road",1
"Fernvale Drive",1
"Fernwood Cres",2
"Ferrard Road",1
"Fertullagh Road",1
"Findlater Street",1
"Fingal Street",1
"Finglas Road",1
"Finglas Road Old",1
"Finglaswood Road",1
"Finn Street",1
"Firgrove Cres",2
"Firgrove Dr",2
"Firmount Ave",2
"First Avenue",1
"Fishamble Street",1
"Fitton ST E",2
"Fitzgerald Pl",2
"Fitzgerald Street",1
"Fitzgibbon Lane",1
"Fitzgibbon Street",1
"Fitzmaurice Road",1
"Fitzroy Avenue",1
"Fitzwilliam Lane",1
"Fitzwilliam Quay",1
"Fitzwilliam Street",1
"Fitzwilliam Street Lower",1
"Fitzwilliam Street Upper",1
"Flaherty's Ln",2
"Fleet Street",1
"Fleming Road",1
"Florence Street",1
"Foley Street",1
"Fontenoy Street",1
"Forbes Lane",1
"Forbes Street",1
"Forth Road",1
"Fort St",2
"Fortview Avenue",1
"Foster Terrace",1
"Fothair Na Darach",2
"Fourth Avenue",1
"Fownes Street Lower",1
"Fownes Street Upper",1
"Foxford Ave",2
"Fox’s Lane",1
"Foxwood",2
"Foxwood Dr",2
"Foyle Ave",2
"Foyle Road",1
"Francis St",2
"Francis Street",1
"Frankfort Avenue",1
"Frederick Lane North",1
"Frederick Street North",1
"Frederick Street South",1
"Fremont Dr",2
"Frenchman’s Lane",1
"Friars Avenue",2
"Friars Rd",2
"Friar St",2
"Friars Walk Mews",2
"Friary Avenue",1
"Friary Grove",1
"Fullers Rd",2
"Fumbally Lane",1
"Gables",1
"Gaelic Street",1
"Gallanstown Green",1
"Gallanstown Lane",1
"Gallaun Road",1
"Galmoy Road",1
"Galtymore Close",1
"Galtymore Drive",1
"Galtymore Road",1
"GalwaDouglas Ey's Ln",2
"Gaol Walk",2
"Gardiner Lane",1
"Gardiner Row",1
"Gardiner Street Lower",1
"Gardiner Street Middle",1
"Gardiner Street Upper",1
"Garrynure",1
"Garryowen Road",1
"Gartan Avenue",1
"Garville Avenue",1
"Garville Avenue Upper",1
"Garville Drive",1
"Garville Lane",1
"Garville Mews",1
"Garville Road",1
"Gate Lodge",2
"Geaneys Boreen",2
"Geoffrey Keating Road",1
"George’s Dock",1
"George’s Lane",1
"George’s Quay",1
"George’s Road",1
"George’s Wharf",1
"Gerald Griffin Ave",2
"Gerald Griffin St",2
"Geraldine Mews",2
"Geraldine Pl",2
"Geraldine Street",1
"Gerald Street",1
"Gilbert Road",1
"Gilford Avenue",1
"Gilford Drive",1
"Gilford Road",1
"Gilford Terrace",1
"Gillabbey St",2
"Gillabbey Terrace",2
"Glandore Ave",2
"Glandore Road",1
"Glasanaon Road",1
"Glasaree Road",1
"Glasheen Rd",2
"Glasmeen Road",1
"Glasnamana Road",1
"Glasnevin Avenue",1
"Glasnevin Downs",1
"Glasnevin Drive",1
"Glasnevin Oaks",1
"Glasnevin Woods",1
"Glebe View",1
"Glenaan Road",1
"Glenanaar",2
"Glenard Avenue",1
"Glenarm Avenue",1
"Glenarriff Road",1
"Glenaulin",1
"Glenaulin Drive",1
"Glen Ave",2
"Glenavon Cres",2
"Glenayle Road",1
"Glenayr Road",1
"Glenbeigh Road",1
"Glenbrook Road",1
"Glencar Road",1
"Glencloy Road",1
"Glencorp Road",1
"Glencree Cres",2
"Glencurrig",2
"Glendale Ave",2
"Glendale Dr",2
"Glendale Grove",2
"Glendale Rd",2
"Glendale Walk",2
"Glendalough Road",1
"Glendhu Road",1
"Glendun Road",1
"Glenealy Road",1
"Glenfarne Road",1
"Glengarriff Crescent",1
"Glengarriff Parade",1
"Glengarriff Rd",2
"Glenheights Rd",2
"Glenmore Road",1
"Glenmount Ave",2
"Glenryan Mews",2
"Glen Ryan Rd",2
"Glenshesk Road",1
"Glenside",2
"Glenthorn Dr",2
"Glenthorn Mews",2
"Glenthorn Rd",2
"Glenthorn Way",2
"Glenties Drive",1
"Glentow Road",1
"Glentrasna Ave",2
"Glentrasna Cres",2
"Glentrasna Ct",2
"Glentrasna Dr",2
"Glenview",2
"Glen View",2
"Glenville St",2
"Glenwood Dr",2
"Glenwood Road",1
"Glin Avenue",1
"Glin Crescent",1
"Glin Drive",1
"Glin Grove",1
"Glin Road",1
"Gloucester Street South",1
"Glover’s Alley",1
"Gofton Hall",1
"Golden Lane",1
"Goldsmith's Ave",2
"Goldsmith Street",1
"Gordon Street",1
"Gortbeg Avenue",1
"Gortbeg Drive",1
"Gortbeg Road",1
"Gortmore Avenue",1
"Gortmore Drive",1
"Gortmore Road",1
"Gould St",2
"Grafton St",2
"Grafton Street",1
"Granary Hall",2
"Granby Lane",1
"Granby Row",1
"Grand Canal Harbour",1
"Grand Canal Quay",1
"Grand Canal Street Lower",1
"Grand Canal Street Upper",1
"Grand Parade",3
"Grange Abbey Crescent",1
"Grange Abbey Drive",1
"Grange Abbey Grove",1
"Grange Ave",2
"Grange Erin",2
"Grangegorman Lower",1
"Grangegorman Upper",1
"Grange Mews",2
"Grangemore Avenue",1
"Grangemore Crescent",1
"Grangemore Drive",1
"Grangemore Grove",1
"Grangemore Rise",1
"Grangemore Road",1
"Grange Road",1
"Grange Terrace",2
"Grangevale",2
"Grange Vale Ct",2
"Grange Way",2
"Granite Terrace",1
"Grantham Street",1
"Grant’s Row",1
"Grattan Crescent",1
"Grattan Lodge",1
"Grattan Parade",1
"Grattan St",2
"Grattan Street",1
"Gray Street",1
"Great Western Avenue",1
"Great William O'Brien St",2
"Greek Street",1
"Green",1
"Greencastle Avenue",1
"Greencastle Crescent",1
"Greencastle Drive",1
"Greencastle Parade",1
"Greencastle Road",1
"Greendale Avenue",1
"Greendale Rd",2
"Greendale Road",1
"Greenlea Avenue",1
"Greenlea Drive",1
"Greenlea Grove",1
"Greenlea Road",1
"Greenlodge",2
"Greenmount",2
"Greenmount Ave",2
"Greenmount Avenue",1
"Greenmount Cres",2
"Greenmount Lane",1
"Greenmount Road",1
"Greenore Terrace",1
"Green St",2
"Green Street",1
"Green Street East",1
"Greenvalley Mews",2
"Green View",2
"Greenville Avenue",1
"Greenville Parade",1
"Greenville Terrace",1
"Greenwood Avenue",1
"Greenwood Close",1
"Greenwood Drive",1
"Greenwood Walk",1
"Greenwood Way",1
"Gregg Rd",2
"Grenville Lane",1
"Grenville St",2
"Grenville Street",1
"Griffith Avenue",1
"Griffith Close",1
"Griffith Downs",1
"Griffith Drive",1
"Griffith Parade",1
"Griffith Road",1
"Griffith Walk",1
"Grosvenor Lane",1
"Grosvenor Lodge",1
"Grosvenor Pl",2
"Grosvenor Road",1
"Grove",1
"Grove Avenue",1
"Grove Lane",1
"Grove Road",1
"Grove Wood",1
"Gulistan Terrace",1
"Gurranebraher Ave",2
"Gurranebraher Rd",2
"Gurteen Avenue",1
"Gurteen Road",1
"Gweedore Ave",2
"Haddington Road",1
"Haddington Way West",1
"Haddon Road",1
"Halcon Dr",2
"Half Moon Ln",2
"Half Moon St",2
"Halldene Ave",2
"Halldene Drive",2
"Halldene Grove",2
"Halldene Way",2
"Halliday Road",1
"Halpins Row",1
"Halston Street",1
"Hamilton Street",1
"Hammond Lane",1
"Hammond Street",1
"Hampstead Avenue",1
"Hampton Green",1
"Hanbury Lane",1
"Hanover Lane",1
"Hanover Pl",2
"Hanover Quay",1
"Hanover St",2
"Hanover Street East",1
"Hanover Street West",1
"Harbour View Rd",2
"Hardebeck Avenue",1
"Hardiman Road",1
"Hardwicke Street",1
"Hardwick St",2
"Harleys Street",2
"Harley Wood",2
"Harman Street",1
"Harmonstown Road",1
"Harmony Avenue",1
"Harmony Row",1
"Harold Road",1
"Harold’s Cross Road",1
"Haroldville Avenue",1
"Harrington Row",2
"Harrington Street",1
"Harrison Row",1
"Harry Street",1
"Hartland's Ave",2
"Hartland's Rd",2
"Harty Avenue",1
"Hastings Street",1
"Hatch Lane",1
"Hatch Street Lower",1
"Hatch Street Upper",1
"Hattons Alley Ln",2
"Havelock Terrace",1
"Haven",1
"Haverty Road",1
"Hawke's Rd",2
"Hawkins Street",1
"Hawthorn Avenue",1
"Hawthorn Mews",2
"Hawthorn Terrace",1
"Hazelbrook Drive",1
"Hazelbrook Road",1
"Hazelcroft Road",1
"Hazeldene",1
"Hazel Lane",1
"Hazel Rd",2
"Hazel Road",1
"Hazelville",2
"Hazelwood Drive",1
"Hazelwood Grove",1
"Hazlewood Grove",2
"Healy Street",1
"Heaney Avenue",1
"Heatherton",2
"Heather Walk",2
"Hendrick Street",1
"Henrietta Lane",1
"Henrietta Street",1
"Henry St",2
"Henry Street",1
"Herbert Avenue",1
"Herbert Lane",1
"Herberton Drive",1
"Herberton Road",1
"Herbert Road",1
"Herbert Street",1
"Hewardine Terrace",1
"Heyland's Ln",2
"Heytesbury Lane",1
"Heytesbury Street",1
"Hibernian Avenue",1
"Hibernian Rd",2
"High St",2
"High Street",1
"Hogan Avenue",1
"Holders Ln",2
"Hole In The Wall Road",1
"Holles Row",1
"Holles Street",1
"Hollybank Avenue Lower",1
"Hollybank Avenue Upper",1
"Hollybank Road",1
"Hollybrook",1
"Hollybrook Grove",1
"Hollybrook Road",1
"Hollygarth",2
"Holly Road",1
"Hollyville",2
"Holy Cross Avenue",1
"Holywell Avenue",1
"Holywell Crescent",1
"Holywell Road",1
"Honh Redmond St",2
"Hope Avenue",1
"Hope Street",1
"Horgan's Quay",2
"Howard Street",1
"Howth Road",1
"Huband Road",1
"Huggardsland",2
"Hughes Road East",1
"Hughes Road North",1
"Hughes Road South",1
"Hume Avenue",1
"Hume Street",1
"Hunters Vale",2
"Hunters Way",2
"Huxley Crescent",1
"Hyacinth Street",1
"Ilen Ct",2
"Imaal Ct",2
"Imaal Road",1
"Inagh Road",1
"Inchicore Parade",1
"Inchicore Road",1
"Inchicore Terrace North",1
"Inchicore Terrace South",1
"Inchvale Ave",2
"Inchvale Cl",2
"Inchvale Dr",2
"Inchvale Rd",2
"Industry Pl",2
"Industry St",2
"Infirmary Road",1
"Ingram Road",1
"Inis Eoghin",2
"Inishmaan Road",1
"Inniscarra Rd",2
"Innisfallen Parade",1
"Innishannon Rd",2
"Innismore",1
"Inns Quay",1
"Invermore Grove",1
"Inverness Road",1
"Inver Road",1
"Iona Crescent",1
"Iona Drive",1
"Iona Green",2
"Iona Pl",2
"Iona Rd",2
"Iona Road",1
"Irishtown Road",1
"Irvine Terrace",1
"Irwin Street",1
"Island Street",1
"Island View",3
"Isolda Road",1
"Ivar Street",1
"Iveleary Road",1
"Iveragh Road",1
"Ivy Cres",2
"Ivy Terrace",1
"James Connolly Pl",2
"James Larkin Road",1
"Jamesmont",2
"James’s Street",1
"James’s Street North",1
"James St",2
"Jamestown Avenue",1
"Jamestown Road",1
"Janeville",3
"Jervis Lane Upper",1
"Jervis Street",1
"Joe Murphy Rd",2
"John Dillon Street",1
"John McCormack Avenue",1
"John Philpott-Curran St",2
"John Redmond St",2
"John’s Lane West",1
"John Street",1
"John Street North",1
"John Street South",1
"Jones’s Road",1
"Josephine Avenue",1
"Joshua Lane",1
"Joyce Road",1
"Joyce Way",1
"Joy Street",1
"Kearney's Ave",2
"Keeffe St",2
"Keeper Road",1
"Kells Road",1
"Kellys Row",1
"Kempton Avenue",1
"Kempton Green",1
"Kempton Grove",1
"Kempton Heath",1
"Kempton Rise",1
"Kempton View",1
"Kempton Way",1
"Kenilworth Lane",1
"Kenilworth Road",1
"Kenley",2
"Kenley Ave",2
"Kenley Cir",2
"Kenley Cl",2
"Kenley Cres",2
"Kenley Dr",2
"Kenley Rd",2
"Kenmare Parade",1
"Kennedy Quay",2
"Kent Rd",2
"Kerlogue Road",1
"Kerryhall RD",2
"Kerry Rd",2
"Kevin Street Cross",1
"Kevin Street Lower",1
"Kevin Street Upper",1
"Kickham Road",1
"Kilbarrack Avenue",1
"Kilbarrack Grove",1
"Kilbarrack Road",1
"Kilbarron Avenue",1
"Kilbarron Drive",1
"Kilbarron Road",1
"Kilbarry Pl",2
"Kilbarry View",2
"Kilbrack Grove",2
"Kilbride Road",1
"Kilbrody",2
"Kilcoole",2
"Kildare Road",1
"Kildare Street",1
"Kildonan Avenue",1
"Kildonan Drive",1
"Kildonan Road",1
"Kilfenora Drive",1
"Kilfenora Road",1
"Kilkieran Cl",2
"Kilkieran Road",1
"Killala Road",1
"Killan Road",1
"Killarney Avenue",1
"Killarney Parade",1
"Killarney Street",1
"Killary Grove",1
"Killeenreendowney Ave",2
"Killeen Road",1
"Killeen's Green",2
"Killeen's Pl",2
"Killester Avenue",1
"Killiney Heights",2
"Killiney Way",2
"Kilmainham Lane",1
"Kilmore Avenue",1
"Kilmore Close",1
"Kilmore Crescent",1
"Kilmore Drive",1
"Kilmore Heights",2
"Kilmore Rd",2
"Kilmore Road",1
"Kilmorna Heights",2
"Kilmoroney Close",1
"Kilnamanagh Road",1
"kilnap Green",2
"Kilnap Pl",2
"Kilshane Road",1
"Kilworth Road",1
"Kimmage Grove",1
"Kimmage Road Lower",1
"Kimmage Road West",1
"Kinahan Street",1
"Kincora Avenue",1
"Kincora Drive",1
"Kincora Grove",1
"Kincora Road",1
"Kings Avenue",1
"King’s Inns Street",1
"Kingsland Parade",1
"Kingslea",2
"King Street North",1
"King Street South",1
"Kinsale Rd",2
"Kinvara Ave",2
"Kinvara Avenue",1
"Kinvara Cl",2
"Kinvara Dr",2
"Kinvara Drive",1
"Kinvara Grove",1
"Kinvara Road",1
"Kirwan Street",1
"Knights Ct",2
"Knockfree Ave",2
"Knocknaheeny Ave",2
"Knocknarea Avenue",1
"Knocknarea Road",1
"Knockpogue Ave",2
"Knockrea Dr",2
"Knockrea Mews",2
"Kyleclare Road",1
"Kylemore Avenue",1
"Kylemore Drive",1
"Kylemore Grove",1
"Kylemore Road",1
"Kyle St",2
"Kyrl's Quay",2
"Kyrl's Street",2
"L2472",2
"L2474",2
"L2980",2
"Laburnum Dr",2
"Laburnum Grove",2
"Lad Lane",1
"Lad Lane Upper",1
"Lady’s Lane",1
"Lagan Grove",2
"Lagan Road",1
"Lally Road",1
"Lamb Alley",1
"Lambay Road",1
"Landen Road",1
"Landsborough Ave",2
"Landsborough Ct",2
"Lansdowne Ct",2
"Lansdowne Hall",1
"Lansdowne Lane",1
"Lansdowne Road",1
"Lansdowne Valley",1
"Lapp's Ct",2
"Lapp's Quay",2
"Laragh Close",1
"Laragh Grove",1
"Larch Grove",1
"La Touche Drive",1
"La Touche Road",1
"Laundry Lane",1
"Laurel Bank",2
"Laurel Ct",2
"Laurel Grove",2
"Laurel Ln",2
"Laurel Ridge",2
"Laurels",1
"Laurelton",1
"Laurence Brook",1
"Lavarna Grove",1
"Lavarna Road",1
"Lavery Avenue",1
"La Vista Avenue",1
"Lavitt's Quay",2
"Lawrence Grove",1
"Lea Crescent",1
"Leafdale",2
"Leahy’s Terrace",1
"Leamlara Cl",2
"Lea Road",1
"Leary's Pl",2
"Lee Rd",2
"Lee Road",1
"Leesdale",2
"Leeson Close",1
"Leeson Lane",1
"Leeson Street Lower",1
"Leeson Street Upper",1
"Leewiew Terrace",2
"Le Fanu Drive",1
"Le Fanu Road",1
"Leicester Avenue",1
"Leighlin Road",1
"Lein Road",1
"Leinster Avenue",1
"Leinster Lane",1
"Leinster Road",1
"Leinster Road West",1
"Leinster Street East",1
"Leinster Street North",1
"Leinster Street South",1
"Leitrim St",2
"Leix Road",1
"Lemon Street",1
"Lennox Street",1
"Lennox Terrace",1
"Leo Avenue",1
"Leo Street",1
"Leukos Road",1
"Le Vere Terrace",1
"Leycester's Ln",2
"Liam Healy Rd",2
"Lian Healy Rd",2
"Liberty Lane",1
"Liberty St",2
"Liffey Street Lower",1
"Liffey Street South",1
"Liffey Street Upper",1
"Liffey Street West",1
"Limekiln Lane",1
"Limes Ave",2
"Lime Street",1
"Lime Trees Rd E",2
"Limewood Avenue",1
"Limewood Grove",2
"Limewood Road",1
"Linaro Ave",2
"Lincoln Lane",1
"Linden Ave",2
"Lindsay Grove",1
"Lindsay Road",1
"Lindville",2
"Linenhall Parade",1
"Linenhall Street",1
"Linenhall Terrace",1
"Link Rd",2
"Liosard",2
"Lios Rd",2
"Lisburn Street",1
"Liscannor Road",1
"Lislee Rd",2
"Lisle Road",1
"Lismore Road",1
"Lisnalee Dr",2
"Lissadel Avenue",1
"Lissadel Drive",1
"Lissadel Green",1
"Lissadell",2
"Lissadel Road",1
"Little Britain Street",1
"Little Cross St",2
"Little Green Street",1
"Little Hanover St",2
"Little William St",2
"Litton Lane",1
"Lloyd's Ln",2
"Loftus Lane",1
"Lombard Street East",1
"Lombard Street West",1
"Lomond Avenue",1
"Longford Lane",1
"Long Lane",1
"Long Mile Road",1
"Long Shore Dr",2
"Longwood Avenue",1
"Lorcan Avenue",1
"Lorcan Crescent",1
"Lorcan Drive",1
"Lorcan Green",1
"Lorcan Grove",1
"Lorcan Road",1
"Lord Edward Street",1
"Lords’ Walk",1
"Loreto Road",1
"Lorne Terrace",1
"Lotabeg Green",2
"Lotabeg Terrace",2
"Lotamore Ave",2
"Lotamore Cl",2
"Lotamore Cres",2
"Lotamore Dr",2
"Lotamore Grove",2
"Lough Conn Avenue",1
"Lough Conn Drive",1
"Lough Conn Road",1
"Lough Conn Terrace",1
"Lough Derg Road",1
"Loughmahon Ave",2
"Loughmahon Cl",2
"Loughmahon Dr",2
"Loughmahon Rd",2
"Lough Rd",2
"Lough View Terrace",2
"Lourdes Road",1
"Love Lane East",1
"Lover's Walk",2
"Lower Barrack View",2
"Lower Friars Walk",2
"Lower Glanmire Rd",2
"Lower Glen Road",1
"Lower John St",2
"Lower Kensington",2
"Lower Oliver Plunkett St",2
"Lower Pouladuff Rd",2
"Lower View Ville",2
"Luby Road",1
"Lucan Road Old",1
"Luke Street",1
"Lullymore Terrace",1
"Lurgan Street",1
"Lynbrook",2
"Lynch’s Lane",1
"Lynch's St",2
"Lyndon Gate",1
"Mabbot Lane",1
"Mabel Street",1
"MacCurtain Street",2
"Macken Street",1
"Macroom Avenue",1
"Macroom Road",1
"Madden Road",1
"Madison Road",1
"Magazine Rd",2
"Magenta Crescent",1
"Magenta Hall",1
"Maglin Grove",2
"Mahon Ave",2
"Mahon Dr",2
"Mahon Drive",2
"Mahony's Ave",2
"Mahony's Terrace",2
"Maiden Row",1
"Main Street",1
"Maiville Terrace",2
"Malachi Road",1
"Malahide Road",1
"Malpas Street",1
"Malpas Terrace",1
"Mander’s Terrace",1
"Mangerton Cl",2
"Mangerton Road",1
"Mannix Road",1
"Manor Ave",2
"Manor Cir",2
"Manor Cl",2
"Manor Cres",2
"Manor Dene",2
"Manor Downs",2
"Manor Dr",2
"Manor Drive",1
"Manor Grove",2
"Manor OrchaRD",2
"Manor Rd",2
"Manor Rise",2
"Manor Street",1
"Mans Ln",2
"Maolbuille Road",1
"Maple Ct",2
"Maple Drive",1
"Maple Pl",2
"Marble Hall Close",2
"Mardyke St",2
"Mardyke Walk",2
"Margaret St",2
"Marguerite Road",1
"Marian Walk",2
"Marie Ville",2
"Marigold Avenue",1
"Marigold Grove",1
"Marigold Road",1
"Marina Terrace",2
"Marina Walk",2
"Marine Drive",1
"Marino Avenue",1
"Marino Crescent",1
"Marino Green",1
"Marino Mart",1
"Market Ln",2
"Market Street South",1
"Markland Woods",2
"Mark’s Alley West",1
"Mark’s Lane",1
"Mark Street",1
"Marlboro St",2
"Marlborough Road",1
"Marlborough Street",1
"Marrowbone Lane",1
"Marrowbone Lane Close",1
"Marshal Lane",1
"Martello Mews",1
"Martello View",1
"Martello Wood",1
"Martin Grove",1
"Martin’s Row",1
"Martin Street",1
"Mary Aikenhead Pl",2
"Maryborough Ave",2
"Maryborough Ct",2
"Maryborough Downs",2
"Maryborough Heights",2
"Mary’s Abbey",1
"Mary’s Lane",1
"Mary St",2
"Mary Street",1
"Mary Street Little",1
"Maryville",2
"Maryville Road",1
"Mask Avenue",1
"Mask Crescent",1
"Mask Drive",1
"Mask Green",1
"Mask Road",1
"Maxwell Lane",1
"Maxwell Road",1
"Maxwell Street",1
"May Lane",1
"Maylor St",2
"Maymount",2
"Mayor Street Lower",1
"Mayor Street Upper",1
"May Street",1
"Maywood Avenue",1
"Maywood Close",1
"Maywood Crescent",1
"Maywood Drive",1
"Maywood Grove",1
"McAuley Avenue",1
"McAuley Drive",1
"McAuley Road",1
"McDermott Pl",2
"McDonagh Rd",2
"McDowell Avenue",1
"McKee Avenue",1
"McKee Road",1
"McKelvey Avenue",1
"McKelvey Road",1
"McMahon Street",1
"McMorrough Road",1
"Meade St",2
"Meade’s Terrace",1
"Meadow Ave",2
"Meadow Bank",1
"Meadow Cl",2
"Meadow Cres",2
"Meadow Dr",2
"Meadow Green",2
"Meadow Grove",2
"Meadow Rise",2
"Meadows",1
"Meadow View",1
"Meadow Walk",2
"Meath Street",1
"Meetinghouse Lane",1
"Melbourn Ave",2
"Melbourne Cl",2
"Melbourne Ct",2
"Melbourne Mews",2
"Melbourn Rd",2
"Mellowes Avenue",1
"Mellowes Crescent",1
"Mellowes Road",1
"Melrose Avenue",1
"Melvin Road",1
"Memorial Road",1
"Mercer Street Lower",1
"Mercer Street Upper",1
"Merchants Arch",1
"Merchant's Quay",2
"Merchants Quay",1
"Merchants Road",1
"Merchant St",2
"Merlyn Drive",1
"Merlyn Road",1
"Merrion Close",1
"Merrion Ct",2
"Merrion Road",1
"Merrion Row",1
"Merrion Strand",1
"Merrion Street",1
"Merrion Street Upper",1
"Merrion View Avenue",1
"Merry Bush",1
"Merton Avenue",1
"Merton Drive",1
"Merton Road",1
"Merville Avenue",1
"Mervue Cres",2
"Mespil Road",1
"Mews",1
"Mick Barry Rd",2
"Middle Glanmire Rd",2
"Middle Third",1
"Mile Ave",2
"Military Rd",2
"Military Road",1
"Millbourne Avenue",1
"Millbrook Avenue",1
"Millbrook Drive",1
"Millbrook Grove",1
"Millbrook Road",1
"Millbrook Terrace",1
"Millerd St",2
"Millmount Avenue",1
"Millmount Terrace",1
"Mill Rd",2
"Mill Street",1
"Milltown Path",1
"Milltown Road",1
"Moat Lane",1
"Moatview Avenue",1
"Moatview Drive",1
"Moatview Terrace",1
"Moeran Road",1
"Molesworth Street",1
"Molyneux Yard",1
"Monahan Rd",2
"Monasterboice Road",1
"Monastery Ave",2
"Monastery Cl",2
"Monastery Green",2
"Monastery Terrace",2
"Monswood",2
"Montague Lane",1
"Montague Street",1
"Montenotte Grove",2
"Montenotte Rd",2
"Montepellier Rd",2
"Montpelier Drive",1
"Montrose Avenue",1
"Montrose Close",1
"Montrose Crescent",1
"Montrose Drive",1
"Montrose Grove",1
"Moore Lane",1
"Moore St",2
"Moore Street",1
"Moorings",1
"Morehampton Lane",1
"Morehampton Road",1
"Morehampton Terrace",1
"Morgan St",2
"Morning Star Avenue",1
"Morning Star Road",1
"Mornington Grove",1
"Mornington Road",1
"Morrison's Quay",2
"Morroch Terrace",1
"Moss Ln",2
"Moss Street",1
"Mount Agnes Rd",2
"Mount Argus Avenue",1
"Mount Argus Close",1
"Mount Argus Crescent",1
"Mount Argus Green",1
"Mount Argus Grove",1
"Mount Argus Road",1
"Mount Argus Terrace",1
"Mount Argus View",1
"Mount Argus Way",1
"Mount Brosna",2
"Mount Brown",1
"Mount Carmenl Rd",2
"Mount Drummond Avenue",1
"Mount Eden",2
"Mount Eden Rd",2
"Mount Eden Road",1
"Mount Farran",2
"Mountjoy Parade",1
"Mountjoy Street",1
"Mountjoy Street Middle",1
"Mount Nebo Ave",2
"Mount Olive Grove",1
"Mount Olive Road",1
"Mount Ove",2
"Mount Pleasant Ave",2
"Mountpleasant Avenue Lower",1
"Mount Pleasant Avenue Upper",1
"Mountpleasant Parade",1
"Mount Pleasant Rd",2
"Mountpleasant Terrace",1
"Mountpleasant Terrace Upper",1
"Mount Prospect",2
"Mount Prospect Avenue",1
"Mount Prospect Drive",1
"Mount Prospect Grove",1
"Mount Saint Annes",1
"Mount Sandford",1
"Mountshannon Road",1
"Mount Sion Rd",2
"Mount St Joseph's Ave",2
"Mount St Joseph's Cl",2
"Mount St Joseph's Dr",2
"Mount Street Crescent",1
"Mount Street Lower",1
"Mount Street Upper",1
"Mount Tallant Avenue",1
"Mount Temple Road",1
"Mount Vernon Cres",2
"Mount Vernon Terrace",2
"Mourne Ave",2
"Mourne Road",1
"Moycullen Road",1
"Moy Elta Road",1
"Moylan's Ln",2
"Moyle Road",1
"Moyne Road",1
"Muckross Parade",1
"Mulberry",2
"Mulbery Heights",2
"Mulgrave Pl",2
"Mulgrave Rd",2
"Mullinahack",1
"Mulroy Road",1
"Munster Street",1
"Murmont Ave",2
"Murmont Cir",2
"Murmont Cl",2
"Murmont Cres",2
"Murmont Ct",2
"Murmont Dr",2
"Murmont Grove",2
"Murmont Rd",2
"Murtagh Road",1
"Muskerry Road",1
"Mutton Ln",2
"Myra Close",1
"Myrtle Street",1
"Naas Road",1
"N Abbey St",2
"Nanikin Avenue",1
"Nash's Bank View",2
"Nash's Boreen",2
"Nash Street",1
"Nassau Street",1
"Navan Road",1
"Neagh Road",1
"Needham Pl",2
"Nelson Street",1
"Nephin Road",1
"Neville Road",1
"Newbrook Avenue",1
"Newbrook Road",1
"Newbury Avenue",1
"Newbury Drive",1
"Newbury Grove",1
"Newbury Heights",1
"Newbury Terrace",1
"Newcomen Avenue",1
"Newenham Dr",2
"Newgrange Road",1
"Newgrove Avenue",1
"Newlyn Vale",2
"Newmarket Street",2
"New Rd",2
"New Road",1
"New Row",1
"New Row South",1
"New Street North",1
"New Street South",1
"Newtown and Coolock",1
"Newtown Drive",1
"New Wapping Street",1
"Niall Street",1
"Nicholas Avenue",1
"Nicholas St",2
"Nicholas Street",1
"Nicholas Well Lane",2
"N Main St",2
"N Monastery Rd",2
"Noonan Rd",2
"Nore Road",1
"Norfolk Road",1
"North Ave",2
"Northbrook Avenue",1
"Northbrook Avenue Lower",1
"Northbrook Avenue Upper",1
"Northbrook Lane",1
"Northbrook Road",1
"Northbrook Terrace",1
"Northbrook Walk",1
"North Bull Island",1
"North Circular Road",1
"North Great Clarence Street",1
"North Great George’s Street",1
"Northland Drive",1
"Northland Grove",1
"North Lotts",1
"North Road",1
"North Strand Road",1
"Northumberland Road",1
"North Wall Quay",1
"Norton’s Avenue",1
"Norwood Ct",2
"Nottingham Street",1
"N Ring Rd",2
"Nunciature Road",1
"Nuns Walk",2
"Nursery Dr",2
"Nursery Lane",2
"Nutgrove Mews",2
"Nutley Ave",2
"Nutley Avenue",1
"Nutley Lane",1
"Nutley Rd",2
"Nutley Road",1
"Oak Apple Green",1
"Oakdale",2
"Oakdene",2
"Oaklands Crescent",1
"Oaklands Drive",1
"Oaklands Terrace",1
"Oakley Road",1
"Oak Road",1
"Oaks",1
"Oakview",2
"Oakview Dr",2
"Oakville Dr",2
"Oakwood Avenue",1
"Oakwood Close",1
"Oakwood Road",1
"Oblate Drive",1
"O’Brien Road",1
"O’Brien’s Terrace",1
"Observatory Lane",1
"o'Callaghan's Pl",2
"O’Carolan Road",1
"O’Casey Avenue",1
"Ocean Pier",1
"O'Connell Ave",2
"O’Connell Avenue",1
"O'Connell Cres",2
"O'Connell Pl",2
"O'Connell St",2
"O’Connell Street Lower",1
"O’Connell Street Upper",1
"O'Connor Ville",2
"O’Curry Avenue",1
"O’Curry Road",1
"O’Daly Road",1
"Odd Lamp Road",1
"O’Donoghue Street",1
"O’Donovan Road",1
"O'Donovan Rossa Rd",2
"O’Dwyer Road",1
"Offaly Road",1
"O'Growney Cres",2
"O’Hara Avenue",1
"O’Hogan Road",1
"Olaf Road",1
"Old Blackrock Road",2
"Old Cabra Road",1
"Old Cliffe",2
"Old County Glen",1
"Old County Road",1
"Old Friary Pl",2
"Old Kilmainham",1
"Old Mountpleasant",1
"Old Naas Road",1
"Oldtown Avenue",1
"Oldtown Road",1
"Old Youghal Rd",2
"O’Leary Road",1
"Oliver Bond Street",1
"Oliver Plunkett Avenue",1
"Oliver Plunkett St",2
"Olney Crescent",1
"Olney Grove",1
"O’Moore Road",1
"O’Neachtain Road",1
"Ontario Terrace",1
"Opera Ln",2
"O’Quinn Avenue",1
"Oranmore Close",1
"Oranmore Road",1
"Orchard",1
"Orchard Cl",2
"Orchard Ct",2
"Orchard Dr",2
"Orchard Lane",1
"Orchard Rd",2
"Orchard Road",1
"Ordnance Survey Road",1
"O’Reilly Avenue",1
"Oriel Hall",1
"Oriel Street Lower",1
"Oriel Street Upper",1
"Ormeau Street",1
"Ormond Quay Lower",1
"Ormond Quay Upper",1
"Ormond Road",1
"Ormond Road South",1
"Orrery Rd",2
"Orwell Bank",1
"Orwell Mews",1
"Orwell Road",1
"Orwell Woods",1
"Oscar Traynor Road",1
"Ossory Road",1
"O’Sullivan Avenue",1
"Oswald Road",1
"Oulton Road",1
"Our Lady’s Close",1
"Our Lady’s Road",1
"Ovoca Road",1
"Owenabue Cl",2
"Owen’s Avenue",1
"Oxford Road",1
"Oxmantown Lane",1
"Oxmantown Road",1
"Paddock",1
"Paddocks",1
"Pairc Bhaile Na mBocht",2
"Palmbury Oerchard",2
"Palmerston Close",1
"Palmerston Grove",1
"Palmerston Lane",1
"Palmerston Road",1
"Parliament Street",1
"Parnell Avenue",1
"Parnell Pl",2
"Parnell Road",1
"Parnell Street",1
"Partridge Terrace",1
"Patrick Street",1
"Patrick Trahy Rd",2
"Paul St",2
"Paul Street",1
"Pearse Grove",1
"Pearse Pl",2
"Pearse Rd",2
"Pearse Street",1
"Pembroke Lane",1
"Pembroke Road",1
"Pembroke Row",1
"Pembroker St",2
"Pembroke Street",1
"Pembroke Street Lower",1
"Pembroke Street Upper",1
"Penrose Quay",2
"Penrose Street",1
"Percy French Road",1
"Percy Lane",1
"Perrott Ave",2
"Peter Row",1
"Peter's St",2
"Peter Street",1
"Petrie Road",1
"Phibsborough",1
"Phibsborough Avenue",1
"Phibsborough Road",1
"Philipsburgh Avenue",1
"Philipsburgh Terrace",1
"Philomena Terrace",1
"Phoenix Manor",1
"Phoenix St",2
"Phoenix Street North",1
"Phoenix Street West",1
"Pias Parnell",2
"Pigeon House Road",1
"Pig Lane",1
"Pimlico",1
"Pim Street",1
"Pinebrook Avenue",1
"Pinebrook Crescent",1
"Pinebrook Drive",1
"Pinebrook Grove",1
"Pinebrook Rise",1
"Pinebrook Road",1
"Pine Ct",2
"Pine Hurst",1
"Pine Road",1
"Pines",1
"Pine St",2
"Pinewood Avenue",1
"Pinewood Crescent",1
"Pinewood Drive",1
"Pinewood Green",1
"Pinewood Grove",3
"Pleasants Lane",1
"Pleasants Street",1
"Plunkett Avenue",1
"Plunkett Crescent",1
"Plunkett Drive",1
"Plunkett Green",1
"Plunkett Grove",1
"Plunkett Rd",2
"Plunkett Road",1
"Poddle Close",1
"Poddle Green",1
"Polo Road",1
"Poolbeg Street",1
"Poole Street",1
"Popes Quay",2
"Popham's Rd",2
"Poplar Row",1
"Pouladuff Pl",2
"Pouladuff Road",2
"Prebend Street",1
"Presentation Pl",2
"Presentation Rd",2
"Preston Street",1
"Price’s Lane",1
"Primrose Avenue",1
"Primrose Grove",1
"Primrose Street",1
"Prince Arthur Terrace",1
"Prince Of Wales Terrace",1
"Princes St",2
"Prince’s Street South",1
"Priory East",1
"Priory North",1
"Priory Road",1
"Priory West",1
"Promenade Road",1
"Prospect Avenue",1
"Prospect Lane",1
"Prospect Road",1
"Protestant Row",1
"Proud’s Lane",1
"Provost Row",1
"Prussia Street",1
"Pudding Row",1
"Pynes Valley",2
"Quaker Rd",2
"Quarry Ln",2
"Quarry Road",1
"Queen Street",1
"Rafter’s Avenue",1
"Rafter’s Lane",1
"Rafter’s Road",1
"Raglan Lane",1
"Raglan Road",1
"Raheen Drive",1
"Raheny Road",1
"Rainsford Avenue",1
"Rainsford Street",1
"Ramillies Road",1
"Ramleh Close",1
"Rampart Lane",1
"Ranelagh",1
"Ranelagh Avenue",1
"Ranelagh Road",1
"Raphoe Road",1
"Rathcooney Rd",2
"Rathdown Avenue",1
"Rathdown Crescent",1
"Rathdown Drive",1
"Rathdown Road",1
"Rathdrum Road",1
"Rathfarnham Road",1
"Rathgar Avenue",1
"Rathgar Road",1
"Rathlin Road",1
"Rathmines Avenue",1
"Rathmines Close",1
"Rathmines Road Lower",1
"Rathmines Road Upper",1
"Rathmore Rd",2
"Rathmore Terrace",2
"Rathpeacon Rd",2
"Rathvale Avenue",1
"Rathvale Drive",1
"Rathvale Grove",1
"Rathvilly Drive",1
"Rathvilly Road",1
"Ratoath Avenue",1
"Ratoath Drive",1
"Ratoath Road",1
"Ratra Road",1
"Ravensdale Ave",2
"Ravensdale Cl",2
"Ravensdale Close",1
"Ravensdale Drive",1
"Ravensdale Rd",2
"Ravensdale Road",1
"Raymond Street",1
"Rectory Green",1
"Red Abbey St",2
"Red Cow Lane",1
"Redemption Rd",2
"Redforge Rd",2
"Reendowney Pl",2
"Reeves Wood",2
"Reginald Street",1
"Rehoboth Avenue",1
"Reilly’s Avenue",1
"Reuben Avenue",1
"Reuben Street",1
"Rialto Drive",1
"Rialto Street",1
"Ribh Avenue",1
"Ribh Road",1
"Richmond Ave",2
"Richmond Avenue",1
"Richmond Avenue South",1
"Richmond Crescent",1
"Richmond Lane",1
"Richmond Mews",1
"Richmond Parade",1
"Richmond Road",1
"Richmond Row",1
"Richmond Street North",1
"Richmond Street South",1
"Ringcroft Ave",2
"Ringcroft View",2
"Ringmahon Ave",2
"Ringmahon Cl",2
"Ringmahon Rd",2
"Ringsend Road",1
"Ring Street",1
"Ring Terrace",1
"Rinn na Mara",1
"Rise",1
"Robert St",2
"Robert Street",1
"Robert Street South",1
"Rochestown Rd",2
"Rochestown Rise",2
"Rock Borough Rd",2
"Rock Steps",2
"Rockvale",2
"Rockwell Terrace",2
"Roger’s Lane",1
"Roman St",2
"Rope Walk",2
"Rosary Road",1
"Rosary Terrace",1
"Ros Barra",2
"Rose bank",2
"Roseglen Avenue",1
"Roseglen Road",1
"Rosegreen Ave",2
"Rosemount Avenue",1
"Rosemount Road",1
"Rossa Ave",2
"Rossbrook",2
"Rosslee Ct",2
"Rossmore Avenue",1
"Rossmore Drive",1
"Rossmore Road",1
"Ross Road",1
"Ross Street",1
"Rostrevor Road",1
"Rostrevor Terrace",1
"Rothe Abbey",1
"Rowanville",2
"Rowland's Ln",2
"Rowserstown Lane",1
"Royal Canal Bank",1
"Royal Canal Terrace",1
"Royse Road",1
"Royston",1
"Rperry St",2
"Rugby Road",1
"Russell Avenue",1
"Russell Avenue East",1
"Russell Ct",2
"Russell Street",1
"Rutland Avenue",1
"Rutland Grove",1
"Rutland Row",1
"Rutland St",2
"Rutland Street Lower",1
"Rutledge Terrace",1
"Ryder’s Row",1
"Ryecroft",2
"Sackville Avenue",1
"Saint Agnes’ Road",1
"Saint Agnes’ Terrace",1
"Saint Alban’s Road",1
"Saint Alphonsus’ Avenue",1
"Saint Alphonsus’ Road Lower",1
"Saint Alphonsus’ Road Upper",1
"Saint Andrew’s Lane",1
"Saint Andrew’s Street",1
"Saint Anne’s Avenue",1
"Saint Anne’s Drive",1
"Saint Anne’s Road",1
"Saint Anne’s Terrace",1
"Saint Anthony’s Road",1
"Saint Assam’s Avenue",1
"Saint Assam’s Drive",1
"Saint Assam’s Road East",1
"Saint Assam’s Road West",1
"Saint Attracta’s Road",1
"Saint Audeon’s Terrace",1
"Saint Augustine Street",1
"Saint Brendan’s Avenue",1
"Saint Brendan’s Drive",1
"Saint Brendan’s Road",1
"Saint Brendan’s Terrace",1
"Saint Brigid’s Avenue",1
"Saint Brigid’s Close",1
"Saint Brigid’s Crescent",1
"Saint Brigid’s Drive",1
"Saint Brigid’s Green",1
"Saint Brigid’s Grove",1
"Saint Brigid’s Road",1
"Saint Brigid’s Road Lower",1
"Saint Canice’s Road",1
"Saint Catherine’s Avenue",1
"Saint Catherine’s Lane",1
"Saint Clare’s Avenue",1
"Saint Clement’s Road",1
"Saint Columba’s Road Lower",1
"Saint Columba’s Road Upper",1
"Saint David’s",1
"Saint David’s Terrace",1
"Saint David’s Wood",1
"Saint Declan’s Road",1
"Saint Declan’s Terrace",1
"Saint Donagh’s Crescent",1
"Saint Donagh’s Road",1
"Saint Eithne Road",1
"Saint Enda’s Road",1
"Saint Finbar’s Road",1
"Saint Fintan Road",1
"Saint Fintan Terrace",1
"Saint Gabriel’s Road",1
"Saint George’s Avenue",1
"Saint Helena’s Drive",1
"Saint Helena’s Road",1
"Saint Helen’s Terrace",1
"Saint Ignatius’ Avenue",1
"Saint Ignatius’ Road",1
"Saint Ita’s Road",1
"Saint James’ Avenue",1
"Saint James’s Avenue",1
"Saint James’s Walk",1
"Saint James’ Terrace",1
"Saint Jarlath’s Road",1
"Saint John’s",1
"Saint John’s Avenue",1
"Saint John’s Road",1
"Saint John’s Road West",1
"Saint John’s Street",1
"Saint John’s Wood",1
"Saint Joseph’s Avenue",1
"Saint Joseph’s Parade",1
"Saint Joseph’s Road",1
"Saint Joseph’s Terrace",1
"Saint Joseph Street",1
"Saint Kevin’s Avenue",1
"Saint Kevin’s Parade",1
"Saint Kevin’s Road",1
"Saint Laurence Grove",1
"Saint Laurence’s Road",1
"Saint Lawrence Road",1
"Saint Magdalen Terrace",1
"Saint Malachy Road",1
"Saint Margaret’s Avenue",1
"Saint Margaret’s Road",1
"Saint Margaret’s Terrace",1
"Saint Martin’s Drive",1
"Saint Mary’s Avenue North",1
"Saint Mary’s Crescent",1
"Saint Mary’s Drive",1
"Saint Mary’s Lane",1
"Saint Mary’s Road",1
"Saint Mary’s Terrace",1
"Saint Michael’s Close",1
"Saint Michael’s Road",1
"Saint Michael’s Terrace",1
"Saint Michan’s Street",1
"Saint Mobhi Boithirin",1
"Saint Mobhi Drive",1
"Saint Mobhi Grove",1
"Saint Mobhi Road",1
"Saint Pappin Green",1
"Saint Pappin Road",1
"Saint Patrick’s Avenue",1
"Saint Patrick’s Close",1
"Saint Patrick’s Parade",1
"Saint Patrick’s Road",1
"Saint Patrick’s Terrace",1
"Saint Peter’s Avenue",1
"Saint Peter’s Road",1
"Saint Philomena’s Road",1
"Saint Stephen’s Green",1
"Saint Stephen’s Green East",1
"Saint Stephen’s Green North",1
"Saint Stephen’s Green South",1
"Saint Stephen’s Green West",1
"Saint Teresa Road",1
"Saint Teresa’s Road",1
"Saint Thomas Road",1
"Saint Vincent Street",1
"Saint Vincent Street South",1
"Saint Vincent Street West",1
"Sallymount Avenue",1
"Sallymount Terrace",1
"Sampson’s Lane",1
"Sandbrook",2
"Sandford Avenue",1
"Sandford Close",1
"Sandford Road",1
"Sandford Terrace",1
"Sandown",2
"Sandwith Street Lower",1
"Sandwith Street Upper",1
"Sandy Ln",2
"Sandymount Ave",2
"Sandymount Avenue",1
"Sandymount Castle Drive",1
"Sandymount Castle Road",1
"Sandymount Dr",2
"Sandymount Green",1
"Sandymount Road",1
"Santry Avenue",1
"Sarahville Pl",2
"Saul Road",1
"Sawmill Ln",2
"Sawmill St",2
"Scarlett Row",1
"Scart Rd",2
"School Ave",2
"School Avenue",1
"Schoolhouse Lane",1
"School Pl",2
"School Street",1
"S Douglas Rd",2
"Seabury",1
"Seafort Avenue",1
"Seafort Crescent",1
"Seamus Ennis Road",1
"Sean MacDermott Street Lower",1
"Sean MacDermott Street Upper",1
"Sean O’Casey Avenue",1
"Seapoint Terrace",1
"Seaview Avenue East",1
"Seaview Avenue North",1
"Seaview Terrace",1
"Second Avenue",1
"Selskar Terrace",1
"Seminary Ct",2
"Seminary Pl",2
"Seminary Rd",2
"Seminary Walk",2
"Serpentine Avenue",1
"Serpentine Mews",1
"Serpentine Road",1
"Serpentine Terrace",1
"Seven Oaks",3
"Seville Terrace",1
"Shamrock Ave",2
"Shamrock Cl",2
"Shamrock Dr",2
"Shamrock Grove",2
"Shamrock Rd",2
"Shamrock Street",1
"Shamrock Terrace",1
"Shanakiel Ct",2
"Shanakiel Rd",2
"Shanard Avenue",1
"Shanard Road",1
"Shanboley Road",1
"Shandon Crescent",1
"Shandon Ct",2
"Shandon Drive",1
"Shandon Green",1
"Shandon Pl",2
"Shandon Road",1
"Shandon St",2
"Shanganagh Road",1
"Shangan Avenue",1
"Shangan Crescent",1
"Shangan Green",1
"Shangan Road",1
"Shanglas Road",1
"Shanid Road",1
"Shanliss Avenue",1
"Shanliss Drive",1
"Shanliss Grove",1
"Shanliss Road",1
"Shanliss Walk",1
"Shanliss Way",1
"Shannon Terrace",1
"Shanowen Avenue",1
"Shanowen Crescent",1
"Shanowen Drive",1
"Shanowen Grove",1
"Shanowen Road",1
"Shanrath Road",1
"Shantalla Avenue",1
"Shantalla Drive",1
"Shantalla Road",1
"Shanvarna Road",1
"Sharman Crawford St",2
"Shaws Lane",1
"Shaw Street",1
"Sheare's Gate",2
"Shea’s Lane",1
"Shehard Rd",2
"Shelbourne Avenue",1
"Shelbourne Lane",1
"Shelbourne Road",1
"Shelmalier Road",1
"Shelmartin Avenue",1
"Shelmartin Terrace",1
"Sheraton Ct",2
"Sheriff Street Lower",1
"Sheriff Street Upper",1
"Sherrard Avenue",1
"Sherrard Street Lower",1
"Sherrard Street Upper",1
"Ship St",2
"Ship Street Great",1
"Ship Street Little",1
"Shoho Terrace",2
"Shrewsbury",3
"Shrewsbury Downs",2
"Shrewsbury Road",1
"Sibthorpe Lane",1
"Sideny Mews",2
"Sigurd Road",1
"Silloge Avenue",1
"Silloge Road",1
"Silver Birch",2
"Silverdale Ave",2
"Silverdale Dr",2
"Silverdale Grove",2
"Silverdale Rd",2
"Silverdale Walk",2
"Silverheights Ave",2
"Silverheights Dr",2
"Silverheights Rd",2
"Silverlands",2
"Silver Manor",2
"Silversprings Ct",2
"Silverwood",2
"Simpson’s Lane",1
"Sir John Rogerson’s Quay",1
"Sitric Road",1
"Skehard Rd",2
"Skelly’s Lane",1
"Skreen Road",1
"Slademore Avenue",1
"Slademore Close",1
"Slademore Drive",1
"Slade Row",1
"Slane Road",1
"Slaney Close",1
"Slaney Road",1
"Slemish Road",1
"Slievebloom Road",1
"Slievemore Road",1
"Slievenamon Road",1
"Sli Gartan",2
"S Link Rd",2
"S Lodge Grove",2
"S Main St",2
"Smith St",2
"Snowdrop Walk",1
"Sober Ln",2
"Somerset Street",1
"Somerton Dr",2
"Somerton Rd",2
"Somerville Avenue",1
"Somerville Drive",1
"Somerville Green",1
"South Ave",2
"South Bank Road",1
"Southbury Rd",2
"South Circular Road",1
"South Dock Road",1
"South Dock Street",1
"Southern Cross Avenue",1
"Southern Rd",2
"South Great George’s Street",1
"South Link Road",1
"South Lodge",2
"South Lotts Road",1
"South Ridge",2
"South Terrace",2
"Southwinds",2
"Spa Road",1
"Spencer Dock",1
"Spencer Street North",1
"Spencer Street South",1
"Sperrin Road",1
"Spiddal Road",1
"Spire View",1
"Spire View Lane",1
"Sprigg's Rd",2
"Springbrook",2
"Springdale Road",1
"Springfort",2
"Springfort Cres",2
"Spring Ln",2
"Springmount",1
"Spring Rd",2
"Spring Vale",2
"S Ring Rd",2
"Stable Lane",1
"Stable Ln",2
"Stamer Street",1
"Stanford Green",1
"Stanhope Green",1
"Stanhope Street",1
"Stannards Grove",2
"Stannaway Avenue",1
"Stannaway Drive",1
"Stannaway Road",1
"St Anne's Dr",2
"St Anne's Rd",2
"St Anne's Terrace",2
"St Antony's Rd",2
"St Augustine St",2
"St Brendan's Rd",2
"St Brigid's Rd",2
"St Brigid’s Road Upper",1
"St Brigid St",2
"St Christopher's Ave",2
"St Christopher's Dr",2
"St Christopher's Rd",2
"St Christopher's Walk",2
"St Clare's Ave",2
"St Colman's Rd",2
"St Colmcille's Rd",2
"Steeven’s Lane",1
"Stella Avenue",1
"St Enda's Rd",2
"Stephen’s Lane",1
"Stephens Road",1
"Stephen St",2
"Stephen Street Lower",1
"Stephen Street Upper",1
"St Finbarr's Rd",2
"St Finbarr's St",2
"St Francis Ave",2
"St Helen's Ct",2
"Stiles Road",1
"Stillorgan Road",1
"Stirrup Lane",1
"St John's Well",2
"St Joseph's Dr",2
"St Kevin's St",2
"St Luke's Ave",2
"St Mary's Ave",2
"St Mary's Pl",2
"St Mary's Rd",2
"St Michael's Dr",2
"St Michael's Rd",2
"St Nessan St",2
"Stockton Cl",2
"Stoneybatter",1
"Stoney Road",1
"Store Street",1
"Stormanstown Road",1
"St Patrick's Arch",2
"St Patrick's Quay",2
"St Patrick's Rd",2
"St Patrick's St",2
"St Paul's Ave",2
"St Peter and Paul Pl",2
"St Philomena's Rd",2
"Strand Road",1
"Strand Street",1
"Strand Street Great",1
"Strand Street Little",1
"Strand Terrace",1
"Strandville Avenue",1
"Strandville Avenue East",1
"Strangford Road East",1
"Strasburg Terrace",1
"Stratford Haven",1
"Stratton Pines",2
"St Rita's Ave",2
"St Theresa's Rd",2
"St Vincent's Pl",2
"St Vincent's St",2
"Suffolk Street",1
"Suir Road",1
"Sullivan's Lane",2
"Sullivan's Quay",2
"Sullivan Street",1
"Summer Arch",1
"Summerstown Dr",2
"Summerstown Grove",2
"Summerstown Rd",2
"Summer Street North",1
"Summer Street South",1
"Summerville",1
"Sunday School Ln",2
"Sunday's Well Rd",2
"Sundrive Road",1
"Sunmount",2
"Sunnyside",2
"Sunvalley Ct",2
"Sunvalley Dr",2
"Sunview Pl E",2
"Sunview Terrace",2
"Susan Terrace",1
"Susanville Road",1
"Sussex Road",1
"Sussex Terrace",1
"Swan Alley",1
"Swan Grove",1
"Swan’s Nest Avenue",1
"Swan’s Nest Road",1
"Sweeney’s Terrace",1
"Swift’s Alley",1
"Swiftsgrove",1
"Swift’s Grove",1
"Swilly Road",1
"Swords Street",1
"Sycamore Pl",2
"Sycamore Road",1
"Sycamore Street",1
"Sydenham Road",1
"Sydney Parade Avenue",1
"Sydneyville",2
"Sylvan Bank",2
"Synge Lane",1
"Synge Street",1
"Synnott Row",1
"Talbot Street",1
"Tara Ct",2
"Tara Street",1
"Templeacre Ave",2
"Temple Bar",1
"Temple Lane North",1
"Temple Lane South",1
"Templemore Avenue",1
"Templeogue Road",1
"Temple Road",1
"Temple Street",1
"Temple Street West",1
"Temple Vale",2
"Temple View Avenue",1
"Temple View Close",1
"Temple View Copse",1
"Temple View Crescent",1
"Templeview Downs",1
"Temple View Drive",1
"Temple View Green",1
"Temple View Grove",1
"Temple View Rise",1
"Temple View Row",1
"Temple View Vale",1
"Temple View Walk",1
"Temple View Way",1
"Terenure Road East",1
"Terenure Road North",1
"Terenure Road West",1
"Terminal Road South",1
"Thatch Road",1
"The Acre",2
"The Avenue",2
"The Belfry",2
"The Borough",2
"The Cir",2
"The Cl",2
"The Crescent",2
"The Dales",2
"The Downs",2
"The Dr",2
"The Fairways",2
"The Gates",2
"The Green",2
"The Grove",2
"The Heights",2
"The Manor",2
"The Maples",2
"The Marina",2
"The Marlings",2
"The Mews",2
"The Oaks",2
"The Orchard",2
"The Orchards",2
"The Paddocks",2
"The Ridgeway",2
"The Rise",2
"The View",2
"The Willows",2
"Third Avenue",1
"Thirlestane Terrace",1
"Thomas Davis St",2
"Thomas Davis Street South",1
"Thomas Davis Street West",1
"Thomas Moore Road",1
"Thomas St",2
"Thomas Street",1
"Thomas Street West",1
"Thomond Road",1
"Thorncastle Street",1
"Thorndale Avenue",1
"Thorndale Crescent",1
"Thorndale Drive",1
"Thorndale Grove",1
"Thornville Avenue",1
"Thornville Drive",1
"Thornville Road",1
"Tiffany Downs",2
"Tir Connell Grove",1
"Tirol Ave",2
"Tirol Cl",2
"Tivoli Avenue",1
"Tivoli Woods",2
"Tobin St",2
"Togher Rd",2
"Tolka Quay Road",1
"Tolka Road",1
"Tolka Valley Road",1
"Tom Kelly Road",1
"Tonlegee Avenue",1
"Tonlegee Drive",1
"Tonlegee Road",1
"Tonyville",2
"Tonyville Mews",2
"Torlogh Parade",1
"Tory Top Rd",2
"Tourmakeady Road",1
"Tower Avenue",1
"Tower St",2
"Townsend Pl",2
"Townsend Street",1
"Trabeg Ave",2
"Tracton Ave",2
"Tracton Pl",2
"Tramore Rd",2
"Tranquility Grove",1
"Travers St",2
"Trim Road",1
"Trinity Street",1
"Trinity Terrace",1
"Tritonville Avenue",1
"Tritonville Close",1
"Tritonville Crescent",1
"Tritonville Road",1
"Tuckey St",2
"Tudor Road",1
"Turvey Avenue",1
"Tuscany Downs",1
"Tyrconnell Road",1
"Tyrconnell Street",1
"Tyrone PL",2
"Uam Var Ave",2
"Uam Var Dr",2
"Uam Var Grove",2
"Ulster Street",1
"Union Pl",2
"Union Quay",2
"Upper Barrack View",2
"Upper Beaumont Dr",2
"Upper Belmont",2
"Upper Cattle Market St",2
"Upper Convent Rd",2
"Upper Cross Road",1
"Upper Friars Rd",2
"Upper Glen Road",1
"Upper John St",2
"Upper Kensington",2
"Upper Lotabeg Rd",2
"Upper Pouladuff Rd",2
"Usher’s Island",1
"Usher’s Quay",1
"Usher Street",1
"Valebrook",2
"Valentia Parade",1
"Valentia Road",1
"Valeview Crescent",1
"Valeview Drive",1
"Venetian Hall",1
"Ventry Drive",1
"Ventry Road",1
"Vera Terrace",1
"Vernon Avenue",1
"Vernon Drive",1
"Vernon Grove",1
"Vernon Heath",1
"Vernon Rise",1
"Vernon Street",1
"Vernon Wood",1
"Veronica Terrace",1
"Vicars Ct",2
"Vicars Rd",2
"Vicar St",2
"Vicar Street",1
"Victoria Ave",2
"Victoria Avenue",1
"Victoria Cross",2
"Victoria Lane",1
"Victoria Quay",1
"Victoria Rd",2
"Victoria Road",1
"Victoria St",2
"Victoria Street",1
"Victoria Terrace",2
"Viking Road",1
"Villiers Road",1
"Vincent's Ave",2
"Virginia Drive",1
"Wadelai Green",1
"Wadelai Road",1
"Wade’s Avenue",1
"Waggett's Ln",2
"Wainsfort",2
"Walding",2
"Walkinstown Avenue",1
"Walkinstown Close",1
"Walkinstown Crescent",1
"Walkinstown Drive",1
"Walkinstown Green",1
"Walkinstown Parade",1
"Walkinstown Road",1
"Wallace Road",1
"Wallace's Ave",2
"Walnut Avenue",1
"Walnut Rise",1
"Walnut Walk",1
"Walsh Road",1
"Walworth Road",1
"Wandesford Quay",2
"Warner’s Lane",1
"Warren Street",1
"Wasdale Grove",1
"Washington St",2
"Washington Street",1
"Wast Ave",2
"Watercourse Mews",2
"Watercourse Rd",2
"Waterfall Avenue",1
"Waterfall Road",3
"Waterloo Avenue",1
"Waterloo Lane",1
"Waterloo Road",1
"Waterloo Terrace",2
"Watermill Avenue",1
"Watermill Drive",1
"Watermill Road",1
"Waterville",2
"Watling Street",1
"Waverley Avenue",1
"Weavers Close",1
"Weavers Street",1
"Wellington Ave",2
"Wellington Lane",1
"Wellington Quay",1
"Wellington Rd",2
"Wellington Road",1
"Wellington Street Lower",1
"Wellington Street Upper",1
"Wellmount Avenue",1
"Wellmount Crescent",1
"Wellmount Drive",1
"Wellmount Green",1
"Wellmount Road",1
"Well Rd",2
"Welwyn Rd",2
"Werburgh Street",1
"Wesley Road",1
"West Ave",2
"Westbourne Road",1
"Western Rd",2
"Western Road",1
"Western Way",1
"Westgate Rd",2
"Westland Row",1
"Westmoreland Street",1
"West Road",1
"West Terrace",1
"Westview",2
"Westwood Avenue",1
"Westwood Road",1
"Wexford Street",1
"Wheatridge",2
"Whitebank Road",1
"Whitebeam Rd",2
"Whitefriar Street",1
"Whiterock",2
"White St",2
"Whitethorn",2
"Whitethorn Avenue",1
"Whitethorn Close",1
"Whitethorn Crescent",1
"Whitethorn Grove",1
"Whitethorn Rise",1
"Whitethorn Road",1
"Whitton Road",1
"Whitworth Avenue",1
"Whitworth Parade",1
"Whitworth Road",1
"Whitworth Terrace",1
"Wicklow Street",1
"Widderling's Ln",2
"Wigan Road",1
"Wilfrid Road",1
"Wilfrid Terrace",1
"William Street North",1
"William Street South",1
"Willis Pl",2
"Willowbank",2
"Willow Bank",2
"Willow Bank View",2
"Willow Cl",2
"Willow Ct",2
"Willow Dale",2
"Willowmere",2
"Willow Mews",1
"Willows",1
"Wilson Terrace",1
"Wilton Ave",2
"Wilton Cl",2
"Wilton Manor",2
"Wilton Rd",2
"Wilton Terrace",1
"Windele Road",1
"Windmill Avenue",1
"Windmill Crescent",1
"Windmill Lane",1
"Windmill Rd",2
"Windmill Road",1
"Windsor Avenue",1
"Windsor Lane",1
"Windsor Road",1
"Windsor Terrace",1
"Winetavern Street",1
"Winthrop Ln",2
"Winthrop St",2
"Winton Avenue",1
"Winton Mews",1
"Winton Road",1
"Woburn Ave",2
"Woburn Dr",2
"Wolfe Tone St",2
"Wolfe Tone Street",1
"Wolseley Street",1
"Woodbank Avenue",1
"Woodbank Drive",1
"Woodbine Close",1
"Woodbine Drive",1
"Woodbine Road",1
"Woodbrook Ave",2
"Woodford",2
"Woodgrove",2
"Woodhall",2
"Woodhaven",2
"Woodlands",3
"Woodlands Demense",2
"Woodlane",2
"Wood Lane",1
"Woodleigh",1
"Wood Quay",1
"Woods",1
"Woods Alley",2
"Woodside",3
"Woods St",2
"Wood Street",1
"Woodvale Rd",2
"Woodview",2
"Woodview Close",1
"Woodville Road",1
"Wrenbank",2
"Wrixons Ln",2
"Wycherley Pl",2
"Wycherley Terrace",2
"Wyndgates",2
"Wyndwood",2
"Wyteleaf Grove",1
"Xavier Avenue",1
"Yarnhall Street",1
"Yellow Road",1
"Yewland Terrace",1
"York Avenue",1
"Yorkboro",2
"York Road",1
"York Street",1
"Zion Road",1