佐藤,456430,Satō
鈴木,403506,Suzuki
高橋,335288,Takahashi
田中,314770,Tanaka
渡辺,263817,Watanabe
伊藤,255876,Itō
山本,254662,Yamamoto
中村,249509,Nakamura
小林,241651,Kobayashi
斎藤,225404,Saitō
加藤,203101,Katō
吉田,197460,Yoshida
山田,197460,Yamada
佐々木,169617,Sasaki
山口,152065,Yamaguchi
松本,149006,Matsumoto
井上,143552,Inoue
木村,137160,Kimura
林,129673,Hayashi
清水,123953,Shimizu
山崎,114802,Yamazaki
森,110430,Mori
阿部,108369,Abe
池田,108369,Ikeda
橋本,105778,Hashimoto
山下,102647,Yamashita
石川,97704,Ishikawa
中島,95699,Nakashima
前田,93207,Maeda
藤田,91298,Fujita
小川,91298,Ogawa
岡田,89856,Okada
後藤,89818,Gotō
長谷川,87815,Hasegawa
村上,86992,Murakami
近藤,86695,Kondō
石井,86234,Ishii
坂本,78849,Sakamoto
遠藤,78178,Endō
青木,76233,Aoki
藤井,75826,Fujii
西村,75264,Nishimura
福田,74510,Fukuda
太田,74352,Ōta
三浦,72640,Miura
藤原,72569,Fujiwara
岡本,71443,Okamoto
松田,71102,Matsuda
中川,70889,Nakagawa
中野,70082,Nakano